{
  "strategy": "scaffold_similar",
  "set_idx": 92,
  "ground_truth_ooo_idx": 2,
  "molecules": [
    {
      "smiles": "NC1(C#N)C2CN2C1=N",
      "iupac": "NC1(C#N)C2CN2C1=N",
      "properties_raw": {
        "mu": 4.5584001541137695,
        "alpha": 71.02999877929688,
        "homo": -0.2540000081062317,
        "lumo": -0.030300000682473183,
        "gap": 0.22360000014305115,
        "r2": 993.5985717773438,
        "zpve": 0.11294099688529968,
        "u0": -412.9365234375,
        "u298": -412.9283447265625,
        "h298": -412.9273986816406,
        "g298": -412.9691467285156,
        "cv": 30.423999786376953
      },
      "properties_display": {
        "mu": {
          "value": 4.5584,
          "unit": "D"
        },
        "homo": {
          "value": -6.9117,
          "unit": "eV"
        },
        "lumo": {
          "value": -0.82451,
          "unit": "eV"
        },
        "gap": {
          "value": 6.08447,
          "unit": "eV"
        }
      }
    },
    {
      "smiles": "CC1CC1C1NC1C#C",
      "iupac": "CC1CC1C1NC1C#C",
      "properties_raw": {
        "mu": 1.613700032234192,
        "alpha": 86.88999938964844,
        "homo": -0.23970000445842743,
        "lumo": 0.03830000013113022,
        "gap": 0.27799999713897705,
        "r2": 1439.695068359375,
        "zpve": 0.16960300505161285,
        "u0": -365.9368896484375,
        "u298": -365.9274597167969,
        "h298": -365.926513671875,
        "g298": -365.9716491699219,
        "cv": 35.43299865722656
      },
      "properties_display": {
        "mu": {
          "value": 1.6137,
          "unit": "D"
        },
        "homo": {
          "value": -6.52257,
          "unit": "eV"
        },
        "lumo": {
          "value": 1.0422,
          "unit": "eV"
        },
        "gap": {
          "value": 7.56477,
          "unit": "eV"
        }
      }
    },
    {
      "smiles": "C1OC1C1OC2CC2O1",
      "iupac": "C1OC1C1OC2CC2O1",
      "properties_raw": {
        "mu": 2.3355000019073486,
        "alpha": 67.26000213623047,
        "homo": -0.24979999661445618,
        "lumo": 0.08529999852180481,
        "gap": 0.3352000117301941,
        "r2": 1122.670654296875,
        "zpve": 0.13565799593925476,
        "u0": -458.9048767089844,
        "u298": -458.8973388671875,
        "h298": -458.8963928222656,
        "g298": -458.93768310546875,
        "cv": 28.437999725341797
      },
      "properties_display": {
        "mu": {
          "value": 2.3355,
          "unit": "D"
        },
        "homo": {
          "value": -6.79741,
          "unit": "eV"
        },
        "lumo": {
          "value": 2.32113,
          "unit": "eV"
        },
        "gap": {
          "value": 9.12126,
          "unit": "eV"
        }
      }
    },
    {
      "smiles": "CC1OC(C2CN2)C1O",
      "iupac": "CC1OC(C2CN2)C1O",
      "properties_raw": {
        "mu": 1.4531999826431274,
        "alpha": 74.38999938964844,
        "homo": -0.25209999084472656,
        "lumo": 0.06870000064373016,
        "gap": 0.3206999897956848,
        "r2": 1138.77099609375,
        "zpve": 0.1712220013141632,
        "u0": -440.23858642578125,
        "u298": -440.22967529296875,
        "h298": -440.2287292480469,
        "g298": -440.2723083496094,
        "cv": 33.5620002746582
      },
      "properties_display": {
        "mu": {
          "value": 1.4532,
          "unit": "D"
        },
        "homo": {
          "value": -6.85999,
          "unit": "eV"
        },
        "lumo": {
          "value": 1.86942,
          "unit": "eV"
        },
        "gap": {
          "value": 8.7267,
          "unit": "eV"
        }
      }
    }
  ],
  "per_seed": {
    "42": {
      "ooo_pred_idx": 2,
      "correct": true,
      "prop_preds_display": {
        "mu": {
          "values": [
            3.8835349082946777,
            2.1755590438842773,
            2.24159574508667,
            2.9021732807159424
          ],
          "unit": "D"
        },
        "homo": {
          "values": [
            -6.427689634734392,
            -6.392821473222972,
            -6.639759275487066,
            -6.509568505489827
          ],
          "unit": "eV"
        },
        "lumo": {
          "values": [
            -0.5462126168303192,
            0.7748179941691459,
            1.0568599481530487,
            0.24492481490988285
          ],
          "unit": "eV"
        },
        "gap": {
          "values": [
            5.724324467968941,
            7.2111682059884075,
            7.645208533728123,
            6.6199008210957055
          ],
          "unit": "eV"
        }
      },
      "per_mol_mae_display": {
        "mu": {
          "values": [
            0.6748652458190918,
            0.5618590116500854,
            0.09390425682067871,
            1.448973298072815
          ],
          "unit": "D"
        },
        "homo": {
          "values": [
            0.48400584561228754,
            0.12975104417204797,
            0.1576483516186471,
            0.35042495230436277
          ],
          "unit": "eV"
        },
        "lumo": {
          "values": [
            0.27829277190640567,
            0.2673786372624337,
            1.2642722349219024,
            1.6244983361063525
          ],
          "unit": "eV"
        },
        "gap": {
          "values": [
            0.36014437358379325,
            0.353600585210323,
            1.4760530629515642,
            2.106794239634275
          ],
          "unit": "eV"
        }
      },
      "pea_matrix": [
        [
          1.0,
          0.168807715177536,
          0.4107353389263153,
          0.20696516335010529
        ],
        [
          0.08136944472789764,
          1.0,
          0.17842940986156464,
          0.12504780292510986
        ],
        [
          0.21155282855033875,
          0.1814201921224594,
          1.0,
          0.09594080597162247
        ],
        [
          0.128954216837883,
          0.15513166785240173,
          0.12471658736467361,
          1.0
        ]
      ]
    },
    "123": {
      "ooo_pred_idx": 0,
      "correct": false,
      "prop_preds_display": {
        "mu": {
          "values": [
            4.586460113525391,
            2.7079381942749023,
            1.8259477615356445,
            2.828665018081665
          ],
          "unit": "D"
        },
        "homo": {
          "values": [
            -6.3470803264230495,
            -6.491840856158734,
            -6.514774887406826,
            -6.5703643678516155
          ],
          "unit": "eV"
        },
        "lumo": {
          "values": [
            -0.6634709612153471,
            0.3389967411819846,
            1.0257297174595297,
            -0.01272459102254361
          ],
          "unit": "eV"
        },
        "gap": {
          "values": [
            5.569335668462515,
            6.812840252155066,
            7.471827906262875,
            6.50117747220397
          ],
          "unit": "eV"
        }
      },
      "per_mol_mae_display": {
        "mu": {
          "values": [
            0.028059959411621094,
            1.0942381620407104,
            0.5095522403717041,
            1.3754650354385376
          ],
          "unit": "D"
        },
        "homo": {
          "values": [
            0.5646151539236302,
            0.030731661236285568,
            0.2826327396988866,
            0.28962908994257397
          ],
          "unit": "eV"
        },
        "lumo": {
          "values": [
            0.16103442752137775,
            0.7031998902495951,
            1.2954024656154215,
            1.8821477420387789
          ],
          "unit": "eV"
        },
        "gap": {
          "values": [
            0.5151331730902191,
            0.7519285390436643,
            1.6494336904168128,
            2.22551758852601
          ],
          "unit": "eV"
        }
      },