{
  "strategy": "scaffold_similar",
  "set_idx": 13,
  "ground_truth_ooo_idx": 2,
  "molecules": [
    {
      "smiles": "CC(C)n1c(cnn1)N",
      "iupac": "3-propan-2-yltriazol-4-amine",
      "properties_raw": {
        "mu": 5.0721001625061035,
        "alpha": 77.79000091552734,
        "homo": -0.22089999914169312,
        "lumo": 0.01600000075995922,
        "gap": 0.23690000176429749,
        "r2": 1172.2281494140625,
        "zpve": 0.1599390059709549,
        "u0": -415.3930358886719,
        "u298": -415.38372802734375,
        "h298": -415.3827819824219,
        "g298": -415.42767333984375,
        "cv": 33.96500015258789
      },
      "properties_display": {
        "mu": {
          "value": 5.0721,
          "unit": "D"
        },
        "homo": {
          "value": -6.011,
          "unit": "eV"
        },
        "lumo": {
          "value": 0.43538,
          "unit": "eV"
        },
        "gap": {
          "value": 6.44638,
          "unit": "eV"
        }
      }
    },
    {
      "smiles": "c1c(ncc(n1)N)C=O",
      "iupac": "5-aminopyrazine-2-carbaldehyde",
      "properties_raw": {
        "mu": 5.649700164794922,
        "alpha": 79.30000305175781,
        "homo": -0.23980000615119934,
        "lumo": -0.06440000236034393,
        "gap": 0.1754000037908554,
        "r2": 1229.183349609375,
        "zpve": 0.10240799933671951,
        "u0": -432.929931640625,
        "u298": -432.9223327636719,
        "h298": -432.92138671875,
        "g298": -432.9621276855469,
        "cv": 28.166000366210938
      },
      "properties_display": {
        "mu": {
          "value": 5.6497,
          "unit": "D"
        },
        "homo": {
          "value": -6.52529,
          "unit": "eV"
        },
        "lumo": {
          "value": -1.75241,
          "unit": "eV"
        },
        "gap": {
          "value": 4.77288,
          "unit": "eV"
        }
      }
    },
    {
      "smiles": "CC12CCC(CO1)C=C2",
      "iupac": "CC12CCC(CO1)C=C2",
      "properties_raw": {
        "mu": 1.3796000480651855,
        "alpha": 81.83000183105469,
        "homo": -0.23240000009536743,
        "lumo": 0.016899999231100082,
        "gap": 0.2493000030517578,
        "r2": 982.0426025390625,
        "zpve": 0.1849830001592636,
        "u0": -387.1119689941406,
        "u298": -387.10430908203125,
        "h298": -387.1033630371094,
        "g298": -387.1433410644531,
        "cv": 31.760000228881836
      },
      "properties_display": {
        "mu": {
          "value": 1.3796,
          "unit": "D"
        },
        "homo": {
          "value": -6.32393,
          "unit": "eV"
        },
        "lumo": {
          "value": 0.45987,
          "unit": "eV"
        },
        "gap": {
          "value": 6.7838,
          "unit": "eV"
        }
      }
    },
    {
      "smiles": "Cc1c([nH]c(c1N)C)C",
      "iupac": "2,4,5-trimethyl-1H-pyrrol-3-amine",
      "properties_raw": {
        "mu": 1.3796000480651855,
        "alpha": 89.02999877929688,
        "homo": -0.17759999632835388,
        "lumo": 0.05389999970793724,
        "gap": 0.23149999976158142,
        "r2": 1312.606201171875,
        "zpve": 0.18139100074768066,
        "u0": -383.3219299316406,
        "u298": -383.31097412109375,
        "h298": -383.3100280761719,
        "g298": -383.35845947265625,
        "cv": 38.54399871826172
      },
      "properties_display": {
        "mu": {
          "value": 1.3796,
          "unit": "D"
        },
        "homo": {
          "value": -4.83274,
          "unit": "eV"
        },
        "lumo": {
          "value": 1.46669,
          "unit": "eV"
        },
        "gap": {
          "value": 6.29944,
          "unit": "eV"
        }
      }
    }
  ],
  "per_seed": {
    "42": {
      "ooo_pred_idx": 2,
      "correct": true,
      "prop_preds_display": {
        "mu": {
          "values": [
            3.215078592300415,
            3.7316508293151855,
            1.5534229278564453,
            2.835914373397827
          ],
          "unit": "D"
        },
        "homo": {
          "values": [
            -6.328567259508372,
            -6.689610382342339,
            -6.416740418931842,
            -6.521145001107454
          ],
          "unit": "eV"
        },
        "lumo": {
          "values": [
            -0.2229527630776167,
            -0.8605183249227703,
            1.4131178829342128,
            -0.09845766440387815
          ],
          "unit": "eV"
        },
        "gap": {
          "values": [
            5.9219812703073025,
            5.712508738291263,
            7.893736228787899,
            6.297234085345268
          ],
          "unit": "eV"
        }
      },
      "per_mol_mae_display": {
        "mu": {
          "values": [
            1.8570215702056885,
            1.9180493354797363,
            0.17382287979125977,
            1.4563143253326416
          ],
          "unit": "D"
        },
        "homo": {
          "values": [
            0.31756901045441666,
            0.1643165552854544,
            0.09281110908687129,
            1.6884004027187824
          ],
          "unit": "eV"
        },
        "lumo": {
          "values": [
            0.658335159060359,
            0.8918957823999226,
            0.9532452497154476,
            1.5651520194148645
          ],
          "unit": "eV"
        },
        "gap": {
          "values": [
            0.5243993449270725,
            0.939629137766361,
            1.1099341963171963,
            0.002204868054390019
          ],
          "unit": "eV"
        }
      },
      "pea_matrix": [
        [
          1.0,
          0.12785060703754425,
          0.31385013461112976,
          0.0893435925245285
        ],
        [
          0.10527558624744415,
          1.0,
          0.19626447558403015,
          0.1659775823354721
        ],
        [
          0.13102281093597412,
          0.08886584639549255,
          1.0,
          0.2005426585674286
        ],
        [
          0.05685441568493843,
          0.1308625191450119,
          0.2776797115802765,
          1.0
        ]
      ]
    },
    "123": {
      "ooo_pred_idx": 2,
      "correct": true,
      "prop_preds_display": {
        "mu": {
          "values": [
            3.5090079307556152,
            4.006243705749512,
            0.8820687532424927,
            2.389117956161499
          ],
          "unit": "D"
        },
        "homo": {
          "values": [
            -6.2188642511248595,
            -6.6129727649092676,
            -6.416998710620404,
            -6.487548429447413
          ],
          "unit": "eV"
        },
        "lumo": {
          "values": [
            -0.132679919295758,
            -0.9555989623486996,
            1.8771618111371995,
            0.3046594816116616
          ],
          "unit": "eV"
        },
        "gap": {
          "values": [
            6.05387587338984,
            5.702084620976448,
            8.29924525923729,
            6.904978614753485
          ],
          "unit": "eV"
        }
      },
      "per_mol_mae_display": {
        "mu": {
          "values": [
            1.5630922317504883,
            1.6434564590454102,
            0.49753129482269287,
            1.0095179080963135
          ],
          "unit": "D"
        },
        "homo": {
          "values": [
            0.20786600207090444,
            0.08767893785238279,
            0.09306940077543313,
            1.6548038310587412
          ],
          "unit": "eV"
        },
        "lumo": {
          "values": [
            0.5680623152785003,
            0.7968151449739933,
            1.4172891779184342,
            1.1620348733993247
          ],
          "unit": "eV"
        },
        "gap": {
          "values": [
            0.3925047418445349,
            0.9292050204515458,
            1.5154432267665872,
            0.6055396613538271
          ],
          "unit": "eV"
        }
      },