{
  "strategy": "random",
  "set_idx": 53,
  "ground_truth_ooo_idx": 2,
  "molecules": [
    {
      "smiles": "CC#CC12CN1CC2C",
      "iupac": "CC#CC12CN1CC2C",
      "properties_raw": {
        "mu": 1.6856000423431396,
        "alpha": 91.0,
        "homo": -0.22139999270439148,
        "lumo": 0.027799999341368675,
        "gap": 0.2492000013589859,
        "r2": 1486.074951171875,
        "zpve": 0.1696539968252182,
        "u0": -365.95025634765625,
        "u298": -365.94061279296875,
        "h298": -365.9396667480469,
        "g298": -365.98638916015625,
        "cv": 34.928001403808594
      },
      "properties_display": {
        "mu": {
          "value": 1.6856,
          "unit": "D"
        },
        "homo": {
          "value": -6.0246,
          "unit": "eV"
        },
        "lumo": {
          "value": 0.75648,
          "unit": "eV"
        },
        "gap": {
          "value": 6.78108,
          "unit": "eV"
        }
      }
    },
    {
      "smiles": "CC1CC2CC(C2)C1",
      "iupac": "3-methylbicyclo[3.1.1]heptane",
      "properties_raw": {
        "mu": 0.12120000272989273,
        "alpha": 80.83999633789062,
        "homo": -0.27219998836517334,
        "lumo": 0.07970000058412552,
        "gap": 0.35190001130104065,
        "r2": 950.9722900390625,
        "zpve": 0.20385000109672546,
        "u0": -313.0782775878906,
        "u298": -313.07110595703125,
        "h298": -313.0701599121094,
        "g298": -313.10919189453125,
        "cv": 29.84600067138672
      },
      "properties_display": {
        "mu": {
          "value": 0.1212,
          "unit": "D"
        },
        "homo": {
          "value": -7.40694,
          "unit": "eV"
        },
        "lumo": {
          "value": 2.16875,
          "unit": "eV"
        },
        "gap": {
          "value": 9.57569,
          "unit": "eV"
        }
      }
    },
    {
      "smiles": "OC1C2CC1C(N2)C#N",
      "iupac": "OC1C2CC1C(N2)C#N",
      "properties_raw": {
        "mu": 5.435999870300293,
        "alpha": 72.0,
        "homo": -0.2409999966621399,
        "lumo": 0.025499999523162842,
        "gap": 0.26660001277923584,
        "r2": 1120.7640380859375,
        "zpve": 0.13818100094795227,
        "u0": -417.982421875,
        "u298": -417.9748840332031,
        "h298": -417.97393798828125,
        "g298": -418.0143127441406,
        "cv": 29.60700035095215
      },
      "properties_display": {
        "mu": {
          "value": 5.436,
          "unit": "D"
        },
        "homo": {
          "value": -6.55795,
          "unit": "eV"
        },
        "lumo": {
          "value": 0.69389,
          "unit": "eV"
        },
        "gap": {
          "value": 7.25456,
          "unit": "eV"
        }
      }
    },
    {
      "smiles": "CC(C)C1C(C)N1C",
      "iupac": "1,2-dimethyl-3-propan-2-ylaziridine",
      "properties_raw": {
        "mu": 1.332900047302246,
        "alpha": 82.01000213623047,
        "homo": -0.2102999985218048,
        "lumo": 0.07479999959468842,
        "gap": 0.2851000130176544,
        "r2": 1128.5780029296875,
        "zpve": 0.20976999402046204,
        "u0": -330.3043212890625,
        "u298": -330.294189453125,
        "h298": -330.2932434082031,
        "g298": -330.3387145996094,
        "cv": 37.154998779296875
      },
      "properties_display": {
        "mu": {
          "value": 1.3329,
          "unit": "D"
        },
        "homo": {
          "value": -5.72256,
          "unit": "eV"
        },
        "lumo": {
          "value": 2.03541,
          "unit": "eV"
        },
        "gap": {
          "value": 7.75797,
          "unit": "eV"
        }
      }
    }
  ],
  "per_seed": {
    "42": {
      "ooo_pred_idx": 1,
      "correct": false,
      "prop_preds_display": {
        "mu": {
          "values": [
            2.1096913814544678,
            0.7661446332931519,
            3.0918643474578857,
            2.50398588180542
          ],
          "unit": "D"
        },
        "homo": {
          "values": [
            -6.129579261544347,
            -6.3906521474242215,
            -6.500212020853162,
            -6.150526028168201
          ],
          "unit": "eV"
        },
        "lumo": {
          "values": [
            1.4005739085584878,
            1.408852319369465,
            -0.09062505511306226,
            0.4839165237601847
          ],
          "unit": "eV"
        },
        "gap": {
          "values": [
            7.637899324971438,
            7.81520339102149,
            6.369272326603532,
            6.570777958938479
          ],
          "unit": "eV"
        }
      },
      "per_mol_mae_display": {
        "mu": {
          "values": [
            0.4240913391113281,
            0.6449446305632591,
            2.3441355228424072,
            1.1710858345031738
          ],
          "unit": "D"
        },
        "homo": {
          "values": [
            0.1049758946925401,
            1.0162902201294894,
            0.057735137960314376,
            0.4279689602971075
          ],
          "unit": "eV"
        },
        "lumo": {
          "values": [
            0.6440970294386148,
            0.7598962978027761,
            0.7845157459165901,
            1.5514960262123494
          ],
          "unit": "eV"
        },
        "gap": {
          "values": [
            0.8568186021626003,
            1.760487832123041,
            0.885287190303206,
            1.1871923741608859
          ],
          "unit": "eV"
        }
      }
    },
    "123": {
      "ooo_pred_idx": 1,
      "correct": false,
      "prop_preds_display": {
        "mu": {
          "values": [
            2.008624792098999,
            1.047056794166565,
            3.3793091773986816,
            2.949798107147217
          ],
          "unit": "D"
        },
        "homo": {
          "values": [
            -6.180416499304772,
            -6.451690893179179,
            -6.404066285008192,
            -6.258199601855875
          ],
          "unit": "eV"
        },
        "lumo": {
          "values": [
            1.5800372647412122,
            1.261250378318876,
            -0.2716321298904717,
            0.3041982717961073
          ],
          "unit": "eV"
        },
        "gap": {
          "values": [
            7.705641490185261,
            7.663760932344198,
            6.038965914708376,
            6.5622863662511115
          ],
          "unit": "eV"
        }
      },
      "per_mol_mae_display": {
        "mu": {
          "values": [
            0.3230247497558594,
            0.9258567914366722,
            2.0566906929016113,
            1.6168980598449707
          ],
          "unit": "D"
        },
        "homo": {
          "values": [
            0.15581313245296524,
            0.9552514743745322,
            0.15388087380528415,
            0.535642533984781
          ],
          "unit": "eV"
        },
        "lumo": {
          "values": [
            0.8235603856213392,
            0.9074982388533652,
            0.9655228206939995,
            1.7312142781764268
          ],
          "unit": "eV"
        },
        "gap": {
          "values": [
            0.9245607673764233,
            1.911930290800333,
            1.2155936021983624,
            1.1956839668482537
          ],
          "unit": "eV"
        }
      }
    },
    "456": {
      "ooo_pred_idx": 1,
      "correct": false,
      "prop_preds_display": {
        "mu": {
          "values": [
            2.0320448875427246,
            0.7237343788146973,
            3.3383522033691406,
            2.8026108741760254
          ],
          "unit": "D"
        },
        "homo": {
          "values": [
            -6.195266852211953,
            -6.383970218482614,
            -6.375504982089996,
            -6.312300154387951
          ],
          "unit": "eV"
        },