{
  "strategy": "random",
  "set_idx": 81,
  "ground_truth_ooo_idx": 0,
  "molecules": [
    {
      "smiles": "N=C1C2OCC3CN1C23",
      "iupac": "N=C1C2OCC3CN1C23",
      "properties_raw": {
        "mu": 3.414599895477295,
        "alpha": 71.7699966430664,
        "homo": -0.23770000040531158,
        "lumo": -0.00559999980032444,
        "gap": 0.2320999950170517,
        "r2": 882.4682006835938,
        "zpve": 0.13919100165367126,
        "u0": -417.96417236328125,
        "u298": -417.9576110839844,
        "h298": -417.9566650390625,
        "g298": -417.9952697753906,
        "cv": 26.32200050354004
      },
      "properties_display": {
        "mu": {
          "value": 3.4146,
          "unit": "D"
        },
        "homo": {
          "value": -6.46815,
          "unit": "eV"
        },
        "lumo": {
          "value": -0.15238,
          "unit": "eV"
        },
        "gap": {
          "value": 6.31577,
          "unit": "eV"
        }
      }
    },
    {
      "smiles": "CC#CC1(N)COC1=N",
      "iupac": "CC#CC1(N)COC1=N",
      "properties_raw": {
        "mu": 2.809799909591675,
        "alpha": 79.06999969482422,
        "homo": -0.24719999730587006,
        "lumo": 0.012400000356137753,
        "gap": 0.2596000134944916,
        "r2": 1360.4818115234375,
        "zpve": 0.13476000726222992,
        "u0": -417.9693298339844,
        "u298": -417.95953369140625,
        "h298": -417.9585876464844,
        "g298": -418.00592041015625,
        "cv": 33.9640007019043
      },
      "properties_display": {
        "mu": {
          "value": 2.8098,
          "unit": "D"
        },
        "homo": {
          "value": -6.72666,
          "unit": "eV"
        },
        "lumo": {
          "value": 0.33742,
          "unit": "eV"
        },
        "gap": {
          "value": 7.06408,
          "unit": "eV"
        }
      }
    },
    {
      "smiles": "N#CC1NCCC2NC12",
      "iupac": "N#CC1NCCC2NC12",
      "properties_raw": {
        "mu": 5.851099967956543,
        "alpha": 74.97000122070312,
        "homo": -0.23999999463558197,
        "lumo": 0.02590000070631504,
        "gap": 0.26579999923706055,
        "r2": 1061.1634521484375,
        "zpve": 0.15133099257946014,
        "u0": -398.1136169433594,
        "u298": -398.10595703125,
        "h298": -398.1050109863281,
        "g298": -398.1458740234375,
        "cv": 29.83300018310547
      },
      "properties_display": {
        "mu": {
          "value": 5.8511,
          "unit": "D"
        },
        "homo": {
          "value": -6.53074,
          "unit": "eV"
        },
        "lumo": {
          "value": 0.70478,
          "unit": "eV"
        },
        "gap": {
          "value": 7.23279,
          "unit": "eV"
        }
      }
    },
    {
      "smiles": "CCCN=C1CN=CN1",
      "iupac": "CCCN=C1CN=CN1",
      "properties_raw": {
        "mu": 3.008500099182129,
        "alpha": 84.95999908447266,
        "homo": -0.22529999911785126,
        "lumo": -0.004900000058114529,
        "gap": 0.22050000727176666,
        "r2": 1788.429931640625,
        "zpve": 0.17121300101280212,
        "u0": -399.35589599609375,
        "u298": -399.3464050292969,
        "h298": -399.345458984375,
        "g298": -399.3913269042969,
        "cv": 33.84400177001953
      },
      "properties_display": {
        "mu": {
          "value": 3.0085,
          "unit": "D"
        },
        "homo": {
          "value": -6.13073,
          "unit": "eV"
        },
        "lumo": {
          "value": -0.13334,
          "unit": "eV"
        },
        "gap": {
          "value": 6.00011,
          "unit": "eV"
        }
      }
    }
  ],
  "per_seed": {
    "42": {
      "ooo_pred_idx": 0,
      "correct": true,
      "prop_preds_display": {
        "mu": {
          "values": [
            2.78395676612854,
            2.916436195373535,
            2.787544012069702,
            3.524491548538208
          ],
          "unit": "D"
        },
        "homo": {
          "values": [
            -6.258455866137147,
            -6.461815765178204,
            -6.200954946100712,
            -6.295780839800835
          ],
          "unit": "eV"
        },
        "lumo": {
          "values": [
            0.3479787383498624,
            0.36414746353160593,
            0.39268605948816987,
            -0.19579832876212896
          ],
          "unit": "eV"
        },
        "gap": {
          "values": [
            6.424109638944269,
            6.805434538811445,
            6.497188345623017,
            6.012955901122093
          ],
          "unit": "eV"
        }
      },
      "per_mol_mae_display": {
        "mu": {
          "values": [
            0.6306431293487549,
            0.10663628578186035,
            3.063555955886841,
            0.5159914493560791
          ],
          "unit": "D"
        },
        "homo": {
          "values": [
            0.20969379588067483,
            0.26484210225343663,
            0.329780546605587,
            0.16505259501934066
          ],
          "unit": "eV"
        },
        "lumo": {
          "values": [
            0.5003625724734739,
            0.02672610589992258,
            0.31208921431172637,
            0.06246247017867865
          ],
          "unit": "eV"
        },
        "gap": {
          "values": [
            0.10834425808489367,
            0.25864522269368173,
            0.735601647663116,
            0.012842413878440873
          ],
          "unit": "eV"
        }
      }
    },
    "123": {
      "ooo_pred_idx": 0,
      "correct": true,
      "prop_preds_display": {
        "mu": {
          "values": [
            2.714658498764038,
            3.1893045902252197,
            3.0407261848449707,
            3.284696578979492
          ],
          "unit": "D"
        },
        "homo": {
          "values": [
            -6.30279080324173,
            -6.68914975540638,
            -6.244994692704082,
            -6.129742265090346
          ],
          "unit": "eV"
        },
        "lumo": {
          "values": [
            0.7730368661809713,
            -0.04256825439333916,
            0.16028631338104607,
            -0.35197199577316646
          ],
          "unit": "eV"
        },
        "gap": {
          "values": [
            7.036701699179411,
            6.641733159223199,
            6.410961091715098,
            5.7453494925141335
          ],
          "unit": "eV"
        }
      },
      "per_mol_mae_display": {
        "mu": {
          "values": [
            0.6999413967132568,
            0.3795046806335449,
            2.8103737831115723,
            0.2761964797973633
          ],
          "unit": "D"
        },
        "homo": {
          "values": [
            0.16535885877609235,
            0.03750811202526094,
            0.285740800002217,
            0.0009859796911477758
          ],
          "unit": "eV"
        },
        "lumo": {
          "values": [
            0.9254207003045828,
            0.3799896120250225,
            0.5444889604188502,
            0.21863613718971614
          ],
          "unit": "eV"
        },
        "gap": {
          "values": [
            0.7209363183200361,
            0.42234660228192755,
            0.8218289015710347,
            0.25476399472951883
          ],
          "unit": "eV"
        }
      }
    },
    "456": {
      "ooo_pred_idx": 1,
      "correct": false,
      "prop_preds_display": {
        "mu": {
          "values": [
            2.872058629989624,
            3.0417251586914062,
            3.048570156097412,
            3.4197399616241455
          ],
          "unit": "D"
        },
        "homo": {
          "values": [
            -6.305080962514878,
            -6.585162819132209,
            -6.240558320075274,
            -6.292284373190999
          ],
          "unit": "eV"
        },