{
  "strategy": "scaffold_similar",
  "set_idx": 74,
  "ground_truth_ooo_idx": 0,
  "molecules": [
    {
      "smiles": "CC1(CCO)NC1C=O",
      "iupac": "CC1(CCO)NC1C=O",
      "properties_raw": {
        "mu": 4.871500015258789,
        "alpha": 77.75,
        "homo": -0.23899999260902405,
        "lumo": -0.020500000566244125,
        "gap": 0.2184000015258789,
        "r2": 1481.92724609375,
        "zpve": 0.1685429960489273,
        "u0": -440.26678466796875,
        "u298": -440.2566833496094,
        "h298": -440.2557373046875,
        "g298": -440.30224609375,
        "cv": 36.45399856567383
      },
      "properties_display": {
        "mu": {
          "value": 4.8715,
          "unit": "D"
        },
        "homo": {
          "value": -6.50352,
          "unit": "eV"
        },
        "lumo": {
          "value": -0.55783,
          "unit": "eV"
        },
        "gap": {
          "value": 5.94297,
          "unit": "eV"
        }
      }
    },
    {
      "smiles": "Cc1c(c(=O)cc[nH]1)F",
      "iupac": "3-fluoro-2-methyl-1H-pyridin-4-one",
      "properties_raw": {
        "mu": 7.251699924468994,
        "alpha": 72.70999908447266,
        "homo": -0.2159000039100647,
        "lumo": -0.017899999395012856,
        "gap": 0.1979999989271164,
        "r2": 1082.7772216796875,
        "zpve": 0.11280199885368347,
        "u0": -461.9705810546875,
        "u298": -461.96258544921875,
        "h298": -461.9616394042969,
        "g298": -462.0032043457031,
        "cv": 29.749000549316406
      },
      "properties_display": {
        "mu": {
          "value": 7.2517,
          "unit": "D"
        },
        "homo": {
          "value": -5.87494,
          "unit": "eV"
        },
        "lumo": {
          "value": -0.48708,
          "unit": "eV"
        },
        "gap": {
          "value": 5.38786,
          "unit": "eV"
        }
      }
    },
    {
      "smiles": "CN=C1ON=NC(F)=N1",
      "iupac": "CN=C1ON=NC(F)=N1",
      "properties_raw": {
        "mu": 1.0599000453948975,
        "alpha": 63.209999084472656,
        "homo": -0.27489998936653137,
        "lumo": -0.12449999898672104,
        "gap": 0.15039999783039093,
        "r2": 1137.7862548828125,
        "zpve": 0.0745910033583641,
        "u0": -510.02813720703125,
        "u298": -510.0202331542969,
        "h298": -510.019287109375,
        "g298": -510.0622863769531,
        "cv": 27.058000564575195
      },
      "properties_display": {
        "mu": {
          "value": 1.0599,
          "unit": "D"
        },
        "homo": {
          "value": -7.48041,
          "unit": "eV"
        },
        "lumo": {
          "value": -3.38782,
          "unit": "eV"
        },
        "gap": {
          "value": 4.09259,
          "unit": "eV"
        }
      }
    },
    {
      "smiles": "CCN=c1cncn[nH]1",
      "iupac": "CCN=c1cncn[nH]1",
      "properties_raw": {
        "mu": 1.8592000007629395,
        "alpha": 81.54000091552734,
        "homo": -0.22169999778270721,
        "lumo": -0.07039999961853027,
        "gap": 0.15139999985694885,
        "r2": 1280.404052734375,
        "zpve": 0.13783499598503113,
        "u0": -414.1866149902344,
        "u298": -414.1784362792969,
        "h298": -414.177490234375,
        "g298": -414.2198181152344,
        "cv": 30.104999542236328
      },
      "properties_display": {
        "mu": {
          "value": 1.8592,
          "unit": "D"
        },
        "homo": {
          "value": -6.03277,
          "unit": "eV"
        },
        "lumo": {
          "value": -1.91568,
          "unit": "eV"
        },
        "gap": {
          "value": 4.11981,
          "unit": "eV"
        }
      }
    }
  ],
  "per_seed": {
    "42": {
      "ooo_pred_idx": 1,
      "correct": false,
      "prop_preds_display": {
        "mu": {
          "values": [
            2.743227958679199,
            3.214400053024292,
            3.955639362335205,
            3.1638808250427246
          ],
          "unit": "D"
        },
        "homo": {
          "values": [
            -6.649511104544997,
            -6.720882734286786,
            -6.542410070675611,
            -6.246082193973661
          ],
          "unit": "eV"
        },
        "lumo": {
          "values": [
            0.12281027253177018,
            -0.5096231358457357,
            -1.0395154787994922,
            -0.26706220180653034
          ],
          "unit": "eV"
        },
        "gap": {
          "values": [
            6.638072878104449,
            6.183275954544545,
            5.367404686078429,
            6.105540293323994
          ],
          "unit": "eV"
        }
      },
      "per_mol_mae_display": {
        "mu": {
          "values": [
            2.12827205657959,
            4.037299871444702,
            2.8957393169403076,
            1.3046808242797852
          ],
          "unit": "D"
        },
        "homo": {
          "values": [
            0.14598680110871776,
            0.8459413852572446,
            0.938003366214037,
            0.21331489813625826
          ],
          "unit": "eV"
        },
        "lumo": {
          "values": [
            0.6806439441015943,
            0.022539104740694205,
            2.3483035729430615,
            1.6486202332291753
          ],
          "unit": "eV"
        },
        "gap": {
          "values": [
            0.6951030790627009,
            0.795418994247914,
            1.2748105393499136,
            1.9857344804883006
          ],
          "unit": "eV"
        }
      },
      "pea_matrix": [
        [
          1.0,
          0.13328143954277039,
          0.10419761389493942,
          0.10771969705820084
        ],
        [
          0.1367417871952057,
          1.0,
          0.10551988333463669,
          0.1502034068107605
        ],
        [
          0.19302009046077728,
          0.18260332942008972,
          1.0,
          0.09004370123147964
        ],
        [
          0.17452824115753174,
          0.21240857243537903,
          0.07166832685470581,
          1.0
        ]
      ]
    },
    "123": {
      "ooo_pred_idx": 3,
      "correct": false,
      "prop_preds_display": {
        "mu": {
          "values": [
            2.6664719581604004,
            3.146927833557129,
            3.780179977416992,
            3.2063701152801514
          ],
          "unit": "D"
        },
        "homo": {
          "values": [
            -6.53235534696877,
            -6.663634834679962,
            -6.578114740434289,
            -6.275863185116649
          ],
          "unit": "eV"
        },
        "lumo": {
          "values": [
            0.17840924377692863,
            -0.27718874641656877,
            -1.0200496318295598,
            -0.3866622522950173
          ],
          "unit": "eV"
        },
        "gap": {
          "values": [
            6.567507750982046,
            6.324443918564916,
            5.4032476250141865,
            5.879316511327029
          ],
          "unit": "eV"
        }
      },
      "per_mol_mae_display": {
        "mu": {
          "values": [
            2.2050280570983887,
            4.104772090911865,
            2.7202799320220947,
            1.347170114517212
          ],
          "unit": "D"
        },
        "homo": {
          "values": [
            0.028831043532490774,
            0.7886934856504206,
            0.9022986964553592,
            0.24309588927924697
          ],
          "unit": "eV"
        },
        "lumo": {
          "values": [
            0.7362429153467529,
            0.20989528468847274,
            2.367769419912994,
            1.5290201827406884
          ],
          "unit": "eV"
        },
        "gap": {
          "values": [
            0.6245379519402983,
            0.9365869582682853,
            1.310653478285671,
            1.7595106984913356
          ],
          "unit": "eV"
        }
      },