{
  "strategy": "random",
  "set_idx": 55,
  "ground_truth_ooo_idx": 1,
  "molecules": [
    {
      "smiles": "CC1=CC2NC2(C)C1O",
      "iupac": "CC1=CC2NC2(C)C1O",
      "properties_raw": {
        "mu": 2.2639999389648438,
        "alpha": 80.63999938964844,
        "homo": -0.22750000655651093,
        "lumo": 0.010300000198185444,
        "gap": 0.2378000020980835,
        "r2": 1126.641845703125,
        "zpve": 0.170864999294281,
        "u0": -403.14154052734375,
        "u298": -403.1327209472656,
        "h298": -403.13177490234375,
        "g298": -403.1744689941406,
        "cv": 34.39500045776367
      },
      "properties_display": {
        "mu": {
          "value": 2.264,
          "unit": "D"
        },
        "homo": {
          "value": -6.19059,
          "unit": "eV"
        },
        "lumo": {
          "value": 0.28028,
          "unit": "eV"
        },
        "gap": {
          "value": 6.47087,
          "unit": "eV"
        }
      }
    },
    {
      "smiles": "CC1OC1(C)CCC#N",
      "iupac": "CC1OC1(C)CCC#N",
      "properties_raw": {
        "mu": 4.649899959564209,
        "alpha": 80.63999938964844,
        "homo": -0.27410000562667847,
        "lumo": 0.03669999912381172,
        "gap": 0.3107999861240387,
        "r2": 1660.301513671875,
        "zpve": 0.1684730052947998,
        "u0": -403.1600646972656,
        "u298": -403.1498107910156,
        "h298": -403.14886474609375,
        "g298": -403.1959533691406,
        "cv": 36.3849983215332
      },
      "properties_display": {
        "mu": {
          "value": 4.6499,
          "unit": "D"
        },
        "homo": {
          "value": -7.45864,
          "unit": "eV"
        },
        "lumo": {
          "value": 0.99866,
          "unit": "eV"
        },
        "gap": {
          "value": 8.4573,
          "unit": "eV"
        }
      }
    },
    {
      "smiles": "CC1(O)C2NC3C2OC13",
      "iupac": "CC1(O)C2NC3C2OC13",
      "properties_raw": {
        "mu": 2.495699882507324,
        "alpha": 69.7300033569336,
        "homo": -0.2280000001192093,
        "lumo": 0.052799999713897705,
        "gap": 0.2808000147342682,
        "r2": 896.1887817382812,
        "zpve": 0.14901599287986755,
        "u0": -439.0206298828125,
        "u298": -439.013671875,
        "h298": -439.0127258300781,
        "g298": -439.05145263671875,
        "cv": 29.410999298095703
      },
      "properties_display": {
        "mu": {
          "value": 2.4957,
          "unit": "D"
        },
        "homo": {
          "value": -6.2042,
          "unit": "eV"
        },
        "lumo": {
          "value": 1.43676,
          "unit": "eV"
        },
        "gap": {
          "value": 7.64096,
          "unit": "eV"
        }
      }
    },
    {
      "smiles": "OCC1C2C3NC2C13O",
      "iupac": "OCC1C2C3NC2C13O",
      "properties_raw": {
        "mu": 1.1461000442504883,
        "alpha": 71.83000183105469,
        "homo": -0.2304999977350235,
        "lumo": 0.07370000332593918,
        "gap": 0.3041999936103821,
        "r2": 1142.265869140625,
        "zpve": 0.14746999740600586,
        "u0": -438.9759521484375,
        "u298": -438.9678649902344,
        "h298": -438.9669189453125,
        "g298": -439.0086364746094,
        "cv": 31.378000259399414
      },
      "properties_display": {
        "mu": {
          "value": 1.1461,
          "unit": "D"
        },
        "homo": {
          "value": -6.27223,
          "unit": "eV"
        },
        "lumo": {
          "value": 2.00548,
          "unit": "eV"
        },
        "gap": {
          "value": 8.27771,
          "unit": "eV"
        }
      }
    }
  ],
  "per_seed": {
    "42": {
      "ooo_pred_idx": 1,
      "correct": true,
      "prop_preds_display": {
        "mu": {
          "values": [
            2.9763576984405518,
            2.2683072090148926,
            2.7166476249694824,
            3.1108686923980713
          ],
          "unit": "D"
        },
        "homo": {
          "values": [
            -6.345670872876048,
            -6.639139294338227,
            -6.385595388165116,
            -6.5583438700377945
          ],
          "unit": "eV"
        },
        "lumo": {
          "values": [
            0.5685885028518737,
            0.9116188215196133,
            0.45859364918917417,
            0.2661970564313233
          ],
          "unit": "eV"
        },
        "gap": {
          "values": [
            6.984324848324061,
            7.529690921241046,
            6.751335608205199,
            6.699477368134261
          ],
          "unit": "eV"
        }
      },
      "per_mol_mae_display": {
        "mu": {
          "values": [
            0.712357759475708,
            2.3815927505493164,
            0.2209477424621582,
            1.964768648147583
          ],
          "unit": "D"
        },
        "homo": {
          "values": [
            0.15507763023078436,
            0.8195055726051326,
            0.18139655088484297,
            0.28611658274531404
          ],
          "unit": "eV"
        },
        "lumo": {
          "values": [
            0.2883111016429961,
            0.08703947792649269,
            0.9781682068899273,
            1.7392832330279053
          ],
          "unit": "eV"
        },
        "gap": {
          "values": [
            0.5134538766443733,
            0.9276111722648137,
            0.889625561991334,
            1.57822973178029
          ],
          "unit": "eV"
        }
      }
    },
    "123": {
      "ooo_pred_idx": 1,
      "correct": true,
      "prop_preds_display": {
        "mu": {
          "values": [
            3.130255699157715,
            2.40600323677063,
            2.9868154525756836,
            2.9629790782928467
          ],
          "unit": "D"
        },
        "homo": {
          "values": [
            -6.355483929634095,
            -6.733016766908765,
            -6.443249580192566,
            -6.4849119890093805
          ],
          "unit": "eV"
        },
        "lumo": {
          "values": [
            0.43632511438354854,
            0.7964288380503655,
            0.4331832413084805,
            0.39561312876101584
          ],
          "unit": "eV"
        },
        "gap": {
          "values": [
            6.688628306251765,
            7.536261342781782,
            6.9072201162517075,
            6.889327841448784
          ],
          "unit": "eV"
        }
      },
      "per_mol_mae_display": {
        "mu": {
          "values": [
            0.8662557601928711,
            2.243896722793579,
            0.4911155700683594,
            1.8168790340423584
          ],
          "unit": "D"
        },
        "homo": {
          "values": [
            0.16489068698883091,
            0.7256281000345943,
            0.23905074291229234,
            0.21268470171690002
          ],
          "unit": "eV"
        },
        "lumo": {
          "values": [
            0.15604771317467098,
            0.2022294613957405,
            1.0035786147706212,
            1.6098671606982127
          ],
          "unit": "eV"
        },
        "gap": {
          "values": [
            0.21775733457207735,
            0.9210407507240772,
            0.7337410539448257,
            1.3883792584657666
          ],
          "unit": "eV"
        }
      }
    },
    "456": {
      "ooo_pred_idx": 1,
      "correct": true,
      "prop_preds_display": {
        "mu": {
          "values": [
            2.829169273376465,
            2.266446590423584,
            2.884566307067871,
            3.228463649749756
          ],
          "unit": "D"
        },
        "homo": {
          "values": [
            -6.288170763802529,
            -6.69995908010602,
            -6.437455655643344,
            -6.565175827118755
          ],
          "unit": "eV"
        },