{
  "strategy": "scaffold_similar",
  "set_idx": 14,
  "ground_truth_ooo_idx": 3,
  "molecules": [
    {
      "smiles": "O=CCOC1COC1=O",
      "iupac": "O=CCOC1COC1=O",
      "properties_raw": {
        "mu": 3.7915000915527344,
        "alpha": 62.58000183105469,
        "homo": -0.26649999618530273,
        "lumo": -0.03849999979138374,
        "gap": 0.2281000018119812,
        "r2": 1494.80908203125,
        "zpve": 0.10983999818563461,
        "u0": -494.9065856933594,
        "u298": -494.897705078125,
        "h298": -494.8967590332031,
        "g298": -494.94219970703125,
        "cv": 29.548999786376953
      },
      "properties_display": {
        "mu": {
          "value": 3.7915,
          "unit": "D"
        },
        "homo": {
          "value": -7.25184,
          "unit": "eV"
        },
        "lumo": {
          "value": -1.04764,
          "unit": "eV"
        },
        "gap": {
          "value": 6.20692,
          "unit": "eV"
        }
      }
    },
    {
      "smiles": "CC(=O)C1C2CC3C2N13",
      "iupac": "CC(=O)C1C2CC3C2N13",
      "properties_raw": {
        "mu": 3.559299945831299,
        "alpha": 74.69000244140625,
        "homo": -0.23800000548362732,
        "lumo": -0.017400000244379044,
        "gap": 0.22059999406337738,
        "r2": 1045.1224365234375,
        "zpve": 0.14730100333690643,
        "u0": -401.8938293457031,
        "u298": -401.88592529296875,
        "h298": -401.885009765625,
        "g298": -401.9269104003906,
        "cv": 29.815000534057617
      },
      "properties_display": {
        "mu": {
          "value": 3.5593,
          "unit": "D"
        },
        "homo": {
          "value": -6.47631,
          "unit": "eV"
        },
        "lumo": {
          "value": -0.47348,
          "unit": "eV"
        },
        "gap": {
          "value": 6.00283,
          "unit": "eV"
        }
      }
    },
    {
      "smiles": "O=C1CC2(NCC12)C#N",
      "iupac": "O=C1CC2(NCC12)C#N",
      "properties_raw": {
        "mu": 1.864400029182434,
        "alpha": 70.88999938964844,
        "homo": -0.2597000002861023,
        "lumo": -0.04520000144839287,
        "gap": 0.21449999511241913,
        "r2": 1060.3861083984375,
        "zpve": 0.11281900107860565,
        "u0": -416.7939453125,
        "u298": -416.78631591796875,
        "h298": -416.7853698730469,
        "g298": -416.8263854980469,
        "cv": 28.711999893188477
      },
      "properties_display": {
        "mu": {
          "value": 1.8644,
          "unit": "D"
        },
        "homo": {
          "value": -7.0668,
          "unit": "eV"
        },
        "lumo": {
          "value": -1.22996,
          "unit": "eV"
        },
        "gap": {
          "value": 5.83685,
          "unit": "eV"
        }
      }
    },
    {
      "smiles": "CC(C)Oc1conn1",
      "iupac": "4-propan-2-yloxyoxadiazole",
      "properties_raw": {
        "mu": 3.0510001182556152,
        "alpha": 71.5199966430664,
        "homo": -0.23839999735355377,
        "lumo": -0.038600001484155655,
        "gap": 0.19990000128746033,
        "r2": 1337.7923583984375,
        "zpve": 0.1341640055179596,
        "u0": -455.11944580078125,
        "u298": -455.1107177734375,
        "h298": -455.10980224609375,
        "g298": -455.15374755859375,
        "cv": 31.45199966430664
      },
      "properties_display": {
        "mu": {
          "value": 3.051,
          "unit": "D"
        },
        "homo": {
          "value": -6.4872,
          "unit": "eV"
        },
        "lumo": {
          "value": -1.05036,
          "unit": "eV"
        },
        "gap": {
          "value": 5.43956,
          "unit": "eV"
        }
      }
    }
  ],
  "per_seed": {
    "42": {
      "ooo_pred_idx": 1,
      "correct": false,
      "prop_preds_display": {
        "mu": {
          "values": [
            3.178354024887085,
            2.3376283645629883,
            3.279510021209717,
            3.1575984954833984
          ],
          "unit": "D"
        },
        "homo": {
          "values": [
            -6.809533145385981,
            -6.277351707547903,
            -6.441367740747332,
            -6.504137486845255
          ],
          "unit": "eV"
        },
        "lumo": {
          "values": [
            -0.4343927924968302,
            0.8661446842595936,
            -0.20682402850463988,
            -0.31863695965334776
          ],
          "unit": "eV"
        },
        "gap": {
          "values": [
            6.450460256955028,
            7.193805489969254,
            6.423272725215554,
            6.285832757717372
          ],
          "unit": "eV"
        }
      },
      "per_mol_mae_display": {
        "mu": {
          "values": [
            0.6131460666656494,
            1.2216715812683105,
            1.4151099920272827,
            0.1065983772277832
          ],
          "unit": "D"
        },
        "homo": {
          "values": [
            0.4423045850217342,
            0.19896140661835648,
            0.6254323767453434,
            0.016940087705850537
          ],
          "unit": "eV"
        },
        "lumo": {
          "values": [
            0.6132461006306111,
            1.3396230313226583,
            1.023131287085265,
            0.7317231239266693
          ],
          "unit": "eV"
        },
        "gap": {
          "values": [
            0.2435401100128889,
            1.1909711699008945,
            0.5864278041034936,
            0.8462742517054087
          ],
          "unit": "eV"
        }
      },
      "pea_matrix": [
        [
          1.0,
          0.24798618257045746,
          0.1601458489894867,
          0.09013732522726059
        ],
        [
          0.1833677887916565,
          1.0,
          0.1509770154953003,
          0.13069146871566772
        ],
        [
          0.16615693271160126,
          0.21005794405937195,
          1.0,
          0.12479522824287415
        ],
        [
          0.11863547563552856,
          0.25641846656799316,
          0.17902225255966187,
          1.0
        ]
      ]
    },
    "123": {
      "ooo_pred_idx": 1,
      "correct": false,
      "prop_preds_display": {
        "mu": {
          "values": [
            2.7975804805755615,
            2.4463348388671875,
            3.066721200942993,
            3.1076905727386475
          ],
          "unit": "D"
        },
        "homo": {
          "values": [
            -6.927971846294404,
            -6.4284036875814206,
            -6.462934083038569,
            -6.550575250789524
          ],
          "unit": "eV"
        },
        "lumo": {
          "values": [
            -0.0287778046740219,
            0.5393618555467576,
            0.013939920321665704,
            -0.32952393405213953
          ],
          "unit": "eV"
        },
        "gap": {
          "values": [
            6.847448094570637,
            7.022930737912655,
            6.395382899591327,
            6.034881905466318
          ],
          "unit": "eV"
        }
      },
      "per_mol_mae_display": {
        "mu": {
          "values": [
            0.9939196109771729,
            1.1129651069641113,
            1.202321171760559,
            0.05669045448303223
          ],
          "unit": "D"
        },
        "homo": {
          "values": [
            0.3238658841133111,
            0.04790942658483921,
            0.6038660344541071,
            0.06337785165011933
          ],
          "unit": "eV"
        },
        "lumo": {
          "values": [
            1.0188610884534195,
            1.0128402026098222,
            1.2438952359115705,
            0.7208361495278776
          ],
          "unit": "eV"
        },
        "gap": {
          "values": [
            0.640527947628498,
            1.0200964178442957,
            0.5585379784792668,
            0.5953233994543554
          ],
          "unit": "eV"
        }
      },