{
  "strategy": "random",
  "set_idx": 24,
  "ground_truth_ooo_idx": 1,
  "molecules": [
    {
      "smiles": "C(=O)Nc1c(non1)N",
      "iupac": "N-(4-amino-1,2,5-oxadiazol-3-yl)forma…",
      "properties_raw": {
        "mu": 3.394200086593628,
        "alpha": 63.220001220703125,
        "homo": -0.23839999735355377,
        "lumo": -0.04450000077486038,
        "gap": 0.19380000233650208,
        "r2": 1069.0225830078125,
        "zpve": 0.09065700322389603,
        "u0": -486.04888916015625,
        "u298": -486.0414733886719,
        "h298": -486.04052734375,
        "g298": -486.0811462402344,
        "cv": 27.479000091552734
      },
      "properties_display": {
        "mu": {
          "value": 3.3942,
          "unit": "D"
        },
        "homo": {
          "value": -6.4872,
          "unit": "eV"
        },
        "lumo": {
          "value": -1.21091,
          "unit": "eV"
        },
        "gap": {
          "value": 5.27357,
          "unit": "eV"
        }
      }
    },
    {
      "smiles": "C#CC(=O)COCC=O",
      "iupac": "C#CC(=O)COCC=O",
      "properties_raw": {
        "mu": 4.422500133514404,
        "alpha": 70.8499984741211,
        "homo": -0.26179999113082886,
        "lumo": -0.06750000268220901,
        "gap": 0.19429999589920044,
        "r2": 1883.8360595703125,
        "zpve": 0.10688699781894684,
        "u0": -457.7233581542969,
        "u298": -457.71331787109375,
        "h298": -457.7123718261719,
        "g298": -457.76043701171875,
        "cv": 32.90700149536133
      },
      "properties_display": {
        "mu": {
          "value": 4.4225,
          "unit": "D"
        },
        "homo": {
          "value": -7.12394,
          "unit": "eV"
        },
        "lumo": {
          "value": -1.83677,
          "unit": "eV"
        },
        "gap": {
          "value": 5.28717,
          "unit": "eV"
        }
      }
    },
    {
      "smiles": "C1Cn2c1c(nn2)C#N",
      "iupac": "C1Cn2c1c(nn2)C#N",
      "properties_raw": {
        "mu": 7.444699764251709,
        "alpha": 72.66999816894531,
        "homo": -0.272599995136261,
        "lumo": -0.028200000524520874,
        "gap": 0.24449999630451202,
        "r2": 1084.2010498046875,
        "zpve": 0.09171199798583984,
        "u0": -411.76239013671875,
        "u298": -411.75555419921875,
        "h298": -411.7546081542969,
        "g298": -411.7940673828125,
        "cv": 24.898000717163086
      },
      "properties_display": {
        "mu": {
          "value": 7.4447,
          "unit": "D"
        },
        "homo": {
          "value": -7.41783,
          "unit": "eV"
        },
        "lumo": {
          "value": -0.76736,
          "unit": "eV"
        },
        "gap": {
          "value": 6.65319,
          "unit": "eV"
        }
      }
    },
    {
      "smiles": "CCNc1ccoc1O",
      "iupac": "CCNc1ccoc1O",
      "properties_raw": {
        "mu": 0.7361999750137329,
        "alpha": 76.13999938964844,
        "homo": -0.18029999732971191,
        "lumo": 0.030899999663233757,
        "gap": 0.21119999885559082,
        "r2": 1434.3582763671875,
        "zpve": 0.14723500609397888,
        "u0": -439.0986022949219,
        "u298": -439.0893859863281,
        "h298": -439.08843994140625,
        "g298": -439.1335144042969,
        "cv": 33.387001037597656
      },
      "properties_display": {
        "mu": {
          "value": 0.7362,
          "unit": "D"
        },
        "homo": {
          "value": -4.90622,
          "unit": "eV"
        },
        "lumo": {
          "value": 0.84083,
          "unit": "eV"
        },
        "gap": {
          "value": 5.74705,
          "unit": "eV"
        }
      }
    }
  ],
  "per_seed": {
    "42": {
      "ooo_pred_idx": 2,
      "correct": false,
      "prop_preds_display": {
        "mu": {
          "values": [
            3.462578058242798,
            2.860645294189453,
            3.0143136978149414,
            3.242492437362671
          ],
          "unit": "D"
        },
        "homo": {
          "values": [
            -6.418356668022275,
            -7.117560378587246,
            -6.083770399340987,
            -6.608162538376451
          ],
          "unit": "eV"
        },
        "lumo": {
          "values": [
            -0.9868756732188165,
            -0.4038509660836309,
            0.10098437142241747,
            -0.10764303586538881
          ],
          "unit": "eV"
        },
        "gap": {
          "values": [
            5.262310379943252,
            6.66894583081305,
            6.338540481442213,
            6.355542318964004
          ],
          "unit": "eV"
        }
      },
      "per_mol_mae_display": {
        "mu": {
          "values": [
            0.06837797164916992,
            1.5618548393249512,
            4.430386066436768,
            2.506292462348938
          ],
          "unit": "D"
        },
        "homo": {
          "values": [
            0.0688407311171293,
            0.006383427107333972,
            1.3340567300230264,
            1.701947347489
          ],
          "unit": "eV"
        },
        "lumo": {
          "values": [
            0.22403154762163757,
            1.432918495548144,
            0.8683458335386589,
            0.9484752692943439
          ],
          "unit": "eV"
        },
        "gap": {
          "values": [
            0.011258727112411826,
            1.3817711291223764,
            0.31464631665348985,
            0.6084948946475981
          ],
          "unit": "eV"
        }
      }
    },
    "123": {
      "ooo_pred_idx": 2,
      "correct": false,
      "prop_preds_display": {
        "mu": {
          "values": [
            3.110600233078003,
            2.928020477294922,
            2.801208019256592,
            3.386652946472168
          ],
          "unit": "D"
        },
        "homo": {
          "values": [
            -6.303628527933359,
            -7.038823178166151,
            -5.9555008004903796,
            -6.598025096452236
          ],
          "unit": "eV"
        },
        "lumo": {
          "values": [
            -0.5583906441904605,
            0.05340522785987705,
            0.12596437340704725,
            -0.3749487039446831
          ],
          "unit": "eV"
        },
        "gap": {
          "values": [
            5.679683392363787,
            7.172230632567406,
            6.214948111206294,
            6.237569921731949
          ],
          "unit": "eV"
        }
      },
      "per_mol_mae_display": {
        "mu": {
          "values": [
            0.283599853515625,
            1.4944796562194824,
            4.643491744995117,
            2.650452971458435
          ],
          "unit": "D"
        },
        "homo": {
          "values": [
            0.18356887120604526,
            0.08512062752842908,
            1.4623263288736341,
            1.691809905564785
          ],
          "unit": "eV"
        },
        "lumo": {
          "values": [
            0.6525165766499936,
            1.890174689491652,
            0.8933258355232887,
            1.2157809373736381
          ],
          "unit": "eV"
        },
        "gap": {
          "values": [
            0.40611428530812255,
            1.8850559308767325,
            0.4382386868894095,
            0.4905224974155429
          ],
          "unit": "eV"
        }
      }
    },
    "456": {
      "ooo_pred_idx": 0,
      "correct": false,
      "prop_preds_display": {
        "mu": {
          "values": [
            3.1372904777526855,
            2.9685144424438477,
            3.145622491836548,
            3.5335299968719482
          ],
          "unit": "D"
        },
        "homo": {
          "values": [
            -6.451291899424792,
            -7.103019002550841,
            -6.165444907441736,
            -6.629873232066632
          ],
          "unit": "eV"
        },