{
  "strategy": "random",
  "set_idx": 80,
  "ground_truth_ooo_idx": 2,
  "molecules": [
    {
      "smiles": "N=COC12CC(C1)C2",
      "iupac": "N=COC12CC(C1)C2",
      "properties_raw": {
        "mu": 3.4804999828338623,
        "alpha": 71.31999969482422,
        "homo": -0.25929999351501465,
        "lumo": 0.020899999886751175,
        "gap": 0.2802000045776367,
        "r2": 1010.4874267578125,
        "zpve": 0.14295999705791473,
        "u0": -363.8105163574219,
        "u298": -363.8033142089844,
        "h298": -363.8023681640625,
        "g298": -363.8429870605469,
        "cv": 26.974000930786133
      },
      "properties_display": {
        "mu": {
          "value": 3.4805,
          "unit": "D"
        },
        "homo": {
          "value": -7.05592,
          "unit": "eV"
        },
        "lumo": {
          "value": 0.56872,
          "unit": "eV"
        },
        "gap": {
          "value": 7.62463,
          "unit": "eV"
        }
      }
    },
    {
      "smiles": "CC12CC1C(C)(C)CO2",
      "iupac": "CC12CC1C(C)(C)CO2",
      "properties_raw": {
        "mu": 1.2661000490188599,
        "alpha": 84.80999755859375,
        "homo": -0.22370000183582306,
        "lumo": 0.08349999785423279,
        "gap": 0.30720001459121704,
        "r2": 1172.25341796875,
        "zpve": 0.204802006483078,
        "u0": -388.296142578125,
        "u298": -388.28680419921875,
        "h298": -388.2858581542969,
        "g298": -388.3292541503906,
        "cv": 37.125
      },
      "properties_display": {
        "mu": {
          "value": 1.2661,
          "unit": "D"
        },
        "homo": {
          "value": -6.08719,
          "unit": "eV"
        },
        "lumo": {
          "value": 2.27215,
          "unit": "eV"
        },
        "gap": {
          "value": 8.35934,
          "unit": "eV"
        }
      }
    },
    {
      "smiles": "CCCC(N)(CC)C#N",
      "iupac": "2-amino-2-ethylpentanenitrile",
      "properties_raw": {
        "mu": 4.219900131225586,
        "alpha": 86.37999725341797,
        "homo": -0.2581999897956848,
        "lumo": 0.032600000500679016,
        "gap": 0.29089999198913574,
        "r2": 1545.316650390625,
        "zpve": 0.20408999919891357,
        "u0": -384.4920349121094,
        "u298": -384.4807434082031,
        "h298": -384.47979736328125,
        "g298": -384.5283203125,
        "cv": 40.7869987487793
      },
      "properties_display": {
        "mu": {
          "value": 4.2199,
          "unit": "D"
        },
        "homo": {
          "value": -7.02598,
          "unit": "eV"
        },
        "lumo": {
          "value": 0.88709,
          "unit": "eV"
        },
        "gap": {
          "value": 7.9158,
          "unit": "eV"
        }
      }
    },
    {
      "smiles": "N=C1OCCCCCO1",
      "iupac": "N=C1OCCCCCO1",
      "properties_raw": {
        "mu": 3.4179000854492188,
        "alpha": 75.7699966430664,
        "homo": -0.24889999628067017,
        "lumo": 0.0414000004529953,
        "gap": 0.29030001163482666,
        "r2": 1090.074951171875,
        "zpve": 0.1736070066690445,
        "u0": -440.3009033203125,
        "u298": -440.2928161621094,
        "h298": -440.2918701171875,
        "g298": -440.33349609375,
        "cv": 31.617000579833984
      },
      "properties_display": {
        "mu": {
          "value": 3.4179,
          "unit": "D"
        },
        "homo": {
          "value": -6.77292,
          "unit": "eV"
        },
        "lumo": {
          "value": 1.12655,
          "unit": "eV"
        },
        "gap": {
          "value": 7.89947,
          "unit": "eV"
        }
      }
    }
  ],
  "per_seed": {
    "42": {
      "ooo_pred_idx": 3,
      "correct": false,
      "prop_preds_display": {
        "mu": {
          "values": [
            2.210763454437256,
            1.641398549079895,
            2.626566171646118,
            2.3661375045776367
          ],
          "unit": "D"
        },
        "homo": {
          "values": [
            -6.556330249118806,
            -6.5375941674023865,
            -6.7198747073829175,
            -6.58145631312728
          ],
          "unit": "eV"
        },
        "lumo": {
          "values": [
            0.8816974324218929,
            1.6727896276369691,
            -0.2076496901229024,
            0.31675575377289206
          ],
          "unit": "eV"
        },
        "gap": {
          "values": [
            7.554130910623074,
            8.254000827223063,
            6.585062665212154,
            7.073606999534369
          ],
          "unit": "eV"
        }
      },
      "per_mol_mae_display": {
        "mu": {
          "values": [
            1.2697365283966064,
            0.37529850006103516,
            1.5933339595794678,
            1.051762580871582
          ],
          "unit": "D"
        },
        "homo": {
          "values": [
            0.4995855834007257,
            0.4504040161877869,
            0.3061081493675708,
            0.19146095753312053
          ],
          "unit": "eV"
        },
        "lumo": {
          "values": [
            0.3129791778557003,
            0.5993620809659361,
            1.0947413267806172,
            0.8097962319677696
          ],
          "unit": "eV"
        },
        "gap": {
          "values": [
            0.07050335527658458,
            0.10534174785017925,
            1.330733137857914,
            0.8258623760759827
          ],
          "unit": "eV"
        }
      }
    },
    "123": {
      "ooo_pred_idx": 3,
      "correct": false,
      "prop_preds_display": {
        "mu": {
          "values": [
            2.0944864749908447,
            1.5931174755096436,
            2.5753555297851562,
            3.068345308303833
          ],
          "unit": "D"
        },
        "homo": {
          "values": [
            -6.589125589418411,
            -6.5286687095552685,
            -6.6551935216933495,
            -6.5394557327747345
          ],
          "unit": "eV"
        },
        "lumo": {
          "values": [
            0.8843896265603602,
            1.5155736198537053,
            0.2109471667073667,
            -0.09234824993796648
          ],
          "unit": "eV"
        },
        "gap": {
          "values": [
            7.459733205342293,
            8.117606596404315,
            6.776962847295404,
            6.4712245569229125
          ],
          "unit": "eV"
        }
      },
      "per_mol_mae_display": {
        "mu": {
          "values": [
            1.3860135078430176,
            0.3270174264907837,
            1.6445446014404297,
            0.34955477714538574
          ],
          "unit": "D"
        },
        "homo": {
          "values": [
            0.46679024310112016,
            0.44147855834066885,
            0.37078933505713874,
            0.23346153788566593
          ],
          "unit": "eV"
        },
        "lumo": {
          "values": [
            0.3156713719941676,
            0.7565780887492,
            0.6761444699503482,
            1.218900235678628
          ],
          "unit": "eV"
        },
        "gap": {
          "values": [
            0.16490106055736486,
            0.2417359786689275,
            1.1388329557746646,
            1.428244818687439
          ],
          "unit": "eV"
        }
      }
    },
    "456": {
      "ooo_pred_idx": 3,
      "correct": false,
      "prop_preds_display": {
        "mu": {
          "values": [
            2.4377946853637695,
            1.729390263557434,
            2.7230725288391113,
            2.6162073612213135
          ],
          "unit": "D"
        },
        "homo": {
          "values": [
            -6.7073749304860835,
            -6.553285083371401,
            -6.599064750909806,
            -6.600810754066706
          ],
          "unit": "eV"
        },