{
  "strategy": "random",
  "set_idx": 40,
  "ground_truth_ooo_idx": 2,
  "molecules": [
    {
      "smiles": "C1C2OC11C=CCC21",
      "iupac": "C1C2OC11C=CCC21",
      "properties_raw": {
        "mu": 2.299099922180176,
        "alpha": 69.23999786376953,
        "homo": -0.23019999265670776,
        "lumo": -0.0010000000474974513,
        "gap": 0.22920000553131104,
        "r2": 736.8422241210938,
        "zpve": 0.1320749968290329,
        "u0": -346.5050048828125,
        "u298": -346.4992980957031,
        "h298": -346.49835205078125,
        "g298": -346.53436279296875,
        "cv": 24.316999435424805
      },
      "properties_display": {
        "mu": {
          "value": 2.2991,
          "unit": "D"
        },
        "homo": {
          "value": -6.26406,
          "unit": "eV"
        },
        "lumo": {
          "value": -0.02721,
          "unit": "eV"
        },
        "gap": {
          "value": 6.23685,
          "unit": "eV"
        }
      }
    },
    {
      "smiles": "C#CC1(OCCO1)C#C",
      "iupac": "C#CC1(OCCO1)C#C",
      "properties_raw": {
        "mu": 1.3260999917984009,
        "alpha": 73.30000305175781,
        "homo": -0.2621000111103058,
        "lumo": 0.004900000058114529,
        "gap": 0.2669999897480011,
        "r2": 1053.5103759765625,
        "zpve": 0.10961999744176865,
        "u0": -420.5361633300781,
        "u298": -420.52752685546875,
        "h298": -420.5265808105469,
        "g298": -420.5699768066406,
        "cv": 31.731000900268555
      },
      "properties_display": {
        "mu": {
          "value": 1.3261,
          "unit": "D"
        },
        "homo": {
          "value": -7.13211,
          "unit": "eV"
        },
        "lumo": {
          "value": 0.13334,
          "unit": "eV"
        },
        "gap": {
          "value": 7.26544,
          "unit": "eV"
        }
      }
    },
    {
      "smiles": "OC1C2CC(O)C12O",
      "iupac": "OC1C2CC(O)C12O",
      "properties_raw": {
        "mu": 2.5801000595092773,
        "alpha": 59.939998626708984,
        "homo": -0.2386000007390976,
        "lumo": 0.06129999831318855,
        "gap": 0.29989999532699585,
        "r2": 813.8897705078125,
        "zpve": 0.12982000410556793,
        "u0": -420.833740234375,
        "u298": -420.8260803222656,
        "h298": -420.82513427734375,
        "g298": -420.8651123046875,
        "cv": 29.832000732421875
      },
      "properties_display": {
        "mu": {
          "value": 2.5801,
          "unit": "D"
        },
        "homo": {
          "value": -6.49264,
          "unit": "eV"
        },
        "lumo": {
          "value": 1.66806,
          "unit": "eV"
        },
        "gap": {
          "value": 8.1607,
          "unit": "eV"
        }
      }
    },
    {
      "smiles": "CC12C3C4OC1(C)C4N23",
      "iupac": "CC12C3C4OC1(C)C4N23",
      "properties_raw": {
        "mu": 0.6230999827384949,
        "alpha": 73.45999908447266,
        "homo": -0.23929999768733978,
        "lumo": 0.06830000132322311,
        "gap": 0.3075999915599823,
        "r2": 913.9542236328125,
        "zpve": 0.14713099598884583,
        "u0": -401.8670654296875,
        "u298": -401.8595886230469,
        "h298": -401.858642578125,
        "g298": -401.89849853515625,
        "cv": 29.89900016784668
      },
      "properties_display": {
        "mu": {
          "value": 0.6231,
          "unit": "D"
        },
        "homo": {
          "value": -6.51169,
          "unit": "eV"
        },
        "lumo": {
          "value": 1.85854,
          "unit": "eV"
        },
        "gap": {
          "value": 8.37023,
          "unit": "eV"
        }
      }
    }
  ],
  "per_seed": {
    "42": {
      "ooo_pred_idx": 1,
      "correct": false,
      "prop_preds_display": {
        "mu": {
          "values": [
            1.4302159547805786,
            2.2242918014526367,
            2.675302267074585,
            2.131391763687134
          ],
          "unit": "D"
        },
        "homo": {
          "values": [
            -6.508497628960014,
            -6.71567027014792,
            -6.785849784404039,
            -6.245302453130484
          ],
          "unit": "eV"
        },
        "lumo": {
          "values": [
            1.6154470481097698,
            0.863112696659565,
            0.05419279956370592,
            1.2999147586077453
          ],
          "unit": "eV"
        },
        "gap": {
          "values": [
            8.179870707124472,
            7.591488728284836,
            6.818429408568144,
            7.657421635234356
          ],
          "unit": "eV"
        }
      },
      "per_mol_mae_display": {
        "mu": {
          "values": [
            0.8688839673995972,
            0.8981918096542358,
            0.09520220756530762,
            1.508291780948639
          ],
          "unit": "D"
        },
        "homo": {
          "values": [
            0.24443379381597108,
            0.4164379413694137,
            0.29320976594090453,
            0.26638530245423286
          ],
          "unit": "eV"
        },
        "lumo": {
          "values": [
            1.6426584478586912,
            0.7297768380761147,
            1.613865953449905,
            0.5586238690167664
          ],
          "unit": "eV"
        },
        "gap": {
          "values": [
            1.9430180612504486,
            0.3260454032421114,
            1.3422694821178913,
            0.7128042711377143
          ],
          "unit": "eV"
        }
      }
    },
    "123": {
      "ooo_pred_idx": 1,
      "correct": false,
      "prop_preds_display": {
        "mu": {
          "values": [
            1.3256399631500244,
            2.095984697341919,
            2.8704724311828613,
            2.168464183807373
          ],
          "unit": "D"
        },
        "homo": {
          "values": [
            -6.4435796420991425,
            -6.686504799857736,
            -6.763108762329817,
            -6.104161250886321
          ],
          "unit": "eV"
        },
        "lumo": {
          "values": [
            1.7978386900097132,
            1.11699396340549,
            -0.08656831449903549,
            1.3922212946407497
          ],
          "unit": "eV"
        },
        "gap": {
          "values": [
            8.134597891408205,
            7.723672439646721,
            6.796805893391371,
            7.61179118487239
          ],
          "unit": "eV"
        }
      },
      "per_mol_mae_display": {
        "mu": {
          "values": [
            0.9734599590301514,
            0.7698847055435181,
            0.290372371673584,
            1.5453642010688782
          ],
          "unit": "D"
        },
        "homo": {
          "values": [
            0.1795158069550995,
            0.44560341165959816,
            0.2704687438666822,
            0.4075265046983958
          ],
          "unit": "eV"
        },
        "lumo": {
          "values": [
            1.8250500897586346,
            0.9836581048220396,
            1.7546270675126463,
            0.466317332983762
          ],
          "unit": "eV"
        },
        "gap": {
          "values": [
            1.897745245534182,
            0.45822911460399673,
            1.3638929972946645,
            0.7584347214996807
          ],
          "unit": "eV"
        }
      }
    },
    "456": {
      "ooo_pred_idx": 1,
      "correct": false,
      "prop_preds_display": {
        "mu": {
          "values": [
            1.0858639478683472,
            2.140338182449341,
            3.036574125289917,
            2.314615488052368
          ],
          "unit": "D"
        },
        "homo": {
          "values": [
            -6.502659506931901,
            -6.744266849952936,
            -6.823061628741026,
            -6.258229607483745
          ],
          "unit": "eV"
        },