{
  "strategy": "random",
  "set_idx": 51,
  "ground_truth_ooo_idx": 1,
  "molecules": [
    {
      "smiles": "O=CC1OC2CC12",
      "iupac": "O=CC1OC2CC12",
      "properties_raw": {
        "mu": 2.9333999156951904,
        "alpha": 53.79999923706055,
        "homo": -0.25130000710487366,
        "lumo": -0.03849999979138374,
        "gap": 0.21279999613761902,
        "r2": 693.1506958007812,
        "zpve": 0.10074900090694427,
        "u0": -344.40643310546875,
        "u298": -344.4002685546875,
        "h298": -344.3993225097656,
        "g298": -344.4369201660156,
        "cv": 22.27199935913086
      },
      "properties_display": {
        "mu": {
          "value": 2.9334,
          "unit": "D"
        },
        "homo": {
          "value": -6.83823,
          "unit": "eV"
        },
        "lumo": {
          "value": -1.04764,
          "unit": "eV"
        },
        "gap": {
          "value": 5.79059,
          "unit": "eV"
        }
      }
    },
    {
      "smiles": "CC12CCCC1C2C#N",
      "iupac": "CC12CCCC1C2C#N",
      "properties_raw": {
        "mu": 4.307300090789795,
        "alpha": 83.04000091552734,
        "homo": -0.27619999647140503,
        "lumo": 0.03240000084042549,
        "gap": 0.30869999527931213,
        "r2": 1097.5814208984375,
        "zpve": 0.17259900271892548,
        "u0": -366.04351806640625,
        "u298": -366.0350646972656,
        "h298": -366.03411865234375,
        "g298": -366.0762634277344,
        "cv": 32.650001525878906
      },
      "properties_display": {
        "mu": {
          "value": 4.3073,
          "unit": "D"
        },
        "homo": {
          "value": -7.51579,
          "unit": "eV"
        },
        "lumo": {
          "value": 0.88165,
          "unit": "eV"
        },
        "gap": {
          "value": 8.40016,
          "unit": "eV"
        }
      }
    },
    {
      "smiles": "CC1C(C#N)C1C(N)=O",
      "iupac": "CC1C(C#N)C1C(N)=O",
      "properties_raw": {
        "mu": 2.148900032043457,
        "alpha": 73.62999725341797,
        "homo": -0.25519999861717224,
        "lumo": -0.0024999999441206455,
        "gap": 0.2526000142097473,
        "r2": 1133.5018310546875,
        "zpve": 0.1357090026140213,
        "u0": -418.0478515625,
        "u298": -418.03863525390625,
        "h298": -418.0376892089844,
        "g298": -418.0821533203125,
        "cv": 33.57500076293945
      },
      "properties_display": {
        "mu": {
          "value": 2.1489,
          "unit": "D"
        },
        "homo": {
          "value": -6.94435,
          "unit": "eV"
        },
        "lumo": {
          "value": -0.06803,
          "unit": "eV"
        },
        "gap": {
          "value": 6.8736,
          "unit": "eV"
        }
      }
    },
    {
      "smiles": "OC12CC=CC1CC2=O",
      "iupac": "OC12CC=CC1CC2=O",
      "properties_raw": {
        "mu": 2.1528000831604004,
        "alpha": 73.44999694824219,
        "homo": -0.24500000476837158,
        "lumo": -0.02879999950528145,
        "gap": 0.21619999408721924,
        "r2": 997.2766723632812,
        "zpve": 0.13538700342178345,
        "u0": -421.84100341796875,
        "u298": -421.8330078125,
        "h298": -421.8320617675781,
        "g298": -421.8736572265625,
        "cv": 30.534000396728516
      },
      "properties_display": {
        "mu": {
          "value": 2.1528,
          "unit": "D"
        },
        "homo": {
          "value": -6.66679,
          "unit": "eV"
        },
        "lumo": {
          "value": -0.78369,
          "unit": "eV"
        },
        "gap": {
          "value": 5.8831,
          "unit": "eV"
        }
      }
    }
  ],
  "per_seed": {
    "42": {
      "ooo_pred_idx": 0,
      "correct": false,
      "prop_preds_display": {
        "mu": {
          "values": [
            2.3165524005889893,
            1.4050308465957642,
            3.5818605422973633,
            2.418116569519043
          ],
          "unit": "D"
        },
        "homo": {
          "values": [
            -6.7077889270544055,
            -6.471014923009276,
            -6.630599854838849,
            -6.693302696496248
          ],
          "unit": "eV"
        },
        "lumo": {
          "values": [
            0.6162066233195365,
            1.4376932017527522,
            -0.46831896989680827,
            0.43546240189708774
          ],
          "unit": "eV"
        },
        "gap": {
          "values": [
            7.230134195691347,
            7.965423728585243,
            5.812126611858607,
            7.154985506170989
          ],
          "unit": "eV"
        }
      },
      "per_mol_mae_display": {
        "mu": {
          "values": [
            0.6168475151062012,
            2.9022692441940308,
            1.4329605102539062,
            0.2653164863586426
          ],
          "unit": "D"
        },
        "homo": {
          "values": [
            0.13043596079349484,
            1.0447736321359873,
            0.31374895726442276,
            0.026509826928377223
          ],
          "unit": "eV"
        },
        "lumo": {
          "values": [
            1.6638455164469779,
            0.5560438267908991,
            0.40029047518111766,
            1.2191507087055595
          ],
          "unit": "eV"
        },
        "gap": {
          "values": [
            1.4395486778080464,
            0.4347351535558701,
            1.061473394244909,
            1.2718811818301683
          ],
          "unit": "eV"
        }
      }
    },
    "123": {
      "ooo_pred_idx": 0,
      "correct": false,
      "prop_preds_display": {
        "mu": {
          "values": [
            2.2183749675750732,
            1.325937032699585,
            3.4726850986480713,
            2.1937012672424316
          ],
          "unit": "D"
        },
        "homo": {
          "values": [
            -6.738172869125009,
            -6.387195823478699,
            -6.50117747220397,
            -6.657368929713964
          ],
          "unit": "eV"
        },
        "lumo": {
          "values": [
            0.5130066251844168,
            1.5368993088997902,
            -0.500112720310688,
            0.7888992501214147
          ],
          "unit": "eV"
        },
        "gap": {
          "values": [
            7.2395624505460265,
            7.988687010776997,
            5.822199582231045,
            7.368682344013453
          ],
          "unit": "eV"
        }
      },
      "per_mol_mae_display": {
        "mu": {
          "values": [
            0.7150249481201172,
            2.98136305809021,
            1.3237850666046143,
            0.04090118408203125
          ],
          "unit": "D"
        },
        "homo": {
          "values": [
            0.10005201872289149,
            1.128592731666565,
            0.44317133989930113,
            0.00942393985390666
          ],
          "unit": "eV"
        },
        "lumo": {
          "values": [
            1.5606455183118582,
            0.6552499339379372,
            0.4320842255949974,
            1.5725875569298864
          ],
          "unit": "eV"
        },
        "gap": {
          "values": [
            1.4489769326627258,
            0.41147187136411656,
            1.0514004238724706,
            1.4855780196726327
          ],
          "unit": "eV"
        }
      }
    },
    "456": {
      "ooo_pred_idx": 0,
      "correct": false,
      "prop_preds_display": {
        "mu": {
          "values": [
            2.3499081134796143,
            1.352164626121521,
            3.2601778507232666,
            2.5602781772613525
          ],
          "unit": "D"
        },
        "homo": {
          "values": [
            -6.81152568126917,
            -6.498378028219938,
            -6.425233633545042,
            -6.731899665492773
          ],
          "unit": "eV"
        },