{
  "strategy": "scaffold_similar",
  "set_idx": 57,
  "ground_truth_ooo_idx": 1,
  "molecules": [
    {
      "smiles": "C#CCCOCCC#N",
      "iupac": "3-but-3-ynoxypropanenitrile",
      "properties_raw": {
        "mu": 3.291599988937378,
        "alpha": 80.20999908447266,
        "homo": -0.271699994802475,
        "lumo": 0.02879999950528145,
        "gap": 0.3005000054836273,
        "r2": 2329.60888671875,
        "zpve": 0.14496399462223053,
        "u0": -401.9219665527344,
        "u298": -401.9116516113281,
        "h298": -401.91070556640625,
        "g298": -401.9588928222656,
        "cv": 35.05799865722656
      },
      "properties_display": {
        "mu": {
          "value": 3.2916,
          "unit": "D"
        },
        "homo": {
          "value": -7.39334,
          "unit": "eV"
        },
        "lumo": {
          "value": 0.78369,
          "unit": "eV"
        },
        "gap": {
          "value": 8.17703,
          "unit": "eV"
        }
      }
    },
    {
      "smiles": "CC1=C(F)C=NC(=N)O1",
      "iupac": "CC1=C(F)C=NC(=N)O1",
      "properties_raw": {
        "mu": 3.2291998863220215,
        "alpha": 71.05000305175781,
        "homo": -0.22849999368190765,
        "lumo": -0.0737999975681305,
        "gap": 0.15469999611377716,
        "r2": 1101.6776123046875,
        "zpve": 0.09994900226593018,
        "u0": -477.9952087402344,
        "u298": -477.98736572265625,
        "h298": -477.9864196777344,
        "g298": -478.02813720703125,
        "cv": 28.538999557495117
      },
      "properties_display": {
        "mu": {
          "value": 3.2292,
          "unit": "D"
        },
        "homo": {
          "value": -6.2178,
          "unit": "eV"
        },
        "lumo": {
          "value": -2.0082,
          "unit": "eV"
        },
        "gap": {
          "value": 4.2096,
          "unit": "eV"
        }
      }
    },
    {
      "smiles": "CC1(C)C2OC(C#C)C12",
      "iupac": "CC1(C)C2OC(C#C)C12",
      "properties_raw": {
        "mu": 1.7338000535964966,
        "alpha": 81.5999984741211,
        "homo": -0.23469999432563782,
        "lumo": 0.01940000057220459,
        "gap": 0.2540999948978424,
        "r2": 1164.8299560546875,
        "zpve": 0.15663599967956543,
        "u0": -385.8119812011719,
        "u298": -385.802978515625,
        "h298": -385.8020324707031,
        "g298": -385.8451232910156,
        "cv": 34.73899841308594
      },
      "properties_display": {
        "mu": {
          "value": 1.7338,
          "unit": "D"
        },
        "homo": {
          "value": -6.38652,
          "unit": "eV"
        },
        "lumo": {
          "value": 0.5279,
          "unit": "eV"
        },
        "gap": {
          "value": 6.91442,
          "unit": "eV"
        }
      }
    },
    {
      "smiles": "C1C(CO1)CC2COC2",
      "iupac": "C1C(CO1)CC2COC2",
      "properties_raw": {
        "mu": 0.015300000086426735,
        "alpha": 78.04000091552734,
        "homo": -0.24660000205039978,
        "lumo": 0.06669999659061432,
        "gap": 0.3133000135421753,
        "r2": 1643.1971435546875,
        "zpve": 0.18295200169086456,
        "u0": -424.1755676269531,
        "u298": -424.1664733886719,
        "h298": -424.16552734375,
        "g298": -424.2118225097656,
        "cv": 31.79400062561035
      },
      "properties_display": {
        "mu": {
          "value": 0.0153,
          "unit": "D"
        },
        "homo": {
          "value": -6.71033,
          "unit": "eV"
        },
        "lumo": {
          "value": 1.815,
          "unit": "eV"
        },
        "gap": {
          "value": 8.52533,
          "unit": "eV"
        }
      }
    }
  ],
  "per_seed": {
    "42": {
      "ooo_pred_idx": 2,
      "correct": false,
      "prop_preds_display": {
        "mu": {
          "values": [
            2.4725303649902344,
            3.5719268321990967,
            1.7415552139282227,
            1.3249183893203735
          ],
          "unit": "D"
        },
        "homo": {
          "values": [
            -6.711280527886749,
            -6.682205479961634,
            -6.457207468411327,
            -6.698018445849419
          ],
          "unit": "eV"
        },
        "lumo": {
          "values": [
            0.39367733493931595,
            -0.7138715968161822,
            1.3382489756196738,
            1.1952307997077705
          ],
          "unit": "eV"
        },
        "gap": {
          "values": [
            7.0793924089729785,
            5.989983754616976,
            7.825337183612586,
            7.758942027801275
          ],
          "unit": "eV"
        }
      },
      "per_mol_mae_display": {
        "mu": {
          "values": [
            0.8190696239471436,
            0.3427269458770752,
            0.007755160331726074,
            1.3096183892339468
          ],
          "unit": "D"
        },
        "homo": {
          "values": [
            0.6820562450319523,
            0.4644010480463505,
            0.07069232787787971,
            0.012312517285346658
          ],
          "unit": "eV"
        },
        "lumo": {
          "values": [
            0.39001097186915573,
            1.2943295254677534,
            0.8103478029817344,
            0.6197693767219781
          ],
          "unit": "eV"
        },
        "gap": {
          "values": [
            1.0976333860099317,
            1.780380444985628,
            0.9109208704411991,
            0.7663894693911075
          ],
          "unit": "eV"
        }
      },
      "pea_matrix": [
        [
          1.0,
          0.1633451282978058,
          0.21813860535621643,
          0.08702825754880905
        ],
        [
          0.18364474177360535,
          1.0,
          0.23297367990016937,
          0.21040794253349304
        ],
        [
          0.14135977625846863,
          0.12218496203422546,
          1.0,
          0.21245470643043518
        ],
        [
          0.05899236723780632,
          0.11720310896635056,
          0.23514798283576965,
          1.0
        ]
      ]
    },
    "123": {
      "ooo_pred_idx": 2,
      "correct": false,
      "prop_preds_display": {
        "mu": {
          "values": [
            2.262397289276123,
            3.4799420833587646,
            1.5482221841812134,
            1.9471828937530518
          ],
          "unit": "D"
        },
        "homo": {
          "values": [
            -6.6229516635835175,
            -6.72135471470356,
            -6.4861896610826255,
            -6.684566598489881
          ],
          "unit": "eV"
        },
        "lumo": {
          "values": [
            0.6889646955356002,
            -0.4316258377145976,
            1.32616613503173,
            0.6979262412324548
          ],
          "unit": "eV"
        },
        "gap": {
          "values": [
            7.206706288027764,
            6.194718641281129,
            7.948448652839661,
            7.436310163456202
          ],
          "unit": "eV"
        }
      },
      "per_mol_mae_display": {
        "mu": {
          "values": [
            1.0292026996612549,
            0.25074219703674316,
            0.1855778694152832,
            1.931882893666625
          ],
          "unit": "D"
        },
        "homo": {
          "values": [
            0.7703851093351837,
            0.503550282788277,
            0.09967452054917825,
            0.02576436464488463
          ],
          "unit": "eV"
        },
        "lumo": {
          "values": [
            0.09472361127287143,
            1.576575284569338,
            0.7982649623937905,
            1.1170739351972938
          ],
          "unit": "eV"
        },
        "gap": {
          "values": [
            0.9703195069551462,
            1.985115331649781,
            1.0340323396682747,
            1.0890213337361807
          ],
          "unit": "eV"
        }
      },