{
  "strategy": "scaffold_similar",
  "set_idx": 90,
  "ground_truth_ooo_idx": 1,
  "molecules": [
    {
      "smiles": "CC#CC1OCC(C)=C1",
      "iupac": "CC#CC1OCC(C)=C1",
      "properties_raw": {
        "mu": 1.8095999956130981,
        "alpha": 87.97000122070312,
        "homo": -0.23510000109672546,
        "lumo": 0.01889999955892563,
        "gap": 0.2540000081062317,
        "r2": 1621.8765869140625,
        "zpve": 0.15728600323200226,
        "u0": -385.8730773925781,
        "u298": -385.8631591796875,
        "h298": -385.8622131347656,
        "g298": -385.9098815917969,
        "cv": 34.402000427246094
      },
      "properties_display": {
        "mu": {
          "value": 1.8096,
          "unit": "D"
        },
        "homo": {
          "value": -6.3974,
          "unit": "eV"
        },
        "lumo": {
          "value": 0.5143,
          "unit": "eV"
        },
        "gap": {
          "value": 6.9117,
          "unit": "eV"
        }
      }
    },
    {
      "smiles": "CC1C2C3C(O)C3C12C",
      "iupac": "CC1C2C3C(O)C3C12C",
      "properties_raw": {
        "mu": 1.5115000009536743,
        "alpha": 83.54000091552734,
        "homo": -0.20080000162124634,
        "lumo": 0.06759999692440033,
        "gap": 0.26840001344680786,
        "r2": 1131.2462158203125,
        "zpve": 0.1808439940214157,
        "u0": -387.0034484863281,
        "u298": -386.994140625,
        "h298": -386.9931945800781,
        "g298": -387.0371398925781,
        "cv": 35.78300094604492
      },
      "properties_display": {
        "mu": {
          "value": 1.5115,
          "unit": "D"
        },
        "homo": {
          "value": -5.46405,
          "unit": "eV"
        },
        "lumo": {
          "value": 1.83949,
          "unit": "eV"
        },
        "gap": {
          "value": 7.30354,
          "unit": "eV"
        }
      }
    },
    {
      "smiles": "CC(C)C12CC1OCO2",
      "iupac": "CC(C)C12CC1OCO2",
      "properties_raw": {
        "mu": 1.0611000061035156,
        "alpha": 77.48999786376953,
        "homo": -0.22660000622272491,
        "lumo": 0.08290000259876251,
        "gap": 0.30959999561309814,
        "r2": 1198.9814453125,
        "zpve": 0.18162299692630768,
        "u0": -424.2093200683594,
        "u298": -424.2003173828125,
        "h298": -424.1993713378906,
        "g298": -424.2428894042969,
        "cv": 34.44900131225586
      },
      "properties_display": {
        "mu": {
          "value": 1.0611,
          "unit": "D"
        },
        "homo": {
          "value": -6.1661,
          "unit": "eV"
        },
        "lumo": {
          "value": 2.25583,
          "unit": "eV"
        },
        "gap": {
          "value": 8.42465,
          "unit": "eV"
        }
      }
    },
    {
      "smiles": "N=C1N2CC2C11CCO1",
      "iupac": "N=C1N2CC2C11CCO1",
      "properties_raw": {
        "mu": 3.296999931335449,
        "alpha": 73.68000030517578,
        "homo": -0.24130000174045563,
        "lumo": -0.007600000128149986,
        "gap": 0.2337000072002411,
        "r2": 1016.4166870117188,
        "zpve": 0.1365240067243576,
        "u0": -417.9385681152344,
        "u298": -417.9309387207031,
        "h298": -417.92999267578125,
        "g298": -417.97113037109375,
        "cv": 28.930999755859375
      },
      "properties_display": {
        "mu": {
          "value": 3.297,
          "unit": "D"
        },
        "homo": {
          "value": -6.56611,
          "unit": "eV"
        },
        "lumo": {
          "value": -0.20681,
          "unit": "eV"
        },
        "gap": {
          "value": 6.3593,
          "unit": "eV"
        }
      }
    }
  ],
  "per_seed": {
    "42": {
      "ooo_pred_idx": 1,
      "correct": true,
      "prop_preds_display": {
        "mu": {
          "values": [
            1.8081436157226562,
            1.9213212728500366,
            1.9573074579238892,
            2.80011248588562
          ],
          "unit": "D"
        },
        "homo": {
          "values": [
            -6.574580969530344,
            -6.512984281289578,
            -6.568184094053507,
            -6.339903304621577
          ],
          "unit": "eV"
        },
        "lumo": {
          "values": [
            1.0886048887364568,
            0.8677832348302007,
            1.0379396764844657,
            0.48589856781065466
          ],
          "unit": "eV"
        },
        "gap": {
          "values": [
            7.607622024524212,
            7.401480117201805,
            7.633253318428993,
            6.870494849663973
          ],
          "unit": "eV"
        }
      },
      "per_mol_mae_display": {
        "mu": {
          "values": [
            0.0014563798904418945,
            0.4098212718963623,
            0.8962074518203735,
            0.4968874454498291
          ],
          "unit": "D"
        },
        "homo": {
          "values": [
            0.1771810671865941,
            1.0489354188323023,
            0.4020807310163974,
            0.2262073063403367
          ],
          "unit": "eV"
        },
        "lumo": {
          "values": [
            0.5743094299428166,
            0.9717072980448603,
            1.2178853662401437,
            0.6927051977068186
          ],
          "unit": "eV"
        },
        "gap": {
          "values": [
            0.6959265441775324,
            0.09794036424159991,
            0.7913959201574325,
            0.5111908984005451
          ],
          "unit": "eV"
        }
      },
      "pea_matrix": [
        [
          1.0,
          0.16879478096961975,
          0.13386423885822296,
          0.1389560103416443
        ],
        [
          0.13135525584220886,
          1.0,
          0.09710076451301575,
          0.08597798645496368
        ],
        [
          0.13174442946910858,
          0.12925027310848236,
          1.0,
          0.09228883683681488
        ],
        [
          0.1701476126909256,
          0.15208911895751953,
          0.1237616240978241,
          1.0
        ]
      ]
    },
    "123": {
      "ooo_pred_idx": 1,
      "correct": true,
      "prop_preds_display": {
        "mu": {
          "values": [
            1.8992220163345337,
            2.0076920986175537,
            1.7178791761398315,
            3.1278982162475586
          ],
          "unit": "D"
        },
        "homo": {
          "values": [
            -6.569443519461156,
            -6.5518411639004945,
            -6.626934302461148,
            -6.290540397441387
          ],
          "unit": "eV"
        },
        "lumo": {
          "values": [
            1.1010820600420237,
            0.7987077958982438,
            1.141668523810804,
            0.2898225349351764
          ],
          "unit": "eV"
        },
        "gap": {
          "values": [
            7.64769008024931,
            7.448430815190077,
            7.762635152918101,
            6.513235679793358
          ],
          "unit": "eV"
        }
      },
      "per_mol_mae_display": {
        "mu": {
          "values": [
            0.08962202072143555,
            0.4961920976638794,
            0.6567791700363159,
            0.16910171508789062
          ],
          "unit": "D"
        },
        "homo": {
          "values": [
            0.17204361711740557,
            1.0877923014432191,
            0.46083093942403863,
            0.2755702135205267
          ],
          "unit": "eV"
        },
        "lumo": {
          "values": [
            0.5867866012483836,
            1.0407827369768172,
            1.1141565189138054,
            0.49662916483134034
          ],
          "unit": "eV"
        },
        "gap": {
          "values": [
            0.7359945999026305,
            0.14489106222987225,
            0.662014085668325,
            0.15393172852993064
          ],
          "unit": "eV"
        }
      },