{
  "strategy": "scaffold_similar",
  "set_idx": 2,
  "ground_truth_ooo_idx": 1,
  "molecules": [
    {
      "smiles": "COC1C2C3NC2C13O",
      "iupac": "COC1C2C3NC2C13O",
      "properties_raw": {
        "mu": 2.3557000160217285,
        "alpha": 72.44999694824219,
        "homo": -0.2281000018119812,
        "lumo": 0.08129999786615372,
        "gap": 0.3093999922275543,
        "r2": 1121.6776123046875,
        "zpve": 0.14696800708770752,
        "u0": -438.97125244140625,
        "u298": -438.9631652832031,
        "h298": -438.96221923828125,
        "g298": -439.0039978027344,
        "cv": 31.006999969482422
      },
      "properties_display": {
        "mu": {
          "value": 2.3557,
          "unit": "D"
        },
        "homo": {
          "value": -6.20692,
          "unit": "eV"
        },
        "lumo": {
          "value": 2.21229,
          "unit": "eV"
        },
        "gap": {
          "value": 8.41921,
          "unit": "eV"
        }
      }
    },
    {
      "smiles": "COC=Nc1c[nH]nc1",
      "iupac": "COC=Nc1c[nH]nc1",
      "properties_raw": {
        "mu": 1.6299999952316284,
        "alpha": 79.75,
        "homo": -0.20909999310970306,
        "lumo": -0.0017000000225380063,
        "gap": 0.20739999413490295,
        "r2": 1621.5263671875,
        "zpve": 0.125109001994133,
        "u0": -434.0740966796875,
        "u298": -434.0654296875,
        "h298": -434.0644836425781,
        "g298": -434.1089172363281,
        "cv": 29.92799949645996
      },
      "properties_display": {
        "mu": {
          "value": 1.63,
          "unit": "D"
        },
        "homo": {
          "value": -5.6899,
          "unit": "eV"
        },
        "lumo": {
          "value": -0.04626,
          "unit": "eV"
        },
        "gap": {
          "value": 5.64364,
          "unit": "eV"
        }
      }
    },
    {
      "smiles": "CN=C1CCOC(=N)N1",
      "iupac": "CN=C1CCOC(=N)N1",
      "properties_raw": {
        "mu": 1.6979999542236328,
        "alpha": 78.97000122070312,
        "homo": -0.23260000348091125,
        "lumo": 0.002400000113993883,
        "gap": 0.23489999771118164,
        "r2": 1235.51953125,
        "zpve": 0.14939899742603302,
        "u0": -435.300048828125,
        "u298": -435.2915344238281,
        "h298": -435.29058837890625,
        "g298": -435.3335266113281,
        "cv": 31.608999252319336
      },
      "properties_display": {
        "mu": {
          "value": 1.698,
          "unit": "D"
        },
        "homo": {
          "value": -6.32937,
          "unit": "eV"
        },
        "lumo": {
          "value": 0.06531,
          "unit": "eV"
        },
        "gap": {
          "value": 6.39196,
          "unit": "eV"
        }
      }
    },
    {
      "smiles": "OCC1(CN1)C(O)C#N",
      "iupac": "OCC1(CN1)C(O)C#N",
      "properties_raw": {
        "mu": 3.966900110244751,
        "alpha": 68.06999969482422,
        "homo": -0.28040000796318054,
        "lumo": 0.008299999870359898,
        "gap": 0.28870001435279846,
        "r2": 1106.990234375,
        "zpve": 0.13565699756145477,
        "u0": -455.1171875,
        "u298": -455.10821533203125,
        "h298": -455.1072998046875,
        "g298": -455.1510009765625,
        "cv": 33.1349983215332
      },
      "properties_display": {
        "mu": {
          "value": 3.9669,
          "unit": "D"
        },
        "homo": {
          "value": -7.63008,
          "unit": "eV"
        },
        "lumo": {
          "value": 0.22585,
          "unit": "eV"
        },
        "gap": {
          "value": 7.85593,
          "unit": "eV"
        }
      }
    }
  ],
  "per_seed": {
    "42": {
      "ooo_pred_idx": 0,
      "correct": false,
      "prop_preds_display": {
        "mu": {
          "values": [
            2.87013578414917,
            3.485029458999634,
            3.7151176929473877,
            3.3994083404541016
          ],
          "unit": "D"
        },
        "homo": {
          "values": [
            -6.531683058711887,
            -6.511590641519428,
            -6.443663982242346,
            -6.598970679211617
          ],
          "unit": "eV"
        },
        "lumo": {
          "values": [
            0.27304987046476453,
            -0.4292227518554777,
            -0.45883420106396083,
            -0.4579247568394989
          ],
          "unit": "eV"
        },
        "gap": {
          "values": [
            6.79592599862814,
            6.016958003109694,
            5.814070895448327,
            6.16702020290494
          ],
          "unit": "eV"
        }
      },
      "per_mol_mae_display": {
        "mu": {
          "values": [
            0.5144357681274414,
            1.8550294637680054,
            2.017117738723755,
            0.5674917697906494
          ],
          "unit": "D"
        },
        "homo": {
          "values": [
            0.32476291176974836,
            0.821687382242084,
            0.11429252991080308,
            1.0311057291746133
          ],
          "unit": "eV"
        },
        "lumo": {
          "values": [
            1.9392368402743712,
            0.3829633709784597,
            0.5241415649317205,
            0.6837793622758239
          ],
          "unit": "eV"
        },
        "gap": {
          "values": [
            1.6232806206345556,
            0.37331414706110966,
            0.5778868644088506,
            1.6889110791385171
          ],
          "unit": "eV"
        }
      },
      "pea_matrix": [
        [
          1.0,
          0.10592919588088989,
          0.1035323515534401,
          0.08707140386104584
        ],
        [
          0.2230730652809143,
          1.0,
          0.08719595521688461,
          0.14480267465114594
        ],
        [
          0.22319167852401733,
          0.09368281066417694,
          1.0,
          0.1591099202632904
        ],
        [
          0.15413068234920502,
          0.1312105506658554,
          0.13668330013751984,
          1.0
        ]
      ]
    },
    "123": {
      "ooo_pred_idx": 3,
      "correct": false,
      "prop_preds_display": {
        "mu": {
          "values": [
            2.5505330562591553,
            3.301482677459717,
            3.3675718307495117,
            3.291879415512085
          ],
          "unit": "D"
        },
        "homo": {
          "values": [
            -6.468536620339751,
            -6.365758424291015,
            -6.368614635679126,
            -6.5640546708881855
          ],
          "unit": "eV"
        },
        "lumo": {
          "values": [
            0.5580111642312259,
            -0.10259278965219856,
            -0.07769736856538803,
            -0.501113701974228
          ],
          "unit": "eV"
        },
        "gap": {
          "values": [
            6.938146187031269,
            6.191649957609177,
            6.127507251295448,
            6.127640654695035
          ],
          "unit": "eV"
        }
      },
      "per_mol_mae_display": {
        "mu": {
          "values": [
            0.19483304023742676,
            1.6714826822280884,
            1.669571876525879,
            0.675020694732666
          ],
          "unit": "D"
        },
        "homo": {
          "values": [
            0.26161647339761274,
            0.6758551650136715,
            0.039243183347583255,
            1.066021737498045
          ],
          "unit": "eV"
        },
        "lumo": {
          "values": [
            1.6542755465079098,
            0.05633340877518059,
            0.14300473243314774,
            0.7269683074105531
          ],
          "unit": "eV"
        },
        "gap": {
          "values": [
            1.481060432231426,
            0.5480061015605928,
            0.2644505085617297,
            1.7282906273484224
          ],
          "unit": "eV"
        }
      },