{
  "strategy": "random",
  "set_idx": 29,
  "ground_truth_ooo_idx": 3,
  "molecules": [
    {
      "smiles": "O=C(C#N)C12CN(C1)C2",
      "iupac": "O=C(C#N)C12CN(C1)C2",
      "properties_raw": {
        "mu": 2.07450008392334,
        "alpha": 70.97000122070312,
        "homo": -0.2522999942302704,
        "lumo": -0.09849999845027924,
        "gap": 0.15379999577999115,
        "r2": 1100.3834228515625,
        "zpve": 0.11297199875116348,
        "u0": -416.7363586425781,
        "u298": -416.7286376953125,
        "h298": -416.7276916503906,
        "g298": -416.7697448730469,
        "cv": 28.00200080871582
      },
      "properties_display": {
        "mu": {
          "value": 2.0745,
          "unit": "D"
        },
        "homo": {
          "value": -6.86544,
          "unit": "eV"
        },
        "lumo": {
          "value": -2.68032,
          "unit": "eV"
        },
        "gap": {
          "value": 4.18511,
          "unit": "eV"
        }
      }
    },
    {
      "smiles": "COCCC1CC(=O)O1",
      "iupac": "COCCC1CC(=O)O1",
      "properties_raw": {
        "mu": 3.6984000205993652,
        "alpha": 73.5999984741211,
        "homo": -0.2612999975681305,
        "lumo": 0.010400000028312206,
        "gap": 0.271699994802475,
        "r2": 1830.637451171875,
        "zpve": 0.1577710062265396,
        "u0": -460.1812744140625,
        "u298": -460.17181396484375,
        "h298": -460.1708679199219,
        "g298": -460.2169189453125,
        "cv": 33.03799819946289
      },
      "properties_display": {
        "mu": {
          "value": 3.6984,
          "unit": "D"
        },
        "homo": {
          "value": -7.11034,
          "unit": "eV"
        },
        "lumo": {
          "value": 0.283,
          "unit": "eV"
        },
        "gap": {
          "value": 7.39334,
          "unit": "eV"
        }
      }
    },
    {
      "smiles": "COC(=NCC=O)N",
      "iupac": "COC(=NCC=O)N",
      "properties_raw": {
        "mu": 1.0214999914169312,
        "alpha": 64.87000274658203,
        "homo": -0.2273000031709671,
        "lumo": -0.031599998474121094,
        "gap": 0.1956000030040741,
        "r2": 1082.6031494140625,
        "zpve": 0.12936200201511383,
        "u0": -417.0718078613281,
        "u298": -417.06304931640625,
        "h298": -417.0621032714844,
        "g298": -417.10528564453125,
        "cv": 30.700000762939453
      },
      "properties_display": {
        "mu": {
          "value": 1.0215,
          "unit": "D"
        },
        "homo": {
          "value": -6.18515,
          "unit": "eV"
        },
        "lumo": {
          "value": -0.85988,
          "unit": "eV"
        },
        "gap": {
          "value": 5.32255,
          "unit": "eV"
        }
      }
    },
    {
      "smiles": "N=C1NC2=C(O1)N=CO2",
      "iupac": "N=C1NC2=C(O1)N=CO2",
      "properties_raw": {
        "mu": 2.4346001148223877,
        "alpha": 63.41999816894531,
        "homo": -0.20749999582767487,
        "lumo": -0.01759999990463257,
        "gap": 0.1898999959230423,
        "r2": 975.1734008789062,
        "zpve": 0.08004999905824661,
        "u0": -468.81097412109375,
        "u298": -468.8046569824219,
        "h298": -468.8037109375,
        "g298": -468.8417053222656,
        "cv": 24.31100082397461
      },
      "properties_display": {
        "mu": {
          "value": 2.4346,
          "unit": "D"
        },
        "homo": {
          "value": -5.64637,
          "unit": "eV"
        },
        "lumo": {
          "value": -0.47892,
          "unit": "eV"
        },
        "gap": {
          "value": 5.16744,
          "unit": "eV"
        }
      }
    }
  ],
  "per_seed": {
    "42": {
      "ooo_pred_idx": 0,
      "correct": false,
      "prop_preds_display": {
        "mu": {
          "values": [
            2.7343246936798096,
            2.8167834281921387,
            3.506406307220459,
            3.208968162536621
          ],
          "unit": "D"
        },
        "homo": {
          "values": [
            -6.459711721894145,
            -6.772131130245328,
            -6.745326373001934,
            -6.411767188853026
          ],
          "unit": "eV"
        },
        "lumo": {
          "values": [
            0.6602774399396032,
            0.09621941942861303,
            -0.9092459440290929,
            -0.22334080883264543
          ],
          "unit": "eV"
        },
        "gap": {
          "values": [
            7.056531364387274,
            6.872678772795201,
            5.911600134027005,
            6.147836875140667
          ],
          "unit": "eV"
        }
      },
      "per_mol_mae_display": {
        "mu": {
          "values": [
            0.6598246097564697,
            0.8816165924072266,
            2.484906315803528,
            0.7743680477142334
          ],
          "unit": "D"
        },
        "homo": {
          "values": [
            0.40572387838661683,
            0.3382075576514003,
            0.5601752728432423,
            0.7654020231425767
          ],
          "unit": "eV"
        },
        "lumo": {
          "values": [
            3.340600325452909,
            0.18677914243051782,
            0.04936579466462143,
            0.255579799926281
          ],
          "unit": "eV"
        },
        "gap": {
          "values": [
            2.8714184112012386,
            0.5206580001235004,
            0.5890503140807155,
            0.9803921691775326
          ],
          "unit": "eV"
        }
      }
    },
    "123": {
      "ooo_pred_idx": 0,
      "correct": false,
      "prop_preds_display": {
        "mu": {
          "values": [
            2.6563520431518555,
            2.2936551570892334,
            3.708001136779785,
            3.207159996032715
          ],
          "unit": "D"
        },
        "homo": {
          "values": [
            -6.360985907533765,
            -6.75448944298327,
            -6.75438320684135,
            -6.355535831260681
          ],
          "unit": "eV"
        },
        "lumo": {
          "values": [
            0.9150735235393048,
            0.3739198961161077,
            -0.7557668533600868,
            -0.2576982664480805
          ],
          "unit": "eV"
        },
        "gap": {
          "values": [
            7.291318103808165,
            7.113760206365586,
            5.893121127554775,
            6.114877720332146
          ],
          "unit": "eV"
        }
      },
      "per_mol_mae_display": {
        "mu": {
          "values": [
            0.5818519592285156,
            1.4047448635101318,
            2.686501145362854,
            0.7725598812103271
          ],
          "unit": "D"
        },
        "homo": {
          "values": [
            0.5044496927469968,
            0.3558492449134585,
            0.5692321066826587,
            0.7091706655502321
          ],
          "unit": "eV"
        },
        "lumo": {
          "values": [
            3.5953964090526105,
            0.09092133425697685,
            0.10411329600438468,
            0.22122234231084587
          ],
          "unit": "eV"
        },
        "gap": {
          "values": [
            3.10620515062213,
            0.27957656655311514,
            0.5705713076084855,
            0.9474330143690111
          ],
          "unit": "eV"
        }
      }
    },
    "456": {
      "ooo_pred_idx": 0,
      "correct": false,
      "prop_preds_display": {
        "mu": {
          "values": [
            2.8369014263153076,
            2.6147210597991943,
            3.6467366218566895,
            3.2615580558776855
          ],
          "unit": "D"
        },
        "homo": {
          "values": [
            -6.441675095692277,
            -6.787063795888424,
            -6.8019032007962466,
            -6.454615225452185
          ],
          "unit": "eV"
        },