{
  "strategy": "scaffold_similar",
  "set_idx": 12,
  "ground_truth_ooo_idx": 3,
  "molecules": [
    {
      "smiles": "NC(CC#N)C#N",
      "iupac": "2-aminobutanedinitrile",
      "properties_raw": {
        "mu": 0.9884999990463257,
        "alpha": 54.959999084472656,
        "homo": -0.2840999960899353,
        "lumo": -0.007400000002235174,
        "gap": 0.2766999900341034,
        "r2": 860.1506958007812,
        "zpve": 0.09046000242233276,
        "u0": -319.57373046875,
        "u298": -319.5663757324219,
        "h298": -319.5654602050781,
        "g298": -319.6053466796875,
        "cv": 25.145999908447266
      },
      "properties_display": {
        "mu": {
          "value": 0.9885,
          "unit": "D"
        },
        "homo": {
          "value": -7.73076,
          "unit": "eV"
        },
        "lumo": {
          "value": -0.20136,
          "unit": "eV"
        },
        "gap": {
          "value": 7.52939,
          "unit": "eV"
        }
      }
    },
    {
      "smiles": "CC1(C)NC1(CO)C#N",
      "iupac": "CC1(C)NC1(CO)C#N",
      "properties_raw": {
        "mu": 4.379199981689453,
        "alpha": 77.08999633789062,
        "homo": -0.26660001277923584,
        "lumo": 0.012600000016391277,
        "gap": 0.2791000008583069,
        "r2": 1214.3304443359375,
        "zpve": 0.15760399401187897,
        "u0": -419.1983947753906,
        "u298": -419.18841552734375,
        "h298": -419.1874694824219,
        "g298": -419.2332458496094,
        "cv": 36.387001037597656
      },
      "properties_display": {
        "mu": {
          "value": 4.3792,
          "unit": "D"
        },
        "homo": {
          "value": -7.25456,
          "unit": "eV"
        },
        "lumo": {
          "value": 0.34286,
          "unit": "eV"
        },
        "gap": {
          "value": 7.5947,
          "unit": "eV"
        }
      }
    },
    {
      "smiles": "COC1=NC(CN1)C#C",
      "iupac": "COC1=NC(CN1)C#C",
      "properties_raw": {
        "mu": 1.7864999771118164,
        "alpha": 76.16999816894531,
        "homo": -0.22460000216960907,
        "lumo": 0.04170000180602074,
        "gap": 0.2662999927997589,
        "r2": 1322.64990234375,
        "zpve": 0.1361050009727478,
        "u0": -417.98297119140625,
        "u298": -417.97412109375,
        "h298": -417.9731750488281,
        "g298": -418.0168762207031,
        "cv": 32.20399856567383
      },
      "properties_display": {
        "mu": {
          "value": 1.7865,
          "unit": "D"
        },
        "homo": {
          "value": -6.11168,
          "unit": "eV"
        },
        "lumo": {
          "value": 1.13472,
          "unit": "eV"
        },
        "gap": {
          "value": 7.2464,
          "unit": "eV"
        }
      }
    },
    {
      "smiles": "c1c(nno1)CC=O",
      "iupac": "2-(oxadiazol-4-yl)acetaldehyde",
      "properties_raw": {
        "mu": 2.193000078201294,
        "alpha": 56.880001068115234,
        "homo": -0.26190000772476196,
        "lumo": -0.052000001072883606,
        "gap": 0.20990000665187836,
        "r2": 1023.9598999023438,
        "zpve": 0.08248700201511383,
        "u0": -414.640869140625,
        "u298": -414.63385009765625,
        "h298": -414.6329040527344,
        "g298": -414.673828125,
        "cv": 23.756000518798828
      },
      "properties_display": {
        "mu": {
          "value": 2.193,
          "unit": "D"
        },
        "homo": {
          "value": -7.12667,
          "unit": "eV"
        },
        "lumo": {
          "value": -1.41499,
          "unit": "eV"
        },
        "gap": {
          "value": 5.71167,
          "unit": "eV"
        }
      }
    }
  ],
  "per_seed": {
    "42": {
      "ooo_pred_idx": 3,
      "correct": true,
      "prop_preds_display": {
        "mu": {
          "values": [
            3.2900757789611816,
            3.162271022796631,
            2.7661638259887695,
            3.4909446239471436
          ],
          "unit": "D"
        },
        "homo": {
          "values": [
            -6.544042133542896,
            -6.593434640869498,
            -6.508755515167118,
            -6.646696252265573
          ],
          "unit": "eV"
        },
        "lumo": {
          "values": [
            -0.33150136575102807,
            -0.08616673580035568,
            -0.024841213284432888,
            -0.6749522700607777
          ],
          "unit": "eV"
        },
        "gap": {
          "values": [
            6.008353686577082,
            6.495674277859926,
            6.585613309031725,
            5.955846676173806
          ],
          "unit": "eV"
        }
      },
      "per_mol_mae_display": {
        "mu": {
          "values": [
            2.301575779914856,
            1.2169289588928223,
            0.9796638488769531,
            1.2979445457458496
          ],
          "unit": "D"
        },
        "homo": {
          "values": [
            1.1867160566121333,
            0.6611248760372401,
            0.3970750075072056,
            0.47996933992803026
          ],
          "unit": "eV"
        },
        "lumo": {
          "values": [
            0.13013701245188714,
            0.42903035512790083,
            1.159556651173532,
            0.7400405392348766
          ],
          "unit": "eV"
        },
        "gap": {
          "values": [
            1.5210399863660333,
            1.0990270122706889,
            0.6607822788894175,
            0.2441738932758568
          ],
          "unit": "eV"
        }
      },
      "pea_matrix": [
        [
          1.0,
          0.11870316416025162,
          0.18119727075099945,
          0.19822083413600922
        ],
        [
          0.07641685754060745,
          1.0,
          0.1647711843252182,
          0.16905660927295685
        ],
        [
          0.10492528229951859,
          0.15906843543052673,
          1.0,
          0.12754729390144348
        ],
        [
          0.13820010423660278,
          0.20586831867694855,
          0.15967071056365967,
          1.0
        ]
      ]
    },
    "123": {
      "ooo_pred_idx": 3,
      "correct": true,
      "prop_preds_display": {
        "mu": {
          "values": [
            3.7726876735687256,
            3.0668742656707764,
            3.195913314819336,
            3.1856441497802734
          ],
          "unit": "D"
        },
        "homo": {
          "values": [
            -6.59717439635396,
            -6.662140230026841,
            -6.487184307098389,
            -6.735319496107102
          ],
          "unit": "eV"
        },
        "lumo": {
          "values": [
            -0.49655897944495087,
            -0.3449323815006763,
            -0.24625993863716722,
            -0.6412684185169637
          ],
          "unit": "eV"
        },
        "gap": {
          "values": [
            5.996810440438986,
            6.514869364586473,
            6.158484007257224,
            5.950467559155822
          ],
          "unit": "eV"
        }
      },
      "per_mol_mae_display": {
        "mu": {
          "values": [
            2.7841876745224,
            1.3123257160186768,
            1.4094133377075195,
            0.9926440715789795
          ],
          "unit": "D"
        },
        "homo": {
          "values": [
            1.133583793801069,
            0.5924192868798972,
            0.37550379943847645,
            0.39134609608650184
          ],
          "unit": "eV"
        },
        "lumo": {
          "values": [
            0.29519462614580994,
            0.6877960008282215,
            1.3809753765262665,
            0.7737243907786906
          ],
          "unit": "eV"
        },
        "gap": {
          "values": [
            1.5325832325041295,
            1.0798319255441422,
            1.0879115806639188,
            0.2387947762578726
          ],
          "unit": "eV"
        }
      },