{
  "strategy": "scaffold_similar",
  "set_idx": 85,
  "ground_truth_ooo_idx": 1,
  "molecules": [
    {
      "smiles": "OC1C=CCCOC1=N",
      "iupac": "OC1C=CCCOC1=N",
      "properties_raw": {
        "mu": 3.8264999389648438,
        "alpha": 74.5999984741211,
        "homo": -0.25780001282691956,
        "lumo": -0.011699999682605267,
        "gap": 0.24609999358654022,
        "r2": 1065.63916015625,
        "zpve": 0.1486770063638687,
        "u0": -439.0805969238281,
        "u298": -439.0721435546875,
        "h298": -439.0711975097656,
        "g298": -439.11419677734375,
        "cv": 31.708999633789062
      },
      "properties_display": {
        "mu": {
          "value": 3.8265,
          "unit": "D"
        },
        "homo": {
          "value": -7.0151,
          "unit": "eV"
        },
        "lumo": {
          "value": -0.31837,
          "unit": "eV"
        },
        "gap": {
          "value": 6.69673,
          "unit": "eV"
        }
      }
    },
    {
      "smiles": "CC(N1CC1)C(C)(C)C",
      "iupac": "CC(N1CC1)C(C)(C)C",
      "properties_raw": {
        "mu": 0.9660000205039978,
        "alpha": 92.63999938964844,
        "homo": -0.22910000383853912,
        "lumo": 0.07919999957084656,
        "gap": 0.3082999885082245,
        "r2": 1355.707763671875,
        "zpve": 0.2381190061569214,
        "u0": -369.59222412109375,
        "u298": -369.5813293457031,
        "h298": -369.58038330078125,
        "g298": -369.62744140625,
        "cv": 42.07500076293945
      },
      "properties_display": {
        "mu": {
          "value": 0.966,
          "unit": "D"
        },
        "homo": {
          "value": -6.23413,
          "unit": "eV"
        },
        "lumo": {
          "value": 2.15514,
          "unit": "eV"
        },
        "gap": {
          "value": 8.38927,
          "unit": "eV"
        }
      }
    },
    {
      "smiles": "OCC1C2OCC12C#N",
      "iupac": "OCC1C2OCC12C#N",
      "properties_raw": {
        "mu": 2.8750998973846436,
        "alpha": 70.72000122070312,
        "homo": -0.267300009727478,
        "lumo": 0.002400000113993883,
        "gap": 0.26969999074935913,
        "r2": 1214.10205078125,
        "zpve": 0.12409500032663345,
        "u0": -437.8419189453125,
        "u298": -437.8335266113281,
        "h298": -437.83258056640625,
        "g298": -437.8755798339844,
        "cv": 30.496999740600586
      },
      "properties_display": {
        "mu": {
          "value": 2.8751,
          "unit": "D"
        },
        "homo": {
          "value": -7.27361,
          "unit": "eV"
        },
        "lumo": {
          "value": 0.06531,
          "unit": "eV"
        },
        "gap": {
          "value": 7.33891,
          "unit": "eV"
        }
      }
    },
    {
      "smiles": "CC1C2C3N1CC23CO",
      "iupac": "CC1C2C3N1CC23CO",
      "properties_raw": {
        "mu": 2.9175000190734863,
        "alpha": 79.44999694824219,
        "homo": -0.21979999542236328,
        "lumo": 0.07010000199079514,
        "gap": 0.2897999882698059,
        "r2": 1249.600830078125,
        "zpve": 0.1708260029554367,
        "u0": -403.0666809082031,
        "u298": -403.0581970214844,
        "h298": -403.0572509765625,
        "g298": -403.09967041015625,
        "cv": 32.8120002746582
      },
      "properties_display": {
        "mu": {
          "value": 2.9175,
          "unit": "D"
        },
        "homo": {
          "value": -5.98107,
          "unit": "eV"
        },
        "lumo": {
          "value": 1.90752,
          "unit": "eV"
        },
        "gap": {
          "value": 7.88586,
          "unit": "eV"
        }
      }
    }
  ],
  "per_seed": {
    "42": {
      "ooo_pred_idx": 0,
      "correct": false,
      "prop_preds_display": {
        "mu": {
          "values": [
            3.414538621902466,
            2.003606081008911,
            2.70141863822937,
            2.4842987060546875
          ],
          "unit": "D"
        },
        "homo": {
          "values": [
            -6.718257647329569,
            -6.260087523522973,
            -6.662676276513935,
            -6.471092775449157
          ],
          "unit": "eV"
        },
        "lumo": {
          "values": [
            -0.44962992402948443,
            1.0361523142188789,
            0.2821373434968293,
            0.9033725451141597
          ],
          "unit": "eV"
        },
        "gap": {
          "values": [
            6.261511574402451,
            7.257495273494721,
            6.924020834970475,
            7.256904081529379
          ],
          "unit": "eV"
        }
      },
      "per_mol_mae_display": {
        "mu": {
          "values": [
            0.41196131706237793,
            1.0376060605049133,
            0.17368125915527344,
            0.43320131301879883
          ],
          "unit": "D"
        },
        "homo": {
          "values": [
            0.29684140128493297,
            0.025955710473656524,
            0.6109309775143856,
            0.49002750216424484
          ],
          "unit": "eV"
        },
        "lumo": {
          "values": [
            0.1312565717402846,
            1.1189904698997735,
            0.21682997962906958,
            1.004146556982398
          ],
          "unit": "eV"
        },
        "gap": {
          "values": [
            0.43521379409730443,
            1.1317783699989317,
            0.4148930825710293,
            0.6289592226088043
          ],
          "unit": "eV"
        }
      },
      "pea_matrix": [
        [
          1.0,
          0.1852763444185257,
          0.13691446185112,
          0.19240246713161469
        ],
        [
          0.1676613837480545,
          1.0,
          0.10859119892120361,
          0.08907730132341385
        ],
        [
          0.1214040219783783,
          0.1146472916007042,
          1.0,
          0.12054066359996796
        ],
        [
          0.14076322317123413,
          0.07608935981988907,
          0.09699792414903641,
          1.0
        ]
      ]
    },
    "123": {
      "ooo_pred_idx": 1,
      "correct": true,
      "prop_preds_display": {
        "mu": {
          "values": [
            3.443525791168213,
            2.119936227798462,
            2.8439667224884033,
            2.543123722076416
          ],
          "unit": "D"
        },
        "homo": {
          "values": [
            -6.624672932371498,
            -6.264975197014213,
            -6.546598694133759,
            -6.225506848365069
          ],
          "unit": "eV"
        },
        "lumo": {
          "values": [
            -0.3277582650445402,
            1.0680399842754007,
            0.3769197493106127,
            0.9655096387676895
          ],
          "unit": "eV"
        },
        "gap": {
          "values": [
            6.29735613526404,
            7.277878826373816,
            6.8573856341362,
            7.226871691882611
          ],
          "unit": "eV"
        }
      },
      "per_mol_mae_display": {
        "mu": {
          "values": [
            0.38297414779663086,
            1.1539362072944641,
            0.031133174896240234,
            0.3743762969970703
          ],
          "unit": "D"
        },
        "homo": {
          "values": [
            0.3904261162430043,
            0.030843383964896276,
            0.7270085598945615,
            0.24444157508015696
          ],
          "unit": "eV"
        },
        "lumo": {
          "values": [
            0.009384912755340369,
            1.0871027998432516,
            0.31161238544285297,
            0.9420094633288681
          ],
          "unit": "eV"
        },
        "gap": {
          "values": [
            0.39936923323571616,
            1.1113948171198365,
            0.4815282834053036,
            0.6589916122555728
          ],
          "unit": "eV"
        }
      },