{
  "strategy": "random",
  "set_idx": 86,
  "ground_truth_ooo_idx": 1,
  "molecules": [
    {
      "smiles": "NC(=O)C1OCCC=C1",
      "iupac": "3,6-dihydro-2H-pyran-6-carboxamide",
      "properties_raw": {
        "mu": 3.4921998977661133,
        "alpha": 74.30000305175781,
        "homo": -0.23659999668598175,
        "lumo": 0.010999999940395355,
        "gap": 0.24770000576972961,
        "r2": 1198.753173828125,
        "zpve": 0.14872799813747406,
        "u0": -439.1273498535156,
        "u298": -439.1188659667969,
        "h298": -439.117919921875,
        "g298": -439.1609802246094,
        "cv": 31.902999877929688
      },
      "properties_display": {
        "mu": {
          "value": 3.4922,
          "unit": "D"
        },
        "homo": {
          "value": -6.43822,
          "unit": "eV"
        },
        "lumo": {
          "value": 0.29933,
          "unit": "eV"
        },
        "gap": {
          "value": 6.74026,
          "unit": "eV"
        }
      }
    },
    {
      "smiles": "c1c(=O)[nH]c(=O)oc1O",
      "iupac": "6-hydroxy-1,3-oxazine-2,4-dione",
      "properties_raw": {
        "mu": 2.817699909210205,
        "alpha": 59.709999084472656,
        "homo": -0.2621000111103058,
        "lumo": -0.034299999475479126,
        "gap": 0.22779999673366547,
        "r2": 1055.7916259765625,
        "zpve": 0.07854600250720978,
        "u0": -509.860107421875,
        "u298": -509.8529968261719,
        "h298": -509.85205078125,
        "g298": -509.8919372558594,
        "cv": 26.58799934387207
      },
      "properties_display": {
        "mu": {
          "value": 2.8177,
          "unit": "D"
        },
        "homo": {
          "value": -7.13211,
          "unit": "eV"
        },
        "lumo": {
          "value": -0.93335,
          "unit": "eV"
        },
        "gap": {
          "value": 6.19876,
          "unit": "eV"
        }
      }
    },
    {
      "smiles": "C(CC(F)(F)F)C=O",
      "iupac": "4,4,4-trifluorobutanal",
      "properties_raw": {
        "mu": 1.4635000228881836,
        "alpha": 48.18000030517578,
        "homo": -0.265500009059906,
        "lumo": -0.03530000150203705,
        "gap": 0.23019999265670776,
        "r2": 1208.2135009765625,
        "zpve": 0.09011399745941162,
        "u0": -530.1235961914062,
        "u298": -530.115478515625,
        "h298": -530.114501953125,
        "g298": -530.1577758789062,
        "cv": 27.264999389648438
      },
      "properties_display": {
        "mu": {
          "value": 1.4635,
          "unit": "D"
        },
        "homo": {
          "value": -7.22463,
          "unit": "eV"
        },
        "lumo": {
          "value": -0.96056,
          "unit": "eV"
        },
        "gap": {
          "value": 6.26406,
          "unit": "eV"
        }
      }
    },
    {
      "smiles": "CC(CC1CC1)C(C)=O",
      "iupac": "4-cyclopropyl-3-methylbutan-2-one",
      "properties_raw": {
        "mu": 2.589099884033203,
        "alpha": 86.30999755859375,
        "homo": -0.2371000051498413,
        "lumo": -0.007499999832361937,
        "gap": 0.2295999974012375,
        "r2": 1653.1834716796875,
        "zpve": 0.20331500470638275,
        "u0": -388.30499267578125,
        "u298": -388.2943115234375,
        "h298": -388.2933654785156,
        "g298": -388.3418273925781,
        "cv": 38.47999954223633
      },
      "properties_display": {
        "mu": {
          "value": 2.5891,
          "unit": "D"
        },
        "homo": {
          "value": -6.45182,
          "unit": "eV"
        },
        "lumo": {
          "value": -0.20409,
          "unit": "eV"
        },
        "gap": {
          "value": 6.24774,
          "unit": "eV"
        }
      }
    }
  ],
  "per_seed": {
    "42": {
      "ooo_pred_idx": 0,
      "correct": false,
      "prop_preds_display": {
        "mu": {
          "values": [
            2.9807655811309814,
            3.4931182861328125,
            2.4304111003875732,
            2.297806739807129
          ],
          "unit": "D"
        },
        "homo": {
          "values": [
            -6.620102750861645,
            -6.656626087683439,
            -7.0885992709517485,
            -6.66703682411015
          ],
          "unit": "eV"
        },
        "lumo": {
          "values": [
            -0.11947004299610854,
            -0.7871223290033639,
            -0.10237458994276823,
            0.1840005669815466
          ],
          "unit": "eV"
        },
        "gap": {
          "values": [
            6.4448540703207255,
            5.905194743439555,
            6.722646984109283,
            6.941991773176193
          ],
          "unit": "eV"
        }
      },
      "per_mol_mae_display": {
        "mu": {
          "values": [
            0.5114343166351318,
            0.6754183769226074,
            0.9669110774993896,
            0.2912931442260742
          ],
          "unit": "D"
        },
        "homo": {
          "values": [
            0.1818855877757075,
            0.47548212383389465,
            0.13602727018594685,
            0.21521406638920304
          ],
          "unit": "eV"
        },
        "lumo": {
          "values": [
            0.4187954197451472,
            0.14622865127846596,
            0.8581878180276602,
            0.38808605112861844
          ],
          "unit": "eV"
        },
        "gap": {
          "values": [
            0.29540986858308305,
            0.2935619513541461,
            0.4585831489652401,
            0.6942548423290251
          ],
          "unit": "eV"
        }
      }
    },
    "123": {
      "ooo_pred_idx": 2,
      "correct": false,
      "prop_preds_display": {
        "mu": {
          "values": [
            2.9877138137817383,
            3.0240094661712646,
            2.2796292304992676,
            2.335477590560913
          ],
          "unit": "D"
        },
        "homo": {
          "values": [
            -6.614393977418542,
            -6.584833162707091,
            -6.955195060402155,
            -6.7631553926974535
          ],
          "unit": "eV"
        },
        "lumo": {
          "values": [
            -0.15757237529940904,
            -0.6263546077616513,
            -0.0319105037311092,
            0.26906292334664617
          ],
          "unit": "eV"
        },
        "gap": {
          "values": [
            6.446778890800476,
            5.82374284465909,
            7.2657987227857115,
            6.980827165269852
          ],
          "unit": "eV"
        }
      },
      "per_mol_mae_display": {
        "mu": {
          "values": [
            0.504486083984375,
            0.20630955696105957,
            0.816129207611084,
            0.25362229347229004
          ],
          "unit": "D"
        },
        "homo": {
          "values": [
            0.1761768143326048,
            0.5472750488102429,
            0.26943148073554024,
            0.3113326349765062
          ],
          "unit": "eV"
        },
        "lumo": {
          "values": [
            0.45689775204844774,
            0.30699637252017853,
            0.9286519042393193,
            0.473148407493718
          ],
          "unit": "eV"
        },
        "gap": {
          "values": [
            0.2934850481033324,
            0.37501385013461075,
            1.0017348876416685,
            0.7330902344226837
          ],
          "unit": "eV"
        }
      }
    },
    "456": {
      "ooo_pred_idx": 2,
      "correct": false,
      "prop_preds_display": {
        "mu": {
          "values": [
            2.8932809829711914,
            3.3868086338043213,
            2.074847936630249,
            2.3330273628234863
          ],
          "unit": "D"
        },
        "homo": {
          "values": [
            -6.708473785236478,
            -6.567197963148356,
            -7.345722361952067,
            -6.761978280025721
          ],
          "unit": "eV"
        },