{
  "strategy": "fingerprint_diverse",
  "set_idx": 1,
  "ground_truth_ooo_idx": 2,
  "molecules": [
    {
      "smiles": "COC(C=O)C#N",
      "iupac": "COC(C=O)C#N",
      "properties_raw": {
        "mu": 3.815700054168701,
        "alpha": 51.79999923706055,
        "homo": -0.28369998931884766,
        "lumo": -0.060100000351667404,
        "gap": 0.22360000014305115,
        "r2": 800.5327758789062,
        "zpve": 0.08721400052309036,
        "u0": -360.5080871582031,
        "u298": -360.5002746582031,
        "h298": -360.49932861328125,
        "g298": -360.5413513183594,
        "cv": 25.086000442504883
      },
      "properties_display": {
        "mu": {
          "value": 3.8157,
          "unit": "D"
        },
        "homo": {
          "value": -7.71987,
          "unit": "eV"
        },
        "lumo": {
          "value": -1.63541,
          "unit": "eV"
        },
        "gap": {
          "value": 6.08447,
          "unit": "eV"
        }
      }
    },
    {
      "smiles": "NC=[NH+]CC(N)C([O-])=O",
      "iupac": "NC=[NH+]CC(N)C([O-])=O",
      "properties_raw": {
        "mu": 3.570199966430664,
        "alpha": 71.7699966430664,
        "homo": -0.23589999973773956,
        "lumo": 0.01940000057220459,
        "gap": 0.25529998540878296,
        "r2": 1334.9595947265625,
        "zpve": 0.14837299287319183,
        "u0": -472.441650390625,
        "u298": -472.43212890625,
        "h298": -472.4311828613281,
        "g298": -472.4768371582031,
        "cv": 34.638999938964844
      },
      "properties_display": {
        "mu": {
          "value": 3.5702,
          "unit": "D"
        },
        "homo": {
          "value": -6.41917,
          "unit": "eV"
        },
        "lumo": {
          "value": 0.5279,
          "unit": "eV"
        },
        "gap": {
          "value": 6.94707,
          "unit": "eV"
        }
      }
    },
    {
      "smiles": "CN=C1ON=C(F)C=C1",
      "iupac": "CN=C1ON=C(F)C=C1",
      "properties_raw": {
        "mu": 2.3036999702453613,
        "alpha": 71.75,
        "homo": -0.23899999260902405,
        "lumo": -0.08079999685287476,
        "gap": 0.15809999406337738,
        "r2": 1227.72900390625,
        "zpve": 0.09919600188732147,
        "u0": -477.9442138671875,
        "u298": -477.93634033203125,
        "h298": -477.9353942871094,
        "g298": -477.9772033691406,
        "cv": 28.51300048828125
      },
      "properties_display": {
        "mu": {
          "value": 2.3037,
          "unit": "D"
        },
        "homo": {
          "value": -6.50352,
          "unit": "eV"
        },
        "lumo": {
          "value": -2.19868,
          "unit": "eV"
        },
        "gap": {
          "value": 4.30212,
          "unit": "eV"
        }
      }
    },
    {
      "smiles": "CC1C2C3OC1(C=O)C23",
      "iupac": "CC1C2C3OC1(C=O)C23",
      "properties_raw": {
        "mu": 4.063199996948242,
        "alpha": 72.36000061035156,
        "homo": -0.24310000240802765,
        "lumo": -0.03790000081062317,
        "gap": 0.20520000159740448,
        "r2": 1002.806884765625,
        "zpve": 0.13424700498580933,
        "u0": -421.7629699707031,
        "u298": -421.7551574707031,
        "h298": -421.75421142578125,
        "g298": -421.79541015625,
        "cv": 29.849000930786133
      },
      "properties_display": {
        "mu": {
          "value": 4.0632,
          "unit": "D"
        },
        "homo": {
          "value": -6.61509,
          "unit": "eV"
        },
        "lumo": {
          "value": -1.03131,
          "unit": "eV"
        },
        "gap": {
          "value": 5.58378,
          "unit": "eV"
        }
      }
    }
  ],
  "per_seed": {
    "42": {
      "ooo_pred_idx": 3,
      "correct": false,
      "prop_preds_display": {
        "mu": {
          "values": [
            2.7995965480804443,
            3.4157004356384277,
            3.0840530395507812,
            4.337071895599365
          ],
          "unit": "D"
        },
        "homo": {
          "values": [
            -6.69467484574914,
            -6.410577506256104,
            -6.409578805425763,
            -6.471905765771866
          ],
          "unit": "eV"
        },
        "lumo": {
          "values": [
            -0.0540272364160046,
            0.25699916572980586,
            0.3397499229896814,
            0.33247497741617266
          ],
          "unit": "eV"
        },
        "gap": {
          "values": [
            7.0792091313540935,
            6.16316853453815,
            6.523907546278835,
            7.984603812497855
          ],
          "unit": "eV"
        }
      },
      "per_mol_mae_display": {
        "mu": {
          "values": [
            1.0161035060882568,
            0.15449953079223633,
            0.7803530693054199,
            0.27387189865112305
          ],
          "unit": "D"
        },
        "homo": {
          "values": [
            1.0251985825955865,
            0.00859144287109359,
            0.0939454980105161,
            0.14318555808067313
          ],
          "unit": "eV"
        },
        "lumo": {
          "values": [
            1.5813778272131458,
            0.2709020069081336,
            2.5384308006752283,
            1.363786966246739
          ],
          "unit": "eV"
        },
        "gap": {
          "values": [
            0.9947402898013591,
            0.7839011103898281,
            2.2217854301899678,
            2.400824477475882
          ],
          "unit": "eV"
        }
      }
    },
    "123": {
      "ooo_pred_idx": 3,
      "correct": false,
      "prop_preds_display": {
        "mu": {
          "values": [
            2.875251293182373,
            2.7630856037139893,
            2.822410821914673,
            2.548646926879883
          ],
          "unit": "D"
        },
        "homo": {
          "values": [
            -6.718267784366012,
            -6.682926020511985,
            -6.5520293072968725,
            -6.718266973403097
          ],
          "unit": "eV"
        },
        "lumo": {
          "values": [
            0.2250333391223103,
            0.297959027235955,
            -0.3085568933553994,
            0.6777590127110481
          ],
          "unit": "eV"
        },
        "gap": {
          "values": [
            6.803188171535731,
            6.091468059334159,
            6.773856859329343,
            7.467391939115525
          ],
          "unit": "eV"
        }
      },
      "per_mol_mae_display": {
        "mu": {
          "values": [
            0.9404487609863281,
            0.8071143627166748,
            0.5187108516693115,
            1.5145530700683594
          ],
          "unit": "D"
        },
        "homo": {
          "values": [
            1.0016056439787144,
            0.2637570713847879,
            0.0485050038605932,
            0.10317564955055758
          ],
          "unit": "eV"
        },
        "lumo": {
          "values": [
            1.8604384027514607,
            0.22994214540198443,
            1.8901239843301476,
            1.7090710015416146
          ],
          "unit": "eV"
        },
        "gap": {
          "values": [
            0.7187193299829966,
            0.8556015855938197,
            2.471734743240476,
            1.8836126040935524
          ],
          "unit": "eV"
        }
      }
    },
    "456": {
      "ooo_pred_idx": 2,
      "correct": true,
      "prop_preds_display": {
        "mu": {
          "values": [
            2.5421931743621826,
            2.370408773422241,
            3.0355734825134277,
            2.6115756034851074
          ],
          "unit": "D"
        },
        "homo": {
          "values": [
            -6.44681011287272,
            -6.317924993169308,
            -6.494006532624364,
            -6.826214652556181
          ],
          "unit": "eV"
        },