{
  "strategy": "random",
  "set_idx": 59,
  "ground_truth_ooo_idx": 0,
  "molecules": [
    {
      "smiles": "c1nc2c(o1)NCCC2",
      "iupac": "4,5,6,7-tetrahydro-[1,3]oxazolo[5,4-b…",
      "properties_raw": {
        "mu": 2.606300115585327,
        "alpha": 73.93000030517578,
        "homo": -0.19760000705718994,
        "lumo": 0.018300000578165054,
        "gap": 0.2159000039100647,
        "r2": 1038.887939453125,
        "zpve": 0.14044299721717834,
        "u0": -418.0491638183594,
        "u298": -418.0423583984375,
        "h298": -418.0414123535156,
        "g298": -418.0803527832031,
        "cv": 27.24799919128418
      },
      "properties_display": {
        "mu": {
          "value": 2.6063,
          "unit": "D"
        },
        "homo": {
          "value": -5.37697,
          "unit": "eV"
        },
        "lumo": {
          "value": 0.49797,
          "unit": "eV"
        },
        "gap": {
          "value": 5.87494,
          "unit": "eV"
        }
      }
    },
    {
      "smiles": "O=CC12C3CC1OC2C3",
      "iupac": "O=CC12C3CC1OC2C3",
      "properties_raw": {
        "mu": 2.8812999725341797,
        "alpha": 72.79000091552734,
        "homo": -0.24500000476837158,
        "lumo": -0.03550000116229057,
        "gap": 0.2094999998807907,
        "r2": 973.1771850585938,
        "zpve": 0.13638299703598022,
        "u0": -421.7826843261719,
        "u298": -421.77545166015625,
        "h298": -421.7745361328125,
        "g298": -421.81475830078125,
        "cv": 27.75
      },
      "properties_display": {
        "mu": {
          "value": 2.8813,
          "unit": "D"
        },
        "homo": {
          "value": -6.66679,
          "unit": "eV"
        },
        "lumo": {
          "value": -0.966,
          "unit": "eV"
        },
        "gap": {
          "value": 5.70079,
          "unit": "eV"
        }
      }
    },
    {
      "smiles": "CN1C2C3CC(=O)C1C23",
      "iupac": "CN1C2C3CC(=O)C1C23",
      "properties_raw": {
        "mu": 2.7987000942230225,
        "alpha": 74.98999786376953,
        "homo": -0.21040000021457672,
        "lumo": -0.01759999990463257,
        "gap": 0.19280000030994415,
        "r2": 934.0477905273438,
        "zpve": 0.14868499338626862,
        "u0": -401.9232177734375,
        "u298": -401.9158630371094,
        "h298": -401.9149169921875,
        "g298": -401.954833984375,
        "cv": 29.226999282836914
      },
      "properties_display": {
        "mu": {
          "value": 2.7987,
          "unit": "D"
        },
        "homo": {
          "value": -5.72528,
          "unit": "eV"
        },
        "lumo": {
          "value": -0.47892,
          "unit": "eV"
        },
        "gap": {
          "value": 5.24636,
          "unit": "eV"
        }
      }
    },
    {
      "smiles": "OC1CNC(=O)C1=O",
      "iupac": "4-hydroxypyrrolidine-2,3-dione",
      "properties_raw": {
        "mu": 4.081099987030029,
        "alpha": 55.209999084472656,
        "homo": -0.24580000340938568,
        "lumo": -0.07599999755620956,
        "gap": 0.1696999967098236,
        "r2": 853.1298217773438,
        "zpve": 0.09608899801969528,
        "u0": -435.7785339355469,
        "u298": -435.7713928222656,
        "h298": -435.77044677734375,
        "g298": -435.8100891113281,
        "cv": 25.889999389648438
      },
      "properties_display": {
        "mu": {
          "value": 4.0811,
          "unit": "D"
        },
        "homo": {
          "value": -6.68856,
          "unit": "eV"
        },
        "lumo": {
          "value": -2.06807,
          "unit": "eV"
        },
        "gap": {
          "value": 4.61777,
          "unit": "eV"
        }
      }
    }
  ],
  "per_seed": {
    "42": {
      "ooo_pred_idx": 0,
      "correct": true,
      "prop_preds_display": {
        "mu": {
          "values": [
            3.024184226989746,
            2.0805625915527344,
            2.5639729499816895,
            3.388376474380493
          ],
          "unit": "D"
        },
        "homo": {
          "values": [
            -6.334441063904762,
            -6.6069460940033204,
            -6.227031053164602,
            -6.602388887900115
          ],
          "unit": "eV"
        },
        "lumo": {
          "values": [
            -0.3822828498110175,
            1.138991839338094,
            0.6639550047054887,
            -0.37881263812556865
          ],
          "unit": "eV"
        },
        "gap": {
          "values": [
            5.858838886749744,
            7.864819724112749,
            6.766123516967893,
            6.110373226818442
          ],
          "unit": "eV"
        }
      },
      "per_mol_mae_display": {
        "mu": {
          "values": [
            0.41788411140441895,
            0.8007373809814453,
            0.234727144241333,
            0.6927235126495361
          ],
          "unit": "D"
        },
        "homo": {
          "values": [
            0.957468388581276,
            0.05984677556455065,
            0.5017526756316428,
            0.08617302845120367
          ],
          "unit": "eV"
        },
        "lumo": {
          "values": [
            0.8802514639124275,
            2.1049965090043843,
            1.1428756134644151,
            1.6892537204407154
          ],
          "unit": "eV"
        },
        "gap": {
          "values": [
            0.016102462279796725,
            2.1640317030251026,
            1.5197655991822483,
            1.4925987402766943
          ],
          "unit": "eV"
        }
      }
    },
    "123": {
      "ooo_pred_idx": 0,
      "correct": true,
      "prop_preds_display": {
        "mu": {
          "values": [
            2.732858896255493,
            2.1095378398895264,
            2.457942008972168,
            3.498305320739746
          ],
          "unit": "D"
        },
        "homo": {
          "values": [
            -6.417647886434198,
            -6.640292889085412,
            -6.31332399506867,
            -6.575821742790938
          ],
          "unit": "eV"
        },
        "lumo": {
          "values": [
            -0.1710503255277872,
            1.1052546669825911,
            0.767230067595467,
            -0.47575114090554416
          ],
          "unit": "eV"
        },
        "gap": {
          "values": [
            6.227357060256601,
            7.831627011984587,
            7.180502454304696,
            6.15454272748828
          ],
          "unit": "eV"
        }
      },
      "per_mol_mae_display": {
        "mu": {
          "values": [
            0.12655878067016602,
            0.7717621326446533,
            0.3407580852508545,
            0.5827946662902832
          ],
          "unit": "D"
        },
        "homo": {
          "values": [
            1.0406752111107114,
            0.02649998048245905,
            0.5880456175357107,
            0.1127401735603808
          ],
          "unit": "eV"
        },
        "lumo": {
          "values": [
            0.6690189396291971,
            2.0712593366488816,
            1.2461506763543935,
            1.59231521766074
          ],
          "unit": "eV"
        },
        "gap": {
          "values": [
            0.35241571122706006,
            2.1308389908969403,
            1.9341445365190513,
            1.5367682409465315
          ],
          "unit": "eV"
        }
      }
    },
    "456": {
      "ooo_pred_idx": 0,
      "correct": true,
      "prop_preds_display": {
        "mu": {
          "values": [
            2.708451271057129,
            1.9287192821502686,
            2.588346481323242,
            3.7335736751556396
          ],
          "unit": "D"
        },
        "homo": {
          "values": [
            -6.320316117325425,
            -6.6079865594238045,
            -6.290725702467561,
            -6.655546290561557
          ],
          "unit": "eV"
        },