{
  "strategy": "random",
  "set_idx": 21,
  "ground_truth_ooo_idx": 3,
  "molecules": [
    {
      "smiles": "Cc1c(=NC)ccon1",
      "iupac": "Cc1c(=NC)ccon1",
      "properties_raw": {
        "mu": 2.30679988861084,
        "alpha": 82.26000213623047,
        "homo": -0.23000000417232513,
        "lumo": -0.045099999755620956,
        "gap": 0.18479999899864197,
        "r2": 1183.3111572265625,
        "zpve": 0.13503700494766235,
        "u0": -417.9906005859375,
        "u298": -417.98199462890625,
        "h298": -417.9810485839844,
        "g298": -418.0240783691406,
        "cv": 31.510000228881836
      },
      "properties_display": {
        "mu": {
          "value": 2.3068,
          "unit": "D"
        },
        "homo": {
          "value": -6.25862,
          "unit": "eV"
        },
        "lumo": {
          "value": -1.22723,
          "unit": "eV"
        },
        "gap": {
          "value": 5.02867,
          "unit": "eV"
        }
      }
    },
    {
      "smiles": "Cc1cc(on1)N(=O)=O",
      "iupac": "3-methyl-5-nitro-1,2-oxazole",
      "properties_raw": {
        "mu": 4.515699863433838,
        "alpha": 66.16999816894531,
        "homo": -0.30079999566078186,
        "lumo": -0.10729999840259552,
        "gap": 0.19349999725818634,
        "r2": 1213.873291015625,
        "zpve": 0.08807999640703201,
        "u0": -489.79241943359375,
        "u298": -489.7847595214844,
        "h298": -489.7838134765625,
        "g298": -489.8253479003906,
        "cv": 26.906999588012695
      },
      "properties_display": {
        "mu": {
          "value": 4.5157,
          "unit": "D"
        },
        "homo": {
          "value": -8.18519,
          "unit": "eV"
        },
        "lumo": {
          "value": -2.91978,
          "unit": "eV"
        },
        "gap": {
          "value": 5.26541,
          "unit": "eV"
        }
      }
    },
    {
      "smiles": "CN1N=NC(N)=CC1=O",
      "iupac": "CN1N=NC(N)=CC1=O",
      "properties_raw": {
        "mu": 2.7147998809814453,
        "alpha": 74.12000274658203,
        "homo": -0.23420000076293945,
        "lumo": -0.05829999968409538,
        "gap": 0.17589999735355377,
        "r2": 1112.14501953125,
        "zpve": 0.11345800012350082,
        "u0": -450.144775390625,
        "u298": -450.1366882324219,
        "h298": -450.1357421875,
        "g298": -450.1772766113281,
        "cv": 30.23900032043457
      },
      "properties_display": {
        "mu": {
          "value": 2.7148,
          "unit": "D"
        },
        "homo": {
          "value": -6.37291,
          "unit": "eV"
        },
        "lumo": {
          "value": -1.58642,
          "unit": "eV"
        },
        "gap": {
          "value": 4.78649,
          "unit": "eV"
        }
      }
    },
    {
      "smiles": "CCC1(C#C)C(C)C1O",
      "iupac": "CCC1(C#C)C(C)C1O",
      "properties_raw": {
        "mu": 1.8528000116348267,
        "alpha": 85.94000244140625,
        "homo": -0.2353000044822693,
        "lumo": 0.05050000175833702,
        "gap": 0.2858000099658966,
        "r2": 1258.57666015625,
        "zpve": 0.17902499437332153,
        "u0": -387.0460510253906,
        "u298": -387.03533935546875,
        "h298": -387.0343933105469,
        "g298": -387.0812683105469,
        "cv": 39.52000045776367
      },
      "properties_display": {
        "mu": {
          "value": 1.8528,
          "unit": "D"
        },
        "homo": {
          "value": -6.40284,
          "unit": "eV"
        },
        "lumo": {
          "value": 1.37418,
          "unit": "eV"
        },
        "gap": {
          "value": 7.77702,
          "unit": "eV"
        }
      }
    }
  ],
  "per_seed": {
    "42": {
      "ooo_pred_idx": 3,
      "correct": true,
      "prop_preds_display": {
        "mu": {
          "values": [
            2.8169023990631104,
            3.1264336109161377,
            3.8797435760498047,
            1.9226789474487305
          ],
          "unit": "D"
        },
        "homo": {
          "values": [
            -6.431655243390799,
            -6.364486834439636,
            -6.182941837823392,
            -6.549307310271264
          ],
          "unit": "eV"
        },
        "lumo": {
          "values": [
            -0.21585815538242462,
            -0.5175171502348036,
            -0.6183915601544082,
            0.8676711192071438
          ],
          "unit": "eV"
        },
        "gap": {
          "values": [
            6.042749867671728,
            5.869387081390619,
            5.502637212520838,
            7.448023711806536
          ],
          "unit": "eV"
        }
      },
      "per_mol_mae_display": {
        "mu": {
          "values": [
            0.5101025104522705,
            1.3892662525177002,
            1.1649436950683594,
            0.06987893581390381
          ],
          "unit": "D"
        },
        "homo": {
          "values": [
            0.1730335507333285,
            1.8207014590173953,
            0.18996770807504593,
            0.1464647886037831
          ],
          "unit": "eV"
        },
        "lumo": {
          "values": [
            1.0113759697549045,
            2.4022659651521594,
            0.9680330290026963,
            0.5065045485556126
          ],
          "unit": "eV"
        },
        "gap": {
          "values": [
            1.0140833713948725,
            0.6039814264833927,
            0.7161520173609262,
            0.3289943584144108
          ],
          "unit": "eV"
        }
      }
    },
    "123": {
      "ooo_pred_idx": 3,
      "correct": true,
      "prop_preds_display": {
        "mu": {
          "values": [
            2.8737502098083496,
            2.847102642059326,
            3.6289029121398926,
            1.8325915336608887
          ],
          "unit": "D"
        },
        "homo": {
          "values": [
            -6.347961032149196,
            -6.308861266145111,
            -6.196439099106193,
            -6.681234351870418
          ],
          "unit": "eV"
        },
        "lumo": {
          "values": [
            -0.268737853930518,
            -0.7602773277252913,
            -0.8902758995115757,
            1.0258213562689722
          ],
          "unit": "eV"
        },
        "gap": {
          "values": [
            5.95045012345314,
            5.656434302023054,
            5.370917777428031,
            7.625041507947445
          ],
          "unit": "eV"
        }
      },
      "per_mol_mae_display": {
        "mu": {
          "values": [
            0.5669503211975098,
            1.6685972213745117,
            0.9141030311584473,
            0.02020847797393799
          ],
          "unit": "D"
        },
        "homo": {
          "values": [
            0.08933933949172523,
            1.8763270273119206,
            0.17647044679224422,
            0.27839183020293756
          ],
          "unit": "eV"
        },
        "lumo": {
          "values": [
            0.958496271206811,
            2.1595057876616717,
            0.6961486896455288,
            0.34835431149378415
          ],
          "unit": "eV"
        },
        "gap": {
          "values": [
            0.9217836271762847,
            0.3910286471158271,
            0.5844325822681187,
            0.15197656227350187
          ],
          "unit": "eV"
        }
      }
    },
    "456": {
      "ooo_pred_idx": 3,
      "correct": true,
      "prop_preds_display": {
        "mu": {
          "values": [
            2.8107223510742188,
            3.0591540336608887,
            3.6468000411987305,
            1.8899221420288086
          ],
          "unit": "D"
        },
        "homo": {
          "values": [
            -6.322738869035244,
            -6.319083859175444,
            -6.222365583512187,
            -6.671464681628347
          ],
          "unit": "eV"
        },