{
  "strategy": "random",
  "set_idx": 77,
  "ground_truth_ooo_idx": 1,
  "molecules": [
    {
      "smiles": "CCC1C(CC)C1OC",
      "iupac": "CCC1C(CC)C1OC",
      "properties_raw": {
        "mu": 0.987500011920929,
        "alpha": 90.44999694824219,
        "homo": -0.23360000550746918,
        "lumo": 0.07599999755620956,
        "gap": 0.30959999561309814,
        "r2": 1531.516845703125,
        "zpve": 0.22688600420951843,
        "u0": -389.4739074707031,
        "u298": -389.462646484375,
        "h298": -389.4617004394531,
        "g298": -389.5107727050781,
        "cv": 40.38399887084961
      },
      "properties_display": {
        "mu": {
          "value": 0.9875,
          "unit": "D"
        },
        "homo": {
          "value": -6.35658,
          "unit": "eV"
        },
        "lumo": {
          "value": 2.06807,
          "unit": "eV"
        },
        "gap": {
          "value": 8.42465,
          "unit": "eV"
        }
      }
    },
    {
      "smiles": "CC1OC1C(O)C#C",
      "iupac": "1-(3-methyloxiran-2-yl)prop-2-yn-1-ol",
      "properties_raw": {
        "mu": 1.3062000274658203,
        "alpha": 67.22000122070312,
        "homo": -0.260699987411499,
        "lumo": 0.022099999710917473,
        "gap": 0.28290000557899475,
        "r2": 1073.443115234375,
        "zpve": 0.12706699967384338,
        "u0": -383.67529296875,
        "u298": -383.66632080078125,
        "h298": -383.6653747558594,
        "g298": -383.70928955078125,
        "cv": 31.937999725341797
      },
      "properties_display": {
        "mu": {
          "value": 1.3062,
          "unit": "D"
        },
        "homo": {
          "value": -7.09401,
          "unit": "eV"
        },
        "lumo": {
          "value": 0.60137,
          "unit": "eV"
        },
        "gap": {
          "value": 7.69811,
          "unit": "eV"
        }
      }
    },
    {
      "smiles": "CCOC1CC2C1N2C",
      "iupac": "CCOC1CC2C1N2C",
      "properties_raw": {
        "mu": 1.7785999774932861,
        "alpha": 83.91000366210938,
        "homo": -0.22910000383853912,
        "lumo": 0.08609999716281891,
        "gap": 0.31529998779296875,
        "r2": 1570.1251220703125,
        "zpve": 0.19284799695014954,
        "u0": -404.2900695800781,
        "u298": -404.2804870605469,
        "h298": -404.279541015625,
        "g298": -404.32489013671875,
        "cv": 35.38600158691406
      },
      "properties_display": {
        "mu": {
          "value": 1.7786,
          "unit": "D"
        },
        "homo": {
          "value": -6.23413,
          "unit": "eV"
        },
        "lumo": {
          "value": 2.3429,
          "unit": "eV"
        },
        "gap": {
          "value": 8.57975,
          "unit": "eV"
        }
      }
    },
    {
      "smiles": "CCOC1C2CCCC12",
      "iupac": "CCOC1C2CCCC12",
      "properties_raw": {
        "mu": 0.9247000217437744,
        "alpha": 85.6500015258789,
        "homo": -0.23270000517368317,
        "lumo": 0.07819999754428864,
        "gap": 0.3109000027179718,
        "r2": 1331.7724609375,
        "zpve": 0.2070460021495819,
        "u0": -388.2878723144531,
        "u298": -388.2787780761719,
        "h298": -388.27783203125,
        "g298": -388.3221740722656,
        "cv": 34.45600128173828
      },
      "properties_display": {
        "mu": {
          "value": 0.9247,
          "unit": "D"
        },
        "homo": {
          "value": -6.33209,
          "unit": "eV"
        },
        "lumo": {
          "value": 2.12793,
          "unit": "eV"
        },
        "gap": {
          "value": 8.46002,
          "unit": "eV"
        }
      }
    }
  ],
  "per_seed": {
    "42": {
      "ooo_pred_idx": 0,
      "correct": false,
      "prop_preds_display": {
        "mu": {
          "values": [
            2.0162768363952637,
            2.4806289672851562,
            2.5579452514648438,
            1.8121800422668457
          ],
          "unit": "D"
        },
        "homo": {
          "values": [
            -6.640710129505396,
            -6.678392737814784,
            -6.258641576644779,
            -6.61794842787683
          ],
          "unit": "eV"
        },
        "lumo": {
          "values": [
            0.5958651391416788,
            0.4395092589005828,
            0.8610828564822675,
            1.2144243658788503
          ],
          "unit": "eV"
        },
        "gap": {
          "values": [
            7.323606592285634,
            7.126489891248942,
            7.061779105412961,
            7.652614247071743
          ],
          "unit": "eV"
        }
      },
      "per_mol_mae_display": {
        "mu": {
          "values": [
            1.0287768244743347,
            1.174428939819336,
            0.7793452739715576,
            0.8874800205230713
          ],
          "unit": "D"
        },
        "homo": {
          "values": [
            0.2841270110666754,
            0.41561856894791127,
            0.02450976359546253,
            0.2858556658834219
          ],
          "unit": "eV"
        },
        "lumo": {
          "values": [
            1.4722012194246052,
            0.1618626254454255,
            1.48181861179471,
            0.9135069905512034
          ],
          "unit": "eV"
        },
        "gap": {
          "values": [
            1.101042646300792,
            0.5716149671494959,
            1.5179747703194613,
            0.8074096329331395
          ],
          "unit": "eV"
        }
      }
    },
    "123": {
      "ooo_pred_idx": 0,
      "correct": false,
      "prop_preds_display": {
        "mu": {
          "values": [
            2.087977647781372,
            2.7622649669647217,
            2.717400074005127,
            1.7492260932922363
          ],
          "unit": "D"
        },
        "homo": {
          "values": [
            -6.640922601789236,
            -6.786964858412743,
            -6.417106163206697,
            -6.543272529736162
          ],
          "unit": "eV"
        },
        "lumo": {
          "values": [
            0.5770089842285961,
            0.16980959028108047,
            0.7257000991597772,
            0.8219250559445471
          ],
          "unit": "eV"
        },
        "gap": {
          "values": [
            7.154206981772185,
            6.919411321759224,
            7.181422086250782,
            7.42643263514638
          ],
          "unit": "eV"
        }
      },
      "per_mol_mae_display": {
        "mu": {
          "values": [
            1.1004776358604431,
            1.4560649394989014,
            0.9388000965118408,
            0.8245260715484619
          ],
          "unit": "D"
        },
        "homo": {
          "values": [
            0.2843394833505153,
            0.3070464483499524,
            0.18297435015738017,
            0.21117976774275338
          ],
          "unit": "eV"
        },
        "lumo": {
          "values": [
            1.491057374337688,
            0.43156229406492785,
            1.6172013691172005,
            1.3060063004855067
          ],
          "unit": "eV"
        },
        "gap": {
          "values": [
            1.270442256814241,
            0.7786935366392136,
            1.3983317894816398,
            1.0335912448585027
          ],
          "unit": "eV"
        }
      }
    },
    "456": {
      "ooo_pred_idx": 2,
      "correct": false,
      "prop_preds_display": {
        "mu": {
          "values": [
            1.8983891010284424,
            2.6120712757110596,
            2.682217597961426,
            1.9218661785125732
          ],
          "unit": "D"
        },
        "homo": {
          "values": [
            -6.645705255582929,
            -6.817272164487839,
            -6.357240069827438,
            -6.629434906610847
          ],
          "unit": "eV"
        },