{
  "strategy": "scaffold_similar",
  "set_idx": 15,
  "ground_truth_ooo_idx": 3,
  "molecules": [
    {
      "smiles": "CC1CCN2N=NC=C12",
      "iupac": "4-methyl-5,6-dihydro-4H-pyrrolo[1,2-c…",
      "properties_raw": {
        "mu": 5.383699893951416,
        "alpha": 77.23999786376953,
        "homo": -0.24549999833106995,
        "lumo": 0.00989999994635582,
        "gap": 0.25540000200271606,
        "r2": 1083.4775390625,
        "zpve": 0.1512719988822937,
        "u0": -398.1461181640625,
        "u298": -398.1387023925781,
        "h298": -398.13775634765625,
        "g298": -398.1780700683594,
        "cv": 28.347999572753906
      },
      "properties_display": {
        "mu": {
          "value": 5.3837,
          "unit": "D"
        },
        "homo": {
          "value": -6.6804,
          "unit": "eV"
        },
        "lumo": {
          "value": 0.26939,
          "unit": "eV"
        },
        "gap": {
          "value": 6.94979,
          "unit": "eV"
        }
      }
    },
    {
      "smiles": "c1c(ocn1)NC=O",
      "iupac": "N-(1,3-oxazol-5-yl)formamide",
      "properties_raw": {
        "mu": 3.655100107192993,
        "alpha": 57.029998779296875,
        "homo": -0.2529999911785126,
        "lumo": -0.011099999770522118,
        "gap": 0.2418999969959259,
        "r2": 884.71728515625,
        "zpve": 0.08515500277280807,
        "u0": -414.70355224609375,
        "u298": -414.6968078613281,
        "h298": -414.69586181640625,
        "g298": -414.7361145019531,
        "cv": 23.20400047302246
      },
      "properties_display": {
        "mu": {
          "value": 3.6551,
          "unit": "D"
        },
        "homo": {
          "value": -6.88448,
          "unit": "eV"
        },
        "lumo": {
          "value": -0.30205,
          "unit": "eV"
        },
        "gap": {
          "value": 6.58244,
          "unit": "eV"
        }
      }
    },
    {
      "smiles": "c1cc2c(nc1)CC=C2",
      "iupac": "7H-cyclopenta[b]pyridine",
      "properties_raw": {
        "mu": 1.7624000310897827,
        "alpha": 85.41000366210938,
        "homo": -0.22310000658035278,
        "lumo": -0.029500000178813934,
        "gap": 0.19359999895095825,
        "r2": 1007.856689453125,
        "zpve": 0.12849600613117218,
        "u0": -363.6952209472656,
        "u298": -363.6889953613281,
        "h298": -363.68804931640625,
        "g298": -363.7255859375,
        "cv": 25.69099998474121
      },
      "properties_display": {
        "mu": {
          "value": 1.7624,
          "unit": "D"
        },
        "homo": {
          "value": -6.07086,
          "unit": "eV"
        },
        "lumo": {
          "value": -0.80274,
          "unit": "eV"
        },
        "gap": {
          "value": 5.26813,
          "unit": "eV"
        }
      }
    },
    {
      "smiles": "O=C1C=CC=CC2NC12",
      "iupac": "O=C1C=CC=CC2NC12",
      "properties_raw": {
        "mu": 3.422499895095825,
        "alpha": 79.91000366210938,
        "homo": -0.2289000004529953,
        "lumo": -0.06780000030994415,
        "gap": 0.16110000014305115,
        "r2": 1013.8876953125,
        "zpve": 0.12688599526882172,
        "u0": -400.7483215332031,
        "u298": -400.7412109375,
        "h298": -400.7402648925781,
        "g298": -400.780029296875,
        "cv": 27.81399917602539
      },
      "properties_display": {
        "mu": {
          "value": 3.4225,
          "unit": "D"
        },
        "homo": {
          "value": -6.22869,
          "unit": "eV"
        },
        "lumo": {
          "value": -1.84493,
          "unit": "eV"
        },
        "gap": {
          "value": 4.38376,
          "unit": "eV"
        }
      }
    }
  ],
  "per_seed": {
    "42": {
      "ooo_pred_idx": 3,
      "correct": true,
      "prop_preds_display": {
        "mu": {
          "values": [
            3.152331590652466,
            3.6335577964782715,
            2.0475406646728516,
            3.0372321605682373
          ],
          "unit": "D"
        },
        "homo": {
          "values": [
            -6.14540682476461,
            -6.633635289031267,
            -6.461804817178845,
            -6.553011383387447
          ],
          "unit": "eV"
        },
        "lumo": {
          "values": [
            -0.00590662305187434,
            -0.6937906344749034,
            0.5104753564994783,
            -0.029905043126456442
          ],
          "unit": "eV"
        },
        "gap": {
          "values": [
            6.217383838322759,
            5.8703233380764726,
            7.025975092697144,
            6.458341600048542
          ],
          "unit": "eV"
        }
      },
      "per_mol_mae_display": {
        "mu": {
          "values": [
            2.23136830329895,
            0.02154231071472168,
            0.28514063358306885,
            0.3852677345275879
          ],
          "unit": "D"
        },
        "homo": {
          "values": [
            0.534991639438271,
            0.25084852520823464,
            0.39094157026112075,
            0.3243221896618609
          ],
          "unit": "eV"
        },
        "lumo": {
          "values": [
            0.2752994710667059,
            0.3917440970756114,
            1.3132116388481112,
            1.815027870653756
          ],
          "unit": "eV"
        },
        "gap": {
          "values": [
            0.7324075931042433,
            0.7121141771823165,
            1.7578481281280522,
            2.0745854393124583
          ],
          "unit": "eV"
        }
      },
      "pea_matrix": [
        [
          1.0,
          0.10976646840572357,
          0.12933821976184845,
          0.1441044807434082
        ],
        [
          0.14931108057498932,
          1.0,
          0.15219278633594513,
          0.18483316898345947
        ],
        [
          0.07044870406389236,
          0.0689898431301117,
          1.0,
          0.08966375887393951
        ],
        [
          0.08909806609153748,
          0.09279842674732208,
          0.102170430123806,
          1.0
        ]
      ]
    },
    "123": {
      "ooo_pred_idx": 2,
      "correct": false,
      "prop_preds_display": {
        "mu": {
          "values": [
            3.06253719329834,
            3.3932371139526367,
            2.697479009628296,
            2.802696943283081
          ],
          "unit": "D"
        },
        "homo": {
          "values": [
            -6.172110617125035,
            -6.626530037447811,
            -6.535400107234716,
            -6.607697856625915
          ],
          "unit": "eV"
        },
        "lumo": {
          "values": [
            0.07178134341221303,
            -0.46278303292505446,
            0.02033965951129794,
            -0.051467153204977516
          ],
          "unit": "eV"
        },
        "gap": {
          "values": [
            6.480469534158707,
            5.921380346786976,
            6.542927059534192,
            6.526096335187555
          ],
          "unit": "eV"
        }
      },
      "per_mol_mae_display": {
        "mu": {
          "values": [
            2.321162700653076,
            0.26186299324035645,
            0.9350789785385132,
            0.6198029518127441
          ],
          "unit": "D"
        },
        "homo": {
          "values": [
            0.5082878470778462,
            0.25795377679169107,
            0.4645368603169917,
            0.3790086629003291
          ],
          "unit": "eV"
        },
        "lumo": {
          "values": [
            0.1976115046026185,
            0.16073649552576247,
            0.8230759418599307,
            1.7934657605752349
          ],
          "unit": "eV"
        },
        "gap": {
          "values": [
            0.4693218972682951,
            0.661057168471813,
            1.2748000949651006,
            2.142340174451471
          ],
          "unit": "eV"
        }
      },