{
  "strategy": "random",
  "set_idx": 62,
  "ground_truth_ooo_idx": 1,
  "molecules": [
    {
      "smiles": "Cn1cc(cc1C=O)N",
      "iupac": "4-amino-1-methylpyrrole-2-carbaldehyde",
      "properties_raw": {
        "mu": 4.936299800872803,
        "alpha": 84.05000305175781,
        "homo": -0.19370000064373016,
        "lumo": -0.03790000081062317,
        "gap": 0.155799999833107,
        "r2": 1273.2579345703125,
        "zpve": 0.1363929957151413,
        "u0": -418.0509033203125,
        "u298": -418.0418701171875,
        "h298": -418.0409240722656,
        "g298": -418.0849609375,
        "cv": 32.573001861572266
      },
      "properties_display": {
        "mu": {
          "value": 4.9363,
          "unit": "D"
        },
        "homo": {
          "value": -5.27085,
          "unit": "eV"
        },
        "lumo": {
          "value": -1.03131,
          "unit": "eV"
        },
        "gap": {
          "value": 4.23954,
          "unit": "eV"
        }
      }
    },
    {
      "smiles": "CC(C)C1(CC1C)C#C",
      "iupac": "CC(C)C1(CC1C)C#C",
      "properties_raw": {
        "mu": 0.8528000116348267,
        "alpha": 92.4800033569336,
        "homo": -0.2363000065088272,
        "lumo": 0.05609999969601631,
        "gap": 0.2924000024795532,
        "r2": 1286.994384765625,
        "zpve": 0.202566996216774,
        "u0": -351.12322998046875,
        "u298": -351.1124572753906,
        "h298": -351.11151123046875,
        "g298": -351.15826416015625,
        "cv": 40.709999084472656
      },
      "properties_display": {
        "mu": {
          "value": 0.8528,
          "unit": "D"
        },
        "homo": {
          "value": -6.43005,
          "unit": "eV"
        },
        "lumo": {
          "value": 1.52656,
          "unit": "eV"
        },
        "gap": {
          "value": 7.95661,
          "unit": "eV"
        }
      }
    },
    {
      "smiles": "Cc1[nH]cc(n1)COC",
      "iupac": "5-(methoxymethyl)-2-methyl-1H-imidazole",
      "properties_raw": {
        "mu": 2.2880001068115234,
        "alpha": 80.23999786376953,
        "homo": -0.20659999549388885,
        "lumo": 0.039400000125169754,
        "gap": 0.2459000051021576,
        "r2": 1630.962890625,
        "zpve": 0.15903599560260773,
        "u0": -419.2438049316406,
        "u298": -419.23419189453125,
        "h298": -419.2332458496094,
        "g298": -419.2796325683594,
        "cv": 33.53499984741211
      },
      "properties_display": {
        "mu": {
          "value": 2.288,
          "unit": "D"
        },
        "homo": {
          "value": -5.62188,
          "unit": "eV"
        },
        "lumo": {
          "value": 1.07213,
          "unit": "eV"
        },
        "gap": {
          "value": 6.69128,
          "unit": "eV"
        }
      }
    },
    {
      "smiles": "CCC(O)C1=CN=NN1",
      "iupac": "1-(2H-triazol-4-yl)propan-1-ol",
      "properties_raw": {
        "mu": 4.315499782562256,
        "alpha": 73.5199966430664,
        "homo": -0.2549999952316284,
        "lumo": -0.0013000000035390258,
        "gap": 0.25360000133514404,
        "r2": 1386.5986328125,
        "zpve": 0.14848299324512482,
        "u0": -435.26800537109375,
        "u298": -435.25921630859375,
        "h298": -435.2582702636719,
        "g298": -435.3022766113281,
        "cv": 32.00299835205078
      },
      "properties_display": {
        "mu": {
          "value": 4.3155,
          "unit": "D"
        },
        "homo": {
          "value": -6.93891,
          "unit": "eV"
        },
        "lumo": {
          "value": -0.03537,
          "unit": "eV"
        },
        "gap": {
          "value": 6.90081,
          "unit": "eV"
        }
      }
    }
  ],
  "per_seed": {
    "42": {
      "ooo_pred_idx": 1,
      "correct": true,
      "prop_preds_display": {
        "mu": {
          "values": [
            3.4689972400665283,
            1.2508997917175293,
            3.3622560501098633,
            3.5159597396850586
          ],
          "unit": "D"
        },
        "homo": {
          "values": [
            -6.2803932239621885,
            -6.576035431519151,
            -6.4103743600457905,
            -6.460016643950343
          ],
          "unit": "eV"
        },
        "lumo": {
          "values": [
            -0.05849315850604326,
            1.3235877798125149,
            -0.15174322454854847,
            -0.8782392838098109
          ],
          "unit": "eV"
        },
        "gap": {
          "values": [
            6.277613648569584,
            7.896211287605762,
            6.153403324592114,
            5.616210135936737
          ],
          "unit": "eV"
        }
      },
      "per_mol_mae_display": {
        "mu": {
          "values": [
            1.4673025608062744,
            0.39809978008270264,
            1.0742559432983398,
            0.7995400428771973
          ],
          "unit": "D"
        },
        "homo": {
          "values": [
            1.0095454265683896,
            0.14598172058165115,
            0.7884995507806538,
            0.47889002566635597
          ],
          "unit": "eV"
        },
        "lumo": {
          "values": [
            0.9728188303245231,
            0.20297169227153056,
            1.2238723549120127,
            0.8428644635774195
          ],
          "unit": "eV"
        },
        "gap": {
          "values": [
            2.038077840006352,
            0.06040177620649345,
            0.5378799014210696,
            1.2846005825996398
          ],
          "unit": "eV"
        }
      }
    },
    "123": {
      "ooo_pred_idx": 1,
      "correct": true,
      "prop_preds_display": {
        "mu": {
          "values": [
            3.3454959392547607,
            1.3691983222961426,
            3.383923053741455,
            3.4170408248901367
          ],
          "unit": "D"
        },
        "homo": {
          "values": [
            -6.228451049229503,
            -6.528944436946512,
            -6.384423141270876,
            -6.45177563880384
          ],
          "unit": "eV"
        },
        "lumo": {
          "values": [
            0.00996161502711475,
            0.9783140336096288,
            -0.29286212531253697,
            -0.6424046789318324
          ],
          "unit": "eV"
        },
        "gap": {
          "values": [
            6.202795426437259,
            7.60863897202015,
            6.016961652442813,
            5.591621334859729
          ],
          "unit": "eV"
        }
      },
      "per_mol_mae_display": {
        "mu": {
          "values": [
            1.590803861618042,
            0.5163983106613159,
            1.0959229469299316,
            0.8984589576721191
          ],
          "unit": "D"
        },
        "homo": {
          "values": [
            0.957603251835704,
            0.09889072600901194,
            0.7625483320057391,
            0.4871310308128596
          ],
          "unit": "eV"
        },
        "lumo": {
          "values": [
            1.041273603857681,
            0.5482454384744166,
            1.3649912556760013,
            0.607029858699441
          ],
          "unit": "eV"
        },
        "gap": {
          "values": [
            1.9632596178740265,
            0.34797409179210614,
            0.6743215735703707,
            1.3091893836766477
          ],
          "unit": "eV"
        }
      }
    },
    "456": {
      "ooo_pred_idx": 1,
      "correct": true,
      "prop_preds_display": {
        "mu": {
          "values": [
            3.160567283630371,
            1.233803629875183,
            3.372913122177124,
            3.258527994155884
          ],
          "unit": "D"
        },
        "homo": {
          "values": [
            -6.084273196348549,
            -6.568703110319376,
            -6.460956955450773,
            -6.480812976953388
          ],
          "unit": "eV"
        },