{
  "strategy": "scaffold_diverse",
  "set_idx": 1,
  "ground_truth_ooo_idx": 2,
  "molecules": [
    {
      "smiles": "COC(C=O)C#N",
      "iupac": "COC(C=O)C#N",
      "properties_raw": {
        "mu": 3.815700054168701,
        "alpha": 51.79999923706055,
        "homo": -0.28369998931884766,
        "lumo": -0.060100000351667404,
        "gap": 0.22360000014305115,
        "r2": 800.5327758789062,
        "zpve": 0.08721400052309036,
        "u0": -360.5080871582031,
        "u298": -360.5002746582031,
        "h298": -360.49932861328125,
        "g298": -360.5413513183594,
        "cv": 25.086000442504883
      },
      "properties_display": {
        "mu": {
          "value": 3.8157,
          "unit": "D"
        },
        "homo": {
          "value": -7.71987,
          "unit": "eV"
        },
        "lumo": {
          "value": -1.63541,
          "unit": "eV"
        },
        "gap": {
          "value": 6.08447,
          "unit": "eV"
        }
      }
    },
    {
      "smiles": "NC=[NH+]CC(N)C([O-])=O",
      "iupac": "NC=[NH+]CC(N)C([O-])=O",
      "properties_raw": {
        "mu": 3.570199966430664,
        "alpha": 71.7699966430664,
        "homo": -0.23589999973773956,
        "lumo": 0.01940000057220459,
        "gap": 0.25529998540878296,
        "r2": 1334.9595947265625,
        "zpve": 0.14837299287319183,
        "u0": -472.441650390625,
        "u298": -472.43212890625,
        "h298": -472.4311828613281,
        "g298": -472.4768371582031,
        "cv": 34.638999938964844
      },
      "properties_display": {
        "mu": {
          "value": 3.5702,
          "unit": "D"
        },
        "homo": {
          "value": -6.41917,
          "unit": "eV"
        },
        "lumo": {
          "value": 0.5279,
          "unit": "eV"
        },
        "gap": {
          "value": 6.94707,
          "unit": "eV"
        }
      }
    },
    {
      "smiles": "CN=C1ON=C(F)C=C1",
      "iupac": "CN=C1ON=C(F)C=C1",
      "properties_raw": {
        "mu": 2.3036999702453613,
        "alpha": 71.75,
        "homo": -0.23899999260902405,
        "lumo": -0.08079999685287476,
        "gap": 0.15809999406337738,
        "r2": 1227.72900390625,
        "zpve": 0.09919600188732147,
        "u0": -477.9442138671875,
        "u298": -477.93634033203125,
        "h298": -477.9353942871094,
        "g298": -477.9772033691406,
        "cv": 28.51300048828125
      },
      "properties_display": {
        "mu": {
          "value": 2.3037,
          "unit": "D"
        },
        "homo": {
          "value": -6.50352,
          "unit": "eV"
        },
        "lumo": {
          "value": -2.19868,
          "unit": "eV"
        },
        "gap": {
          "value": 4.30212,
          "unit": "eV"
        }
      }
    },
    {
      "smiles": "CC1C2C3OC1(C=O)C23",
      "iupac": "CC1C2C3OC1(C=O)C23",
      "properties_raw": {
        "mu": 4.063199996948242,
        "alpha": 72.36000061035156,
        "homo": -0.24310000240802765,
        "lumo": -0.03790000081062317,
        "gap": 0.20520000159740448,
        "r2": 1002.806884765625,
        "zpve": 0.13424700498580933,
        "u0": -421.7629699707031,
        "u298": -421.7551574707031,
        "h298": -421.75421142578125,
        "g298": -421.79541015625,
        "cv": 29.849000930786133
      },
      "properties_display": {
        "mu": {
          "value": 4.0632,
          "unit": "D"
        },
        "homo": {
          "value": -6.61509,
          "unit": "eV"
        },
        "lumo": {
          "value": -1.03131,
          "unit": "eV"
        },
        "gap": {
          "value": 5.58378,
          "unit": "eV"
        }
      }
    }
  ],
  "per_seed": {
    "42": {
      "ooo_pred_idx": 3,
      "correct": false,
      "prop_preds_display": {
        "mu": {
          "values": [
            3.2223472595214844,
            2.851868152618408,
            2.803316354751587,
            2.3568761348724365
          ],
          "unit": "D"
        },
        "homo": {
          "values": [
            -6.925234035491943,
            -6.530823438021541,
            -6.09420384272933,
            -6.4311354161620145
          ],
          "unit": "eV"
        },
        "lumo": {
          "values": [
            -0.11203467882089317,
            0.17204471811763944,
            0.1937930075417273,
            1.1485921197012068
          ],
          "unit": "eV"
        },
        "gap": {
          "values": [
            6.816380916243792,
            5.421527134609223,
            6.512127093487979,
            7.633054632514716
          ],
          "unit": "eV"
        }
      },
      "per_mol_mae_display": {
        "mu": {
          "values": [
            0.5933527946472168,
            0.7183318138122559,
            0.4996163845062256,
            1.7063238620758057
          ],
          "unit": "D"
        },
        "homo": {
          "values": [
            0.7946393928527833,
            0.11165448889434337,
            0.40932046070694916,
            0.1839559076905246
          ],
          "unit": "eV"
        },
        "lumo": {
          "values": [
            1.5233703848082571,
            0.3558564545203,
            2.392473885227274,
            2.1799041085317734
          ],
          "unit": "eV"
        },
        "gap": {
          "values": [
            0.7319120746910572,
            1.5255425103187559,
            2.2100049773991115,
            2.049275297492743
          ],
          "unit": "eV"
        }
      }
    },
    "123": {
      "ooo_pred_idx": 3,
      "correct": false,
      "prop_preds_display": {
        "mu": {
          "values": [
            1.9797320365905762,
            3.057680606842041,
            2.8163223266601562,
            2.446965456008911
          ],
          "unit": "D"
        },
        "homo": {
          "values": [
            -6.8829909772276885,
            -6.403445492896438,
            -6.437918715468049,
            -6.62410404188633
          ],
          "unit": "eV"
        },
        "lumo": {
          "values": [
            0.13434648610083386,
            0.444150044869259,
            0.3444133905773983,
            1.2718802774734796
          ],
          "unit": "eV"
        },
        "gap": {
          "values": [
            6.802332605659962,
            6.669931961718202,
            6.411807736998797,
            6.543171970334649
          ],
          "unit": "eV"
        }
      },
      "per_mol_mae_display": {
        "mu": {
          "values": [
            1.835968017578125,
            0.512519359588623,
            0.5126223564147949,
            1.616234540939331
          ],
          "unit": "D"
        },
        "homo": {
          "values": [
            0.8368824511170381,
            0.015723456230759325,
            0.06560558796823024,
            0.00901271803379089
          ],
          "unit": "eV"
        },
        "lumo": {
          "values": [
            1.7697515497299843,
            0.08375112776868043,
            2.543094268262945,
            2.303192266304046
          ],
          "unit": "eV"
        },
        "gap": {
          "values": [
            0.7178637641072276,
            0.2771376832097765,
            2.1096856209099295,
            0.9593926353126765
          ],
          "unit": "eV"
        }
      }
    },
    "456": {
      "ooo_pred_idx": 3,
      "correct": false,
      "prop_preds_display": {
        "mu": {
          "values": [
            2.729729652404785,
            4.270906925201416,
            2.6004152297973633,
            2.5110862255096436
          ],
          "unit": "D"
        },
        "homo": {
          "values": [
            -6.9071349651455884,
            -6.460722992649675,
            -6.28533888130188,
            -6.424052871540189
          ],
          "unit": "eV"
        },