{
  "strategy": "scaffold_similar",
  "set_idx": 48,
  "ground_truth_ooo_idx": 1,
  "molecules": [
    {
      "smiles": "COC12CC(C1)C21CN1",
      "iupac": "COC12CC(C1)C21CN1",
      "properties_raw": {
        "mu": 2.071500062942505,
        "alpha": 80.02999877929688,
        "homo": -0.2362000048160553,
        "lumo": 0.08780000358819962,
        "gap": 0.3240000009536743,
        "r2": 1115.4393310546875,
        "zpve": 0.17105700075626373,
        "u0": -403.0565490722656,
        "u298": -403.04815673828125,
        "h298": -403.0472106933594,
        "g298": -403.089599609375,
        "cv": 32.4109992980957
      },
      "properties_display": {
        "mu": {
          "value": 2.0715,
          "unit": "D"
        },
        "homo": {
          "value": -6.42733,
          "unit": "eV"
        },
        "lumo": {
          "value": 2.38916,
          "unit": "eV"
        },
        "gap": {
          "value": 8.81649,
          "unit": "eV"
        }
      }
    },
    {
      "smiles": "CC1(C)C2CC1N=CO2",
      "iupac": "CC1(C)C2CC1N=CO2",
      "properties_raw": {
        "mu": 1.9639999866485596,
        "alpha": 77.33999633789062,
        "homo": -0.24140000343322754,
        "lumo": 0.01640000008046627,
        "gap": 0.25769999623298645,
        "r2": 970.6146850585938,
        "zpve": 0.17246200144290924,
        "u0": -403.1473388671875,
        "u298": -403.1394348144531,
        "h298": -403.13848876953125,
        "g298": -403.17913818359375,
        "cv": 31.878999710083008
      },
      "properties_display": {
        "mu": {
          "value": 1.964,
          "unit": "D"
        },
        "homo": {
          "value": -6.56883,
          "unit": "eV"
        },
        "lumo": {
          "value": 0.44627,
          "unit": "eV"
        },
        "gap": {
          "value": 7.01238,
          "unit": "eV"
        }
      }
    },
    {
      "smiles": "N1C2C1C1N=CN3C2C13",
      "iupac": "N1C2C1C1N=CN3C2C13",
      "properties_raw": {
        "mu": 3.5387001037597656,
        "alpha": 69.83000183105469,
        "homo": -0.23160000145435333,
        "lumo": 0.005100000184029341,
        "gap": 0.23669999837875366,
        "r2": 775.3759765625,
        "zpve": 0.1283850073814392,
        "u0": -396.8645935058594,
        "u298": -396.8589172363281,
        "h298": -396.85797119140625,
        "g298": -396.894287109375,
        "cv": 24.440000534057617
      },
      "properties_display": {
        "mu": {
          "value": 3.5387,
          "unit": "D"
        },
        "homo": {
          "value": -6.30216,
          "unit": "eV"
        },
        "lumo": {
          "value": 0.13878,
          "unit": "eV"
        },
        "gap": {
          "value": 6.44094,
          "unit": "eV"
        }
      }
    },
    {
      "smiles": "CCC1C2OC(N)=NC12",
      "iupac": "CCC1C2OC(N)=NC12",
      "properties_raw": {
        "mu": 1.4495999813079834,
        "alpha": 75.55999755859375,
        "homo": -0.21539999544620514,
        "lumo": 0.053199999034404755,
        "gap": 0.2685999870300293,
        "r2": 1148.1959228515625,
        "zpve": 0.1606139987707138,
        "u0": -419.21630859375,
        "u298": -419.20782470703125,
        "h298": -419.2068786621094,
        "g298": -419.249755859375,
        "cv": 32.4630012512207
      },
      "properties_display": {
        "mu": {
          "value": 1.4496,
          "unit": "D"
        },
        "homo": {
          "value": -5.86134,
          "unit": "eV"
        },
        "lumo": {
          "value": 1.44765,
          "unit": "eV"
        },
        "gap": {
          "value": 7.30898,
          "unit": "eV"
        }
      }
    }
  ],
  "per_seed": {
    "42": {
      "ooo_pred_idx": 0,
      "correct": false,
      "prop_preds_display": {
        "mu": {
          "values": [
            2.3583648204803467,
            2.60072660446167,
            3.1065309047698975,
            3.0841498374938965
          ],
          "unit": "D"
        },
        "homo": {
          "values": [
            -6.415088081991673,
            -6.353050229924918,
            -6.0077543849825865,
            -6.424241014936567
          ],
          "unit": "eV"
        },
        "lumo": {
          "values": [
            0.8467459951560945,
            0.5954534740917384,
            0.4718304900057614,
            -0.139575587650761
          ],
          "unit": "eV"
        },
        "gap": {
          "values": [
            7.095224837970734,
            7.012778293174506,
            6.520226585605741,
            6.452432113283873
          ],
          "unit": "eV"
        }
      },
      "per_mol_mae_display": {
        "mu": {
          "values": [
            0.2868647575378418,
            0.6367266178131104,
            0.43216919898986816,
            1.634549856185913
          ],
          "unit": "D"
        },
        "homo": {
          "values": [
            0.012244319283961858,
            0.21578169069886144,
            0.2944058780789369,
            0.5629057373791939
          ],
          "unit": "eV"
        },
        "lumo": {
          "values": [
            1.5424148763496428,
            0.1491865249149501,
            0.33305235482528806,
            1.5872219671215861
          ],
          "unit": "eV"
        },
        "gap": {
          "values": [
            1.7212681963920593,
            0.00040103105902744574,
            0.07928858969509633,
            0.8565493053257462
          ],
          "unit": "eV"
        }
      },
      "pea_matrix": [
        [
          1.0,
          0.0629616230726242,
          0.17436355352401733,
          0.1608225554227829
        ],
        [
          0.07469775527715683,
          1.0,
          0.1738704890012741,
          0.1472114771604538
        ],
        [
          0.22658683359622955,
          0.17735655605793,
          1.0,
          0.08056673407554626
        ],
        [
          0.22654233872890472,
          0.17527613043785095,
          0.10627555847167969,
          1.0
        ]
      ]
    },
    "123": {
      "ooo_pred_idx": 0,
      "correct": false,
      "prop_preds_display": {
        "mu": {
          "values": [
            2.436854362487793,
            2.5424115657806396,
            3.078521251678467,
            2.9172115325927734
          ],
          "unit": "D"
        },
        "homo": {
          "values": [
            -6.389028599667549,
            -6.459990287655592,
            -6.030639758455753,
            -6.407523825398088
          ],
          "unit": "eV"
        },
        "lumo": {
          "values": [
            0.9515474929936231,
            0.42283606410026553,
            0.4018610151447356,
            -0.02002513261307031
          ],
          "unit": "eV"
        },
        "gap": {
          "values": [
            7.388962904602289,
            6.983472526299954,
            6.463279553240538,
            6.213276716637612
          ],
          "unit": "eV"
        }
      },
      "per_mol_mae_display": {
        "mu": {
          "values": [
            0.3653542995452881,
            0.5784115791320801,
            0.46017885208129883,
            1.46761155128479
          ],
          "unit": "D"
        },
        "homo": {
          "values": [
            0.038303801608085664,
            0.10884163296818716,
            0.27152050460577026,
            0.5461885478407149
          ],
          "unit": "eV"
        },
        "lumo": {
          "values": [
            1.4376133785121143,
            0.0234308850765228,
            0.2630828799642623,
            1.4676715120838955
          ],
          "unit": "eV"
        },
        "gap": {
          "values": [
            1.4275301297605036,
            0.028904735815524774,
            0.02234155732989329,
            1.0957047019720072
          ],
          "unit": "eV"
        }
      },