{
  "strategy": "scaffold_similar",
  "set_idx": 41,
  "ground_truth_ooo_idx": 0,
  "molecules": [
    {
      "smiles": "N=C1CN=CN1",
      "iupac": "4H-imidazol-5-amine",
      "properties_raw": {
        "mu": 3.438800096511841,
        "alpha": 48.63999938964844,
        "homo": -0.23229999840259552,
        "lumo": -0.004900000058114529,
        "gap": 0.22750000655651093,
        "r2": 470.3702087402344,
        "zpve": 0.08707000315189362,
        "u0": -281.4919738769531,
        "u298": -281.4868469238281,
        "h298": -281.48590087890625,
        "g298": -281.5203857421875,
        "cv": 18.458999633789062
      },
      "properties_display": {
        "mu": {
          "value": 3.4388,
          "unit": "D"
        },
        "homo": {
          "value": -6.32121,
          "unit": "eV"
        },
        "lumo": {
          "value": -0.13334,
          "unit": "eV"
        },
        "gap": {
          "value": 6.19059,
          "unit": "eV"
        }
      }
    },
    {
      "smiles": "[NH3+]C(CCC#N)C([O-])=O",
      "iupac": "[NH3+]C(CCC#N)C([O-])=O",
      "properties_raw": {
        "mu": 5.704100131988525,
        "alpha": 69.27999877929688,
        "homo": -0.2653999924659729,
        "lumo": -0.001500000013038516,
        "gap": 0.2639000117778778,
        "r2": 1646.9351806640625,
        "zpve": 0.13596700131893158,
        "u0": -455.1933288574219,
        "u298": -455.1838684082031,
        "h298": -455.18292236328125,
        "g298": -455.22882080078125,
        "cv": 33.33399963378906
      },
      "properties_display": {
        "mu": {
          "value": 5.7041,
          "unit": "D"
        },
        "homo": {
          "value": -7.22191,
          "unit": "eV"
        },
        "lumo": {
          "value": -0.04082,
          "unit": "eV"
        },
        "gap": {
          "value": 7.18109,
          "unit": "eV"
        }
      }
    },
    {
      "smiles": "OC1C2NC(C=C2)C1=O",
      "iupac": "OC1C2NC(C=C2)C1=O",
      "properties_raw": {
        "mu": 1.1297999620437622,
        "alpha": 68.22000122070312,
        "homo": -0.22439999878406525,
        "lumo": -0.03189999982714653,
        "gap": 0.19249999523162842,
        "r2": 889.0944213867188,
        "zpve": 0.1264989972114563,
        "u0": -437.8818664550781,
        "u298": -437.8749084472656,
        "h298": -437.87396240234375,
        "g298": -437.9130554199219,
        "cv": 27.884000778198242
      },
      "properties_display": {
        "mu": {
          "value": 1.1298,
          "unit": "D"
        },
        "homo": {
          "value": -6.10624,
          "unit": "eV"
        },
        "lumo": {
          "value": -0.86804,
          "unit": "eV"
        },
        "gap": {
          "value": 5.23819,
          "unit": "eV"
        }
      }
    },
    {
      "smiles": "O=C1CC2CC2N=CO1",
      "iupac": "O=C1CC2CC2N=CO1",
      "properties_raw": {
        "mu": 2.6577000617980957,
        "alpha": 69.51000213623047,
        "homo": -0.25859999656677246,
        "lumo": -0.02500000037252903,
        "gap": 0.23360000550746918,
        "r2": 957.7153930664062,
        "zpve": 0.1258780062198639,
        "u0": -437.90582275390625,
        "u298": -437.89862060546875,
        "h298": -437.8976745605469,
        "g298": -437.9376220703125,
        "cv": 27.8700008392334
      },
      "properties_display": {
        "mu": {
          "value": 2.6577,
          "unit": "D"
        },
        "homo": {
          "value": -7.03687,
          "unit": "eV"
        },
        "lumo": {
          "value": -0.68029,
          "unit": "eV"
        },
        "gap": {
          "value": 6.35658,
          "unit": "eV"
        }
      }
    }
  ],
  "per_seed": {
    "42": {
      "ooo_pred_idx": 1,
      "correct": false,
      "prop_preds_display": {
        "mu": {
          "values": [
            3.875018358230591,
            4.262334823608398,
            3.3600544929504395,
            3.1191675662994385
          ],
          "unit": "D"
        },
        "homo": {
          "values": [
            -6.449559277155996,
            -6.816723953557014,
            -6.632922858110071,
            -6.52173376018405
          ],
          "unit": "eV"
        },
        "lumo": {
          "values": [
            -0.78851404273659,
            -1.5217519408248366,
            -0.44206211947314444,
            0.050017937132529916
          ],
          "unit": "eV"
        },
        "gap": {
          "values": [
            5.315364790314436,
            5.188591418042779,
            6.2529019866108895,
            6.637426135179401
          ],
          "unit": "eV"
        }
      },
      "per_mol_mae_display": {
        "mu": {
          "values": [
            0.43621826171875,
            1.441765308380127,
            2.2302545309066772,
            0.4614675045013428
          ],
          "unit": "D"
        },
        "homo": {
          "values": [
            0.12835127697289028,
            0.40518127791881575,
            0.5266849697738891,
            0.5151338583767409
          ],
          "unit": "eV"
        },
        "lumo": {
          "values": [
            0.6551781841531397,
            1.480934840270132,
            0.4259814820397645,
            0.7303029140917584
          ],
          "unit": "eV"
        },
        "gap": {
          "values": [
            0.8752284523308278,
            1.992497029528022,
            1.0147079978108406,
            0.2808430167406799
          ],
          "unit": "eV"
        }
      },
      "pea_matrix": [
        [
          1.0,
          0.18646211922168732,
          0.24900108575820923,
          0.21635012328624725
        ],
        [
          0.14770720899105072,
          1.0,
          0.1789427101612091,
          0.20840878784656525
        ],
        [
          0.1038791835308075,
          0.10500909388065338,
          1.0,
          0.13187676668167114
        ],
        [
          0.08852489292621613,
          0.1264222413301468,
          0.13624373078346252,
          1.0
        ]
      ]
    },
    "123": {
      "ooo_pred_idx": 1,
      "correct": false,
      "prop_preds_display": {
        "mu": {
          "values": [
            4.551166534423828,
            3.898777961730957,
            3.183044195175171,
            2.8745152950286865
          ],
          "unit": "D"
        },
        "homo": {
          "values": [
            -6.24540057964325,
            -6.804497876644135,
            -6.529826764598489,
            -6.439640389737487
          ],
          "unit": "eV"
        },
        "lumo": {
          "values": [
            -1.1356961874201894,
            -1.0685964062057436,
            -0.4124699306339026,
            -0.021630484389327468
          ],
          "unit": "eV"
        },
        "gap": {
          "values": [
            5.041541539996863,
            5.584652325046063,
            6.228357383012772,
            6.44241672127843
          ],
          "unit": "eV"
        }
      },
      "per_mol_mae_display": {
        "mu": {
          "values": [
            1.1123664379119873,
            1.8053221702575684,
            2.0532442331314087,
            0.21681523323059082
          ],
          "unit": "D"
        },
        "homo": {
          "values": [
            0.07580742053985556,
            0.41740735483169544,
            0.4235888762623077,
            0.5972272288233036
          ],
          "unit": "eV"
        },
        "lumo": {
          "values": [
            1.002360328836739,
            1.027779305651039,
            0.45557367087900635,
            0.658654492569901
          ],
          "unit": "eV"
        },
        "gap": {
          "values": [
            1.1490517026484008,
            1.5964361225247377,
            0.9901633942127228,
            0.08583360283970887
          ],
          "unit": "eV"
        }
      },