{
  "strategy": "scaffold_similar",
  "set_idx": 91,
  "ground_truth_ooo_idx": 3,
  "molecules": [
    {
      "smiles": "CC1COC(CO)=N1",
      "iupac": "(4-methyl-4,5-dihydro-1,3-oxazol-2-yl…",
      "properties_raw": {
        "mu": 3.1277999877929688,
        "alpha": 65.69000244140625,
        "homo": -0.2549000084400177,
        "lumo": 0.019899999722838402,
        "gap": 0.27480000257492065,
        "r2": 1054.074462890625,
        "zpve": 0.14229199290275574,
        "u0": -401.019287109375,
        "u298": -401.0110168457031,
        "h298": -401.01007080078125,
        "g298": -401.0525817871094,
        "cv": 29.250999450683594
      },
      "properties_display": {
        "mu": {
          "value": 3.1278,
          "unit": "D"
        },
        "homo": {
          "value": -6.93619,
          "unit": "eV"
        },
        "lumo": {
          "value": 0.54151,
          "unit": "eV"
        },
        "gap": {
          "value": 7.47769,
          "unit": "eV"
        }
      }
    },
    {
      "smiles": "CC1(O)CC2(CO2)C=C1",
      "iupac": "CC1(O)CC2(CO2)C=C1",
      "properties_raw": {
        "mu": 2.0206000804901123,
        "alpha": 78.2699966430664,
        "homo": -0.24639999866485596,
        "lumo": 0.0005000000237487257,
        "gap": 0.24690000712871552,
        "r2": 1189.004150390625,
        "zpve": 0.15770700573921204,
        "u0": -423.0177001953125,
        "u298": -423.009033203125,
        "h298": -423.0080871582031,
        "g298": -423.05108642578125,
        "cv": 33.78900146484375
      },
      "properties_display": {
        "mu": {
          "value": 2.0206,
          "unit": "D"
        },
        "homo": {
          "value": -6.70489,
          "unit": "eV"
        },
        "lumo": {
          "value": 0.01361,
          "unit": "eV"
        },
        "gap": {
          "value": 6.71849,
          "unit": "eV"
        }
      }
    },
    {
      "smiles": "COC1CC(C)CC1O",
      "iupac": "2-methoxy-4-methylcyclopentan-1-ol",
      "properties_raw": {
        "mu": 1.455399990081787,
        "alpha": 82.12000274658203,
        "homo": -0.24320000410079956,
        "lumo": 0.07169999927282333,
        "gap": 0.3149999976158142,
        "r2": 1419.095947265625,
        "zpve": 0.20573300123214722,
        "u0": -425.4342041015625,
        "u298": -425.4244079589844,
        "h298": -425.4234619140625,
        "g298": -425.4693908691406,
        "cv": 37.029998779296875
      },
      "properties_display": {
        "mu": {
          "value": 1.4554,
          "unit": "D"
        },
        "homo": {
          "value": -6.61781,
          "unit": "eV"
        },
        "lumo": {
          "value": 1.95106,
          "unit": "eV"
        },
        "gap": {
          "value": 8.57159,
          "unit": "eV"
        }
      }
    },
    {
      "smiles": "c1c(=O)c(noc1F)N",
      "iupac": "c1c(=O)c(noc1F)N",
      "properties_raw": {
        "mu": 0.883899986743927,
        "alpha": 61.13999938964844,
        "homo": -0.24799999594688416,
        "lumo": -0.05700000002980232,
        "gap": 0.19089999794960022,
        "r2": 1059.7845458984375,
        "zpve": 0.07659699767827988,
        "u0": -513.9125366210938,
        "u298": -513.905029296875,
        "h298": -513.9041137695312,
        "g298": -513.944580078125,
        "cv": 27.715999603271484
      },
      "properties_display": {
        "mu": {
          "value": 0.8839,
          "unit": "D"
        },
        "homo": {
          "value": -6.74843,
          "unit": "eV"
        },
        "lumo": {
          "value": -1.55105,
          "unit": "eV"
        },
        "gap": {
          "value": 5.19466,
          "unit": "eV"
        }
      }
    }
  ],
  "per_seed": {
    "42": {
      "ooo_pred_idx": 1,
      "correct": false,
      "prop_preds_display": {
        "mu": {
          "values": [
            3.039515495300293,
            1.941198706626892,
            2.0574145317077637,
            3.433137893676758
          ],
          "unit": "D"
        },
        "homo": {
          "values": [
            -6.568630934619904,
            -6.670849971738458,
            -6.718430787912012,
            -6.754375502693653
          ],
          "unit": "eV"
        },
        "lumo": {
          "values": [
            -0.025884187621437016,
            0.9886109311170876,
            0.6465515377998352,
            -0.7236238313555717
          ],
          "unit": "eV"
        },
        "gap": {
          "values": [
            6.476944683846831,
            7.714682915729284,
            7.389991205579043,
            6.080518032568693
          ],
          "unit": "eV"
        }
      },
      "per_mol_mae_display": {
        "mu": {
          "values": [
            0.08828449249267578,
            0.07940137386322021,
            0.6020145416259766,
            2.549237906932831
          ],
          "unit": "D"
        },
        "homo": {
          "values": [
            0.3675549021720883,
            0.034038848909735187,
            0.10061863123476567,
            0.0059485884785654974
          ],
          "unit": "eV"
        },
        "lumo": {
          "values": [
            0.5673910144990311,
            0.975005231242627,
            1.3045057770729065,
            0.8274258779644966
          ],
          "unit": "eV"
        },
        "gap": {
          "values": [
            1.0007479202181102,
            0.9961885004460811,
            1.1815992180049415,
            0.8858621373355389
          ],
          "unit": "eV"
        }
      },
      "pea_matrix": [
        [
          1.0,
          0.19900555908679962,
          0.17130064964294434,
          0.10803408920764923
        ],
        [
          0.11693759262561798,
          1.0,
          0.18598519265651703,
          0.1322799026966095
        ],
        [
          0.11992139369249344,
          0.18745864927768707,
          1.0,
          0.10450411587953568
        ],
        [
          0.12461968511343002,
          0.23177982866764069,
          0.16880564391613007,
          1.0
        ]
      ]
    },
    "123": {
      "ooo_pred_idx": 1,
      "correct": false,
      "prop_preds_display": {
        "mu": {
          "values": [
            2.946338176727295,
            2.1251585483551025,
            2.3325345516204834,
            3.5937092304229736
          ],
          "unit": "D"
        },
        "homo": {
          "values": [
            -6.533693435779214,
            -6.719163087424636,
            -6.7985283786237245,
            -6.727161614659429
          ],
          "unit": "eV"
        },
        "lumo": {
          "values": [
            0.0378438125314191,
            0.44906392259970307,
            0.28115610371176153,
            -1.1190438749149443
          ],
          "unit": "eV"
        },
        "gap": {
          "values": [
            6.416601744273305,
            7.253052818644047,
            7.061394708991051,
            5.499476484557986
          ],
          "unit": "eV"
        }
      },
      "per_mol_mae_display": {
        "mu": {
          "values": [
            0.18146181106567383,
            0.10455846786499023,
            0.8771345615386963,
            2.7098092436790466
          ],
          "unit": "D"
        },
        "homo": {
          "values": [
            0.40249240101277817,
            0.014274266776443056,
            0.1807162219464784,
            0.021265299555659034
          ],
          "unit": "eV"
        },
        "lumo": {
          "values": [
            0.5036630143461749,
            0.43545822272524237,
            1.6699012111609801,
            0.4320058344051241
          ],
          "unit": "eV"
        },
        "gap": {
          "values": [
            1.0610908597916362,
            0.5345584033608439,
            1.5101957145929337,
            0.3048205893248319
          ],
          "unit": "eV"
        }
      },