{
  "strategy": "random",
  "set_idx": 35,
  "ground_truth_ooo_idx": 1,
  "molecules": [
    {
      "smiles": "CC1NC1(C)C#CCO",
      "iupac": "CC1NC1(C)C#CCO",
      "properties_raw": {
        "mu": 1.205199956893921,
        "alpha": 87.20999908447266,
        "homo": -0.23430000245571136,
        "lumo": 0.02329999953508377,
        "gap": 0.25760000944137573,
        "r2": 1804.8203125,
        "zpve": 0.1685190051794052,
        "u0": -403.0951232910156,
        "u298": -403.0843811035156,
        "h298": -403.08343505859375,
        "g298": -403.1321716308594,
        "cv": 37.83000183105469
      },
      "properties_display": {
        "mu": {
          "value": 1.2052,
          "unit": "D"
        },
        "homo": {
          "value": -6.37563,
          "unit": "eV"
        },
        "lumo": {
          "value": 0.63403,
          "unit": "eV"
        },
        "gap": {
          "value": 7.00966,
          "unit": "eV"
        }
      }
    },
    {
      "smiles": "CC1C(C#N)N1C",
      "iupac": "1,3-dimethylaziridine-2-carbonitrile",
      "properties_raw": {
        "mu": 3.110300064086914,
        "alpha": 61.91999816894531,
        "homo": -0.24699999392032623,
        "lumo": 0.014399999752640724,
        "gap": 0.2614000141620636,
        "r2": 721.2183837890625,
        "zpve": 0.12435699999332428,
        "u0": -304.6831359863281,
        "u298": -304.6755676269531,
        "h298": -304.67462158203125,
        "g298": -304.71453857421875,
        "cv": 26.812999725341797
      },
      "properties_display": {
        "mu": {
          "value": 3.1103,
          "unit": "D"
        },
        "homo": {
          "value": -6.72122,
          "unit": "eV"
        },
        "lumo": {
          "value": 0.39184,
          "unit": "eV"
        },
        "gap": {
          "value": 7.11306,
          "unit": "eV"
        }
      }
    },
    {
      "smiles": "C#CC1NCC2CC1O2",
      "iupac": "C#CC1NCC2CC1O2",
      "properties_raw": {
        "mu": 2.629300117492676,
        "alpha": 76.23999786376953,
        "homo": -0.21660000085830688,
        "lumo": 0.04190000146627426,
        "gap": 0.25850000977516174,
        "r2": 1022.792724609375,
        "zpve": 0.14933599531650543,
        "u0": -401.8814392089844,
        "u298": -401.8739013671875,
        "h298": -401.8729553222656,
        "g298": -401.9132995605469,
        "cv": 30.29199981689453
      },
      "properties_display": {
        "mu": {
          "value": 2.6293,
          "unit": "D"
        },
        "homo": {
          "value": -5.89399,
          "unit": "eV"
        },
        "lumo": {
          "value": 1.14016,
          "unit": "eV"
        },
        "gap": {
          "value": 7.03415,
          "unit": "eV"
        }
      }
    },
    {
      "smiles": "C1CC1C12CC=CC1N2",
      "iupac": "C1CC1C12CC=CC1N2",
      "properties_raw": {
        "mu": 1.5498000383377075,
        "alpha": 83.44000244140625,
        "homo": -0.22439999878406525,
        "lumo": 0.00800000037997961,
        "gap": 0.23240000009536743,
        "r2": 1166.974853515625,
        "zpve": 0.17300400137901306,
        "u0": -365.9850769042969,
        "u298": -365.9773864746094,
        "h298": -365.9764404296875,
        "g298": -366.0173645019531,
        "cv": 31.006000518798828
      },
      "properties_display": {
        "mu": {
          "value": 1.5498,
          "unit": "D"
        },
        "homo": {
          "value": -6.10624,
          "unit": "eV"
        },
        "lumo": {
          "value": 0.21769,
          "unit": "eV"
        },
        "gap": {
          "value": 6.32393,
          "unit": "eV"
        }
      }
    }
  ],
  "per_seed": {
    "42": {
      "ooo_pred_idx": 1,
      "correct": true,
      "prop_preds_display": {
        "mu": {
          "values": [
            3.073117733001709,
            3.1531059741973877,
            2.5399444103240967,
            2.3498451709747314
          ],
          "unit": "D"
        },
        "homo": {
          "values": [
            -6.495508841425181,
            -6.27022983122468,
            -6.46470644249022,
            -6.378402147105336
          ],
          "unit": "eV"
        },
        "lumo": {
          "values": [
            0.4264986260522157,
            0.1071722972355783,
            0.3924158821243793,
            0.9961436615273357
          ],
          "unit": "eV"
        },
        "gap": {
          "values": [
            6.88429743848443,
            6.216641401773692,
            7.012320099127293,
            7.351911630922556
          ],
          "unit": "eV"
        }
      },
      "per_mol_mae_display": {
        "mu": {
          "values": [
            1.867917776107788,
            0.04280591011047363,
            0.0893557071685791,
            0.8000451326370239
          ],
          "unit": "D"
        },
        "homo": {
          "values": [
            0.11987798586487841,
            0.45098541688323035,
            0.570717356339097,
            0.2721642587691546
          ],
          "unit": "eV"
        },
        "lumo": {
          "values": [
            0.20752694767825303,
            0.28467185616865753,
            0.7477418174605817,
            0.7784524635359645
          ],
          "unit": "eV"
        },
        "gap": {
          "values": [
            0.12535899080634128,
            0.896418595784902,
            0.021826686608791057,
            1.0279823210775856
          ],
          "unit": "eV"
        }
      }
    },
    "123": {
      "ooo_pred_idx": 1,
      "correct": true,
      "prop_preds_display": {
        "mu": {
          "values": [
            3.238685369491577,
            3.262641429901123,
            3.02516508102417,
            2.313558340072632
          ],
          "unit": "D"
        },
        "homo": {
          "values": [
            -6.569695728927851,
            -6.197091924253106,
            -6.476156427893043,
            -6.2926083528757095
          ],
          "unit": "eV"
        },
        "lumo": {
          "values": [
            0.15444506154293194,
            -0.021889130874164404,
            0.049248206612840295,
            1.089955648842454
          ],
          "unit": "eV"
        },
        "gap": {
          "values": [
            6.609580912515521,
            6.122944773933292,
            6.69566300406158,
            7.397482070028782
          ],
          "unit": "eV"
        }
      },
      "per_mol_mae_display": {
        "mu": {
          "values": [
            2.0334854125976562,
            0.15234136581420898,
            0.39586496353149414,
            0.7637583017349243
          ],
          "unit": "D"
        },
        "homo": {
          "values": [
            0.19406487336754807,
            0.5241233238548038,
            0.5821673417419202,
            0.18637046453952788
          ],
          "unit": "eV"
        },
        "lumo": {
          "values": [
            0.47958051218753683,
            0.4137332842784002,
            1.0909094929721206,
            0.8722644508510828
          ],
          "unit": "eV"
        },
        "gap": {
          "values": [
            0.40007551677525033,
            0.9901152236253017,
            0.3384837816745039,
            1.0735527601838113
          ],
          "unit": "eV"
        }
      }
    },
    "456": {
      "ooo_pred_idx": 1,
      "correct": true,
      "prop_preds_display": {
        "mu": {
          "values": [
            2.9315590858459473,
            3.190295696258545,
            2.6379263401031494,
            1.9996387958526611
          ],
          "unit": "D"
        },
        "homo": {
          "values": [
            -6.469132678082586,
            -6.1916069765746595,
            -6.338324359825254,
            -6.276365171161294
          ],
          "unit": "eV"
        },