{
  "strategy": "scaffold_similar",
  "set_idx": 54,
  "ground_truth_ooo_idx": 3,
  "molecules": [
    {
      "smiles": "CCC(OC=N)C=O",
      "iupac": "CCC(OC=N)C=O",
      "properties_raw": {
        "mu": 4.240300178527832,
        "alpha": 68.20999908447266,
        "homo": -0.25450000166893005,
        "lumo": -0.03959999978542328,
        "gap": 0.21490000188350677,
        "r2": 1136.64404296875,
        "zpve": 0.1393059939146042,
        "u0": -401.0047607421875,
        "u298": -400.99560546875,
        "h298": -400.9946594238281,
        "g298": -401.03924560546875,
        "cv": 31.30500030517578
      },
      "properties_display": {
        "mu": {
          "value": 4.2403,
          "unit": "D"
        },
        "homo": {
          "value": -6.9253,
          "unit": "eV"
        },
        "lumo": {
          "value": -1.07757,
          "unit": "eV"
        },
        "gap": {
          "value": 5.84773,
          "unit": "eV"
        }
      }
    },
    {
      "smiles": "N=C1OC(CC1=O)C#N",
      "iupac": "N=C1OC(CC1=O)C#N",
      "properties_raw": {
        "mu": 3.882699966430664,
        "alpha": 65.12999725341797,
        "homo": -0.2791000008583069,
        "lumo": -0.09009999781847,
        "gap": 0.1889999955892563,
        "r2": 1089.5968017578125,
        "zpve": 0.08919200301170349,
        "u0": -452.7743835449219,
        "u298": -452.7666931152344,
        "h298": -452.7657775878906,
        "g298": -452.8077392578125,
        "cv": 27.44300079345703
      },
      "properties_display": {
        "mu": {
          "value": 3.8827,
          "unit": "D"
        },
        "homo": {
          "value": -7.5947,
          "unit": "eV"
        },
        "lumo": {
          "value": -2.45175,
          "unit": "eV"
        },
        "gap": {
          "value": 5.14295,
          "unit": "eV"
        }
      }
    },
    {
      "smiles": "CC1COC(=N)C(=O)N1",
      "iupac": "CC1COC(=N)C(=O)N1",
      "properties_raw": {
        "mu": 6.277599811553955,
        "alpha": 72.33999633789062,
        "homo": -0.2547999918460846,
        "lumo": -0.0348999984562397,
        "gap": 0.2198999971151352,
        "r2": 1169.992919921875,
        "zpve": 0.1370829939842224,
        "u0": -455.18743896484375,
        "u298": -455.1790771484375,
        "h298": -455.1781311035156,
        "g298": -455.220703125,
        "cv": 31.107999801635742
      },
      "properties_display": {
        "mu": {
          "value": 6.2776,
          "unit": "D"
        },
        "homo": {
          "value": -6.93346,
          "unit": "eV"
        },
        "lumo": {
          "value": -0.94968,
          "unit": "eV"
        },
        "gap": {
          "value": 5.98379,
          "unit": "eV"
        }
      }
    },
    {
      "smiles": "CC1(CO)OCC2NC12",
      "iupac": "CC1(CO)OCC2NC12",
      "properties_raw": {
        "mu": 3.367799997329712,
        "alpha": 74.16000366210938,
        "homo": -0.2460000067949295,
        "lumo": 0.06499999761581421,
        "gap": 0.3109999895095825,
        "r2": 1096.8001708984375,
        "zpve": 0.17143599689006805,
        "u0": -440.2615966796875,
        "u298": -440.2530517578125,
        "h298": -440.2521057128906,
        "g298": -440.29443359375,
        "cv": 33.36000061035156
      },
      "properties_display": {
        "mu": {
          "value": 3.3678,
          "unit": "D"
        },
        "homo": {
          "value": -6.694,
          "unit": "eV"
        },
        "lumo": {
          "value": 1.76874,
          "unit": "eV"
        },
        "gap": {
          "value": 8.46275,
          "unit": "eV"
        }
      }
    }
  ],
  "per_seed": {
    "42": {
      "ooo_pred_idx": 3,
      "correct": true,
      "prop_preds_display": {
        "mu": {
          "values": [
            2.8512704372406006,
            3.4506349563598633,
            3.785487174987793,
            2.716146230697632
          ],
          "unit": "D"
        },
        "homo": {
          "values": [
            -6.7229502842396505,
            -6.6744052331596615,
            -6.6327343092322355,
            -6.53073139373064
          ],
          "unit": "eV"
        },
        "lumo": {
          "values": [
            -0.0446843354081735,
            -0.5132953279823065,
            -0.7633298935092986,
            0.3598679868843407
          ],
          "unit": "eV"
        },
        "gap": {
          "values": [
            6.647090380242467,
            6.082471642231941,
            5.729227144274116,
            6.917828322148323
          ],
          "unit": "eV"
        }
      },
      "per_mol_mae_display": {
        "mu": {
          "values": [
            1.3890297412872314,
            0.4320650100708008,
            2.492112636566162,
            0.6516537666320801
          ],
          "unit": "D"
        },
        "homo": {
          "values": [
            0.202350790742039,
            0.9202960569709537,
            0.30072974106073325,
            0.16327314194440845
          ],
          "unit": "eV"
        },
        "lumo": {
          "values": [
            1.0328870566511528,
            1.9384516126304865,
            0.1863478718601167,
            1.4088729055259377
          ],
          "unit": "eV"
        },
        "gap": {
          "values": [
            0.799360697320104,
            0.9395172927141191,
            0.2545594386726613,
            1.5449163906812666
          ],
          "unit": "eV"
        }
      },
      "pea_matrix": [
        [
          1.0,
          0.1268625259399414,
          0.13646313548088074,
          0.18006354570388794
        ],
        [
          0.11266761273145676,
          1.0,
          0.10840638726949692,
          0.17675696313381195
        ],
        [
          0.12413769215345383,
          0.11368725448846817,
          1.0,
          0.18351738154888153
        ],
        [
          0.11892855167388916,
          0.12894423305988312,
          0.12393300235271454,
          1.0
        ]
      ]
    },
    "123": {
      "ooo_pred_idx": 3,
      "correct": true,
      "prop_preds_display": {
        "mu": {
          "values": [
            2.832005262374878,
            3.402351140975952,
            3.358247756958008,
            2.3937876224517822
          ],
          "unit": "D"
        },
        "homo": {
          "values": [
            -6.633936967235804,
            -6.7157704240679745,
            -6.591793251928688,
            -6.429505786183476
          ],
          "unit": "eV"
        },
        "lumo": {
          "values": [
            0.2984417529113591,
            -0.43306169824153184,
            -0.3367944700147957,
            0.6354665870793164
          ],
          "unit": "eV"
        },
        "gap": {
          "values": [
            6.750392863816023,
            6.333624829730391,
            6.0732242321074015,
            6.92554625621438
          ],
          "unit": "eV"
        }
      },
      "per_mol_mae_display": {
        "mu": {
          "values": [
            1.408294916152954,
            0.4803488254547119,
            2.9193520545959473,
            0.9740123748779297
          ],
          "unit": "D"
        },
        "homo": {
          "values": [
            0.2913641077458857,
            0.8789308660626407,
            0.34167079836428105,
            0.2644987494915725
          ],
          "unit": "eV"
        },
        "lumo": {
          "values": [
            1.3760131449706852,
            2.0186852423712613,
            0.6128832953546196,
            1.133274305330962
          ],
          "unit": "eV"
        },
        "gap": {
          "values": [
            0.9026631808936596,
            1.1906704802125692,
            0.08943764916062413,
            1.5371984566152097
          ],
          "unit": "eV"
        }
      },