{
  "strategy": "scaffold_similar",
  "set_idx": 17,
  "ground_truth_ooo_idx": 3,
  "molecules": [
    {
      "smiles": "C(C1CO1)C1=CN=CN1",
      "iupac": "5-(oxiran-2-ylmethyl)-1H-imidazole",
      "properties_raw": {
        "mu": 4.061399936676025,
        "alpha": 74.61000061035156,
        "homo": -0.21570000052452087,
        "lumo": 0.03240000084042549,
        "gap": 0.24819999933242798,
        "r2": 1298.0526123046875,
        "zpve": 0.13832999765872955,
        "u0": -418.0237121582031,
        "u298": -418.0160217285156,
        "h298": -418.01507568359375,
        "g298": -418.05670166015625,
        "cv": 28.611000061035156
      },
      "properties_display": {
        "mu": {
          "value": 4.0614,
          "unit": "D"
        },
        "homo": {
          "value": -5.8695,
          "unit": "eV"
        },
        "lumo": {
          "value": 0.88165,
          "unit": "eV"
        },
        "gap": {
          "value": 6.75387,
          "unit": "eV"
        }
      }
    },
    {
      "smiles": "C#Cc1c(nco1)N",
      "iupac": "C#Cc1c(nco1)N",
      "properties_raw": {
        "mu": 1.4213999509811401,
        "alpha": 68.16999816894531,
        "homo": -0.2013999968767166,
        "lumo": -0.019200000911951065,
        "gap": 0.18230000138282776,
        "r2": 863.2152099609375,
        "zpve": 0.0843769982457161,
        "u0": -377.52203369140625,
        "u298": -377.5150451660156,
        "h298": -377.51409912109375,
        "g298": -377.55303955078125,
        "cv": 26.17300033569336
      },
      "properties_display": {
        "mu": {
          "value": 1.4214,
          "unit": "D"
        },
        "homo": {
          "value": -5.48038,
          "unit": "eV"
        },
        "lumo": {
          "value": -0.52246,
          "unit": "eV"
        },
        "gap": {
          "value": 4.96064,
          "unit": "eV"
        }
      }
    },
    {
      "smiles": "CC1=C(C)C=NC(=N)O1",
      "iupac": "CC1=C(C)C=NC(=N)O1",
      "properties_raw": {
        "mu": 4.893400192260742,
        "alpha": 81.81999969482422,
        "homo": -0.22010000050067902,
        "lumo": -0.06069999933242798,
        "gap": 0.15940000116825104,
        "r2": 1176.3841552734375,
        "zpve": 0.13547800481319427,
        "u0": -418.0508117675781,
        "u298": -418.0419006347656,
        "h298": -418.0409851074219,
        "g298": -418.0855407714844,
        "cv": 31.56999969482422
      },
      "properties_display": {
        "mu": {
          "value": 4.8934,
          "unit": "D"
        },
        "homo": {
          "value": -5.98923,
          "unit": "eV"
        },
        "lumo": {
          "value": -1.65173,
          "unit": "eV"
        },
        "gap": {
          "value": 4.3375,
          "unit": "eV"
        }
      }
    },
    {
      "smiles": "CC1CC2NC1(C)C2=O",
      "iupac": "CC1CC2NC1(C)C2=O",
      "properties_raw": {
        "mu": 1.8803999423980713,
        "alpha": 79.0,
        "homo": -0.23340000212192535,
        "lumo": 0.0027000000700354576,
        "gap": 0.2361000031232834,
        "r2": 1063.4295654296875,
        "zpve": 0.17156800627708435,
        "u0": -403.1512145996094,
        "u298": -403.1426696777344,
        "h298": -403.1417541503906,
        "g298": -403.183837890625,
        "cv": 33.12300109863281
      },
      "properties_display": {
        "mu": {
          "value": 1.8804,
          "unit": "D"
        },
        "homo": {
          "value": -6.35114,
          "unit": "eV"
        },
        "lumo": {
          "value": 0.07347,
          "unit": "eV"
        },
        "gap": {
          "value": 6.42461,
          "unit": "eV"
        }
      }
    }
  ],
  "per_seed": {
    "42": {
      "ooo_pred_idx": 3,
      "correct": true,
      "prop_preds_display": {
        "mu": {
          "values": [
            3.3850207328796387,
            3.4632716178894043,
            3.3981258869171143,
            2.888831377029419
          ],
          "unit": "D"
        },
        "homo": {
          "values": [
            -6.546393925997615,
            -6.505099694344402,
            -6.502904823213816,
            -6.564743178403377
          ],
          "unit": "eV"
        },
        "lumo": {
          "values": [
            -0.2342744642842561,
            -0.5899145973794162,
            -0.378608833007887,
            0.05809406338129193
          ],
          "unit": "eV"
        },
        "gap": {
          "values": [
            5.855422705468536,
            5.933330696308613,
            5.9626315974056725,
            6.720449274608493
          ],
          "unit": "eV"
        }
      },
      "per_mol_mae_display": {
        "mu": {
          "values": [
            0.6763792037963867,
            2.041871666908264,
            1.495274305343628,
            1.0084314346313477
          ],
          "unit": "D"
        },
        "homo": {
          "values": [
            0.6768951962918042,
            1.0247239275902515,
            0.5136760977804666,
            0.21360267928838717
          ],
          "unit": "eV"
        },
        "lumo": {
          "values": [
            1.115923839246109,
            0.06745568643733857,
            1.273123015708849,
            0.01537671538200229
          ],
          "unit": "eV"
        },
        "gap": {
          "values": [
            0.8984463512331242,
            0.9726926500439648,
            1.62513436306119,
            0.295837706157565
          ],
          "unit": "eV"
        }
      },
      "pea_matrix": [
        [
          1.0,
          0.0904792994260788,
          0.13155992329120636,
          0.2602764666080475
        ],
        [
          0.12829361855983734,
          1.0,
          0.11771108955144882,
          0.21457083523273468
        ],
        [
          0.1609063744544983,
          0.10439568012952805,
          1.0,
          0.1730729639530182
        ],
        [
          0.19700652360916138,
          0.12737460434436798,
          0.11454031616449356,
          1.0
        ]
      ]
    },
    "123": {
      "ooo_pred_idx": 3,
      "correct": true,
      "prop_preds_display": {
        "mu": {
          "values": [
            3.2140614986419678,
            3.40338134765625,
            3.064615249633789,
            2.532327890396118
          ],
          "unit": "D"
        },
        "homo": {
          "values": [
            -6.522173302084208,
            -6.502524887087941,
            -6.460261960232258,
            -6.591861372813582
          ],
          "unit": "eV"
        },
        "lumo": {
          "values": [
            -0.24118052310161295,
            -0.7122967068344355,
            -0.16291210993081331,
            0.15320395882865415
          ],
          "unit": "eV"
        },
        "gap": {
          "values": [
            6.219049556151033,
            5.927835206112266,
            6.205544185239077,
            6.693676550400258
          ],
          "unit": "eV"
        }
      },
      "per_mol_mae_display": {
        "mu": {
          "values": [
            0.8473384380340576,
            1.9819813966751099,
            1.8287849426269531,
            0.6519279479980469
          ],
          "unit": "D"
        },
        "homo": {
          "values": [
            0.6526745723783973,
            1.0221491203337907,
            0.4710332347989086,
            0.24072087369859219
          ],
          "unit": "eV"
        },
        "lumo": {
          "values": [
            1.122829898063466,
            0.18983779589235783,
            1.4888197387859226,
            0.07973318006535993
          ],
          "unit": "eV"
        },
        "gap": {
          "values": [
            0.5348195005506273,
            0.9671971598476174,
            1.8680469508945947,
            0.26906498194933004
          ],
          "unit": "eV"
        }
      },