{
  "strategy": "scaffold_similar",
  "set_idx": 70,
  "ground_truth_ooo_idx": 3,
  "molecules": [
    {
      "smiles": "NC1=C(NC=C1)OC=N",
      "iupac": "NC1=C(NC=C1)OC=N",
      "properties_raw": {
        "mu": 2.124500036239624,
        "alpha": 74.5999984741211,
        "homo": -0.18449999392032623,
        "lumo": 0.01730000041425228,
        "gap": 0.20180000364780426,
        "r2": 1242.012451171875,
        "zpve": 0.12511999905109406,
        "u0": -434.0832214355469,
        "u298": -434.07440185546875,
        "h298": -434.0734558105469,
        "g298": -434.1174011230469,
        "cv": 31.91900062561035
      },
      "properties_display": {
        "mu": {
          "value": 2.1245,
          "unit": "D"
        },
        "homo": {
          "value": -5.0205,
          "unit": "eV"
        },
        "lumo": {
          "value": 0.47076,
          "unit": "eV"
        },
        "gap": {
          "value": 5.49126,
          "unit": "eV"
        }
      }
    },
    {
      "smiles": "c1c[nH]nc1C#CCO",
      "iupac": "3-(1H-pyrazol-5-yl)prop-2-yn-1-ol",
      "properties_raw": {
        "mu": 1.823799967765808,
        "alpha": 81.9800033569336,
        "homo": -0.22689999639987946,
        "lumo": -0.007000000216066837,
        "gap": 0.2198999971151352,
        "r2": 1763.7939453125,
        "zpve": 0.11367499828338623,
        "u0": -416.78887939453125,
        "u298": -416.78033447265625,
        "h298": -416.7793884277344,
        "g298": -416.8240966796875,
        "cv": 29.893999099731445
      },
      "properties_display": {
        "mu": {
          "value": 1.8238,
          "unit": "D"
        },
        "homo": {
          "value": -6.17427,
          "unit": "eV"
        },
        "lumo": {
          "value": -0.19048,
          "unit": "eV"
        },
        "gap": {
          "value": 5.98379,
          "unit": "eV"
        }
      }
    },
    {
      "smiles": "NC1=C(N=NO1)C#N",
      "iupac": "NC1=C(N=NO1)C#N",
      "properties_raw": {
        "mu": 1.4005000591278076,
        "alpha": 60.7599983215332,
        "homo": -0.26409998536109924,
        "lumo": -0.09539999812841415,
        "gap": 0.16869999468326569,
        "r2": 892.6220092773438,
        "zpve": 0.059192001819610596,
        "u0": -409.6581726074219,
        "u298": -409.6501770019531,
        "h298": -409.64923095703125,
        "g298": -409.6910400390625,
        "cv": 26.54199981689453
      },
      "properties_display": {
        "mu": {
          "value": 1.4005,
          "unit": "D"
        },
        "homo": {
          "value": -7.18653,
          "unit": "eV"
        },
        "lumo": {
          "value": -2.59597,
          "unit": "eV"
        },
        "gap": {
          "value": 4.59056,
          "unit": "eV"
        }
      }
    },
    {
      "smiles": "CC1(C)C2OC3CC2C13",
      "iupac": "CC1(C)C2OC3CC2C13",
      "properties_raw": {
        "mu": 1.513800024986267,
        "alpha": 81.43000030517578,
        "homo": -0.23559999465942383,
        "lumo": 0.08749999850988388,
        "gap": 0.3231000006198883,
        "r2": 1012.4094848632812,
        "zpve": 0.18340499699115753,
        "u0": -387.0538330078125,
        "u298": -387.046142578125,
        "h298": -387.0451965332031,
        "g298": -387.0852966308594,
        "cv": 31.93600082397461
      },
      "properties_display": {
        "mu": {
          "value": 1.5138,
          "unit": "D"
        },
        "homo": {
          "value": -6.41101,
          "unit": "eV"
        },
        "lumo": {
          "value": 2.381,
          "unit": "eV"
        },
        "gap": {
          "value": 8.792,
          "unit": "eV"
        }
      }
    }
  ],
  "per_seed": {
    "42": {
      "ooo_pred_idx": 3,
      "correct": true,
      "prop_preds_display": {
        "mu": {
          "values": [
            3.663496494293213,
            3.5381617546081543,
            3.837736129760742,
            1.323056936264038
          ],
          "unit": "D"
        },
        "homo": {
          "values": [
            -6.51012563701272,
            -6.451388404011727,
            -6.245000369444489,
            -6.583605364853144
          ],
          "unit": "eV"
        },
        "lumo": {
          "values": [
            -0.4805844291962683,
            -0.5730338974431157,
            -0.7759056981794537,
            1.3192224678091706
          ],
          "unit": "eV"
        },
        "gap": {
          "values": [
            5.89856390516162,
            6.048845470425487,
            5.482861070865393,
            7.9442494868636135
          ],
          "unit": "eV"
        }
      },
      "per_mol_mae_display": {
        "mu": {
          "values": [
            1.5389964580535889,
            1.7143617868423462,
            2.4372360706329346,
            0.190743088722229
          ],
          "unit": "D"
        },
        "homo": {
          "values": [
            1.4896225928843023,
            0.2771220656633382,
            0.9415297437757255,
            0.17259986787438386
          ],
          "unit": "eV"
        },
        "lumo": {
          "values": [
            0.951341645411402,
            0.3825540973380208,
            1.82006183302477,
            1.0617749515481292
          ],
          "unit": "eV"
        },
        "gap": {
          "values": [
            0.40730337659716653,
            0.06505888747870969,
            0.892298250430823,
            0.8477531910538669
          ],
          "unit": "eV"
        }
      },
      "pea_matrix": [
        [
          1.0,
          0.12481462955474854,
          0.09117680042982101,
          0.2699732780456543
        ],
        [
          0.10312182456254959,
          1.0,
          0.08845150470733643,
          0.2865374982357025
        ],
        [
          0.13523316383361816,
          0.15968558192253113,
          1.0,
          0.3496638238430023
        ],
        [
          0.1004062294960022,
          0.14093992114067078,
          0.09097272902727127,
          1.0
        ]
      ]
    },
    "123": {
      "ooo_pred_idx": 3,
      "correct": true,
      "prop_preds_display": {
        "mu": {
          "values": [
            3.57330322265625,
            3.2639286518096924,
            3.7514920234680176,
            1.1690815687179565
          ],
          "unit": "D"
        },
        "homo": {
          "values": [
            -6.574811282998324,
            -6.616036582803726,
            -6.265352700251341,
            -6.44859869158268
          ],
          "unit": "eV"
        },
        "lumo": {
          "values": [
            -0.357059774363786,
            -0.23679174385890367,
            -0.6604662422433496,
            1.4945728228256108
          ],
          "unit": "eV"
        },
        "gap": {
          "values": [
            6.377551852488518,
            6.266552114403248,
            5.73769643548131,
            8.198930768525601
          ],
          "unit": "eV"
        }
      },
      "per_mol_mae_display": {
        "mu": {
          "values": [
            1.448803186416626,
            1.4401286840438843,
            2.35099196434021,
            0.34471845626831055
          ],
          "unit": "D"
        },
        "homo": {
          "values": [
            1.5543082388699059,
            0.44177024445533775,
            0.9211774129688735,
            0.037593194603919855
          ],
          "unit": "eV"
        },
        "lumo": {
          "values": [
            0.8278169905789197,
            0.04631194375380876,
            1.935501288960874,
            0.886424596531689
          ],
          "unit": "eV"
        },
        "gap": {
          "values": [
            0.8862913239240653,
            0.2827655314564703,
            1.14713361504674,
            0.5930719093918793
          ],
          "unit": "eV"
        }
      },