{
  "strategy": "scaffold_similar",
  "set_idx": 72,
  "ground_truth_ooo_idx": 3,
  "molecules": [
    {
      "smiles": "C1CC(C1)OC(=O)C#N",
      "iupac": "C1CC(C1)OC(=O)C#N",
      "properties_raw": {
        "mu": 4.5665998458862305,
        "alpha": 71.8499984741211,
        "homo": -0.3125999867916107,
        "lumo": -0.0674000009894371,
        "gap": 0.2451999932527542,
        "r2": 1432.739013671875,
        "zpve": 0.12380699813365936,
        "u0": -437.9080505371094,
        "u298": -437.8995056152344,
        "h298": -437.8985595703125,
        "g298": -437.942626953125,
        "cv": 30.076000213623047
      },
      "properties_display": {
        "mu": {
          "value": 4.5666,
          "unit": "D"
        },
        "homo": {
          "value": -8.50628,
          "unit": "eV"
        },
        "lumo": {
          "value": -1.83405,
          "unit": "eV"
        },
        "gap": {
          "value": 6.67224,
          "unit": "eV"
        }
      }
    },
    {
      "smiles": "CC1CC2CCC1C2=O",
      "iupac": "2-methylbicyclo[2.2.1]heptan-7-one",
      "properties_raw": {
        "mu": 2.849299907684326,
        "alpha": 80.83000183105469,
        "homo": -0.2273000031709671,
        "lumo": -0.004699999932199717,
        "gap": 0.2224999964237213,
        "r2": 1062.2786865234375,
        "zpve": 0.18548600375652313,
        "u0": -387.1318054199219,
        "u298": -387.1239013671875,
        "h298": -387.1229553222656,
        "g298": -387.1640930175781,
        "cv": 31.56100082397461
      },
      "properties_display": {
        "mu": {
          "value": 2.8493,
          "unit": "D"
        },
        "homo": {
          "value": -6.18515,
          "unit": "eV"
        },
        "lumo": {
          "value": -0.12789,
          "unit": "eV"
        },
        "gap": {
          "value": 6.05454,
          "unit": "eV"
        }
      }
    },
    {
      "smiles": "CC1(CC1)C1CN1C=O",
      "iupac": "CC1(CC1)C1CN1C=O",
      "properties_raw": {
        "mu": 3.73580002784729,
        "alpha": 80.83999633789062,
        "homo": -0.2476000040769577,
        "lumo": 0.00800000037997961,
        "gap": 0.2556000053882599,
        "r2": 1252.805419921875,
        "zpve": 0.16988100111484528,
        "u0": -403.1299743652344,
        "u298": -403.1208190917969,
        "h298": -403.119873046875,
        "g298": -403.1640930175781,
        "cv": 34.1349983215332
      },
      "properties_display": {
        "mu": {
          "value": 3.7358,
          "unit": "D"
        },
        "homo": {
          "value": -6.73754,
          "unit": "eV"
        },
        "lumo": {
          "value": 0.21769,
          "unit": "eV"
        },
        "gap": {
          "value": 6.95523,
          "unit": "eV"
        }
      }
    },
    {
      "smiles": "CC12C3CC=C1CN23",
      "iupac": "CC12C3CC=C1CN23",
      "properties_raw": {
        "mu": 0.7807999849319458,
        "alpha": 75.25,
        "homo": -0.20679999887943268,
        "lumo": -0.03400000184774399,
        "gap": 0.1728000044822693,
        "r2": 762.5260009765625,
        "zpve": 0.14251400530338287,
        "u0": -326.6104431152344,
        "u298": -326.603759765625,
        "h298": -326.6028137207031,
        "g298": -326.6407165527344,
        "cv": 26.881999969482422
      },
      "properties_display": {
        "mu": {
          "value": 0.7808,
          "unit": "D"
        },
        "homo": {
          "value": -5.62732,
          "unit": "eV"
        },
        "lumo": {
          "value": -0.92519,
          "unit": "eV"
        },
        "gap": {
          "value": 4.70213,
          "unit": "eV"
        }
      }
    }
  ],
  "per_seed": {
    "42": {
      "ooo_pred_idx": 0,
      "correct": false,
      "prop_preds_display": {
        "mu": {
          "values": [
            2.9815356731414795,
            1.712091088294983,
            2.31583571434021,
            1.6657497882843018
          ],
          "unit": "D"
        },
        "homo": {
          "values": [
            -6.726182376939058,
            -6.541831854116917,
            -6.392558721238375,
            -6.204458711376787
          ],
          "unit": "eV"
        },
        "lumo": {
          "values": [
            -0.17101413630768658,
            1.011504110108316,
            1.0222862675502897,
            1.4416360020771624
          ],
          "unit": "eV"
        },
        "gap": {
          "values": [
            6.282633509016037,
            7.516421135056019,
            7.471391608214379,
            7.720216926664114
          ],
          "unit": "eV"
        }
      },
      "per_mol_mae_display": {
        "mu": {
          "values": [
            1.585064172744751,
            1.1372088193893433,
            1.41996431350708,
            0.884949803352356
          ],
          "unit": "D"
        },
        "homo": {
          "values": [
            1.780100429457426,
            0.3566807539582255,
            0.3449839080035684,
            0.5771412827879194
          ],
          "unit": "eV"
        },
        "lumo": {
          "values": [
            1.6630341348715127,
            1.139397677193582,
            0.8045950695589186,
            2.3668236494198442
          ],
          "unit": "eV"
        },
        "gap": {
          "values": [
            0.38960150303840635,
            1.4618847924351694,
            0.5161580343008048,
            3.018087085813284
          ],
          "unit": "eV"
        }
      },
      "pea_matrix": [
        [
          1.0,
          0.17626400291919708,
          0.1671469807624817,
          0.20457160472869873
        ],
        [
          0.10990341007709503,
          1.0,
          0.12479350715875626,
          0.11336769163608551
        ],
        [
          0.13433517515659332,
          0.1679239273071289,
          1.0,
          0.10583924502134323
        ],
        [
          0.14586420357227325,
          0.1430419236421585,
          0.09683278203010559,
          1.0
        ]
      ]
    },
    "123": {
      "ooo_pred_idx": 1,
      "correct": false,
      "prop_preds_display": {
        "mu": {
          "values": [
            3.252063751220703,
            2.0080342292785645,
            2.2745680809020996,
            1.4602919816970825
          ],
          "unit": "D"
        },
        "homo": {
          "values": [
            -6.788812637415528,
            -6.686451681786776,
            -6.390444135436416,
            -6.196649949464202
          ],
          "unit": "eV"
        },
        "lumo": {
          "values": [
            -0.42772039236947895,
            0.7820306476537139,
            0.8091591818410904,
            1.469202253498137
          ],
          "unit": "eV"
        },
        "gap": {
          "values": [
            6.361363816252351,
            7.367542941117287,
            7.155558856952191,
            7.646953725922108
          ],
          "unit": "eV"
        }
      },
      "per_mol_mae_display": {
        "mu": {
          "values": [
            1.3145360946655273,
            0.8412656784057617,
            1.4612319469451904,
            0.6794919967651367
          ],
          "unit": "D"
        },
        "homo": {
          "values": [
            1.717470168980956,
            0.5013005816280849,
            0.34709849380552704,
            0.569332520875335
          ],
          "unit": "eV"
        },
        "lumo": {
          "values": [
            1.4063278788097202,
            0.90992421473898,
            0.5914679838497192,
            2.394389900840819
          ],
          "unit": "eV"
        },
        "gap": {
          "values": [
            0.31087119580209244,
            1.313006598496437,
            0.20032528303861685,
            2.944823885071278
          ],
          "unit": "eV"
        }
      },