{
  "strategy": "random",
  "set_idx": 70,
  "ground_truth_ooo_idx": 3,
  "molecules": [
    {
      "smiles": "NC1=C(NC=C1)OC=N",
      "iupac": "NC1=C(NC=C1)OC=N",
      "properties_raw": {
        "mu": 2.124500036239624,
        "alpha": 74.5999984741211,
        "homo": -0.18449999392032623,
        "lumo": 0.01730000041425228,
        "gap": 0.20180000364780426,
        "r2": 1242.012451171875,
        "zpve": 0.12511999905109406,
        "u0": -434.0832214355469,
        "u298": -434.07440185546875,
        "h298": -434.0734558105469,
        "g298": -434.1174011230469,
        "cv": 31.91900062561035
      },
      "properties_display": {
        "mu": {
          "value": 2.1245,
          "unit": "D"
        },
        "homo": {
          "value": -5.0205,
          "unit": "eV"
        },
        "lumo": {
          "value": 0.47076,
          "unit": "eV"
        },
        "gap": {
          "value": 5.49126,
          "unit": "eV"
        }
      }
    },
    {
      "smiles": "c1c[nH]nc1C#CCO",
      "iupac": "3-(1H-pyrazol-5-yl)prop-2-yn-1-ol",
      "properties_raw": {
        "mu": 1.823799967765808,
        "alpha": 81.9800033569336,
        "homo": -0.22689999639987946,
        "lumo": -0.007000000216066837,
        "gap": 0.2198999971151352,
        "r2": 1763.7939453125,
        "zpve": 0.11367499828338623,
        "u0": -416.78887939453125,
        "u298": -416.78033447265625,
        "h298": -416.7793884277344,
        "g298": -416.8240966796875,
        "cv": 29.893999099731445
      },
      "properties_display": {
        "mu": {
          "value": 1.8238,
          "unit": "D"
        },
        "homo": {
          "value": -6.17427,
          "unit": "eV"
        },
        "lumo": {
          "value": -0.19048,
          "unit": "eV"
        },
        "gap": {
          "value": 5.98379,
          "unit": "eV"
        }
      }
    },
    {
      "smiles": "NC1=C(N=NO1)C#N",
      "iupac": "NC1=C(N=NO1)C#N",
      "properties_raw": {
        "mu": 1.4005000591278076,
        "alpha": 60.7599983215332,
        "homo": -0.26409998536109924,
        "lumo": -0.09539999812841415,
        "gap": 0.16869999468326569,
        "r2": 892.6220092773438,
        "zpve": 0.059192001819610596,
        "u0": -409.6581726074219,
        "u298": -409.6501770019531,
        "h298": -409.64923095703125,
        "g298": -409.6910400390625,
        "cv": 26.54199981689453
      },
      "properties_display": {
        "mu": {
          "value": 1.4005,
          "unit": "D"
        },
        "homo": {
          "value": -7.18653,
          "unit": "eV"
        },
        "lumo": {
          "value": -2.59597,
          "unit": "eV"
        },
        "gap": {
          "value": 4.59056,
          "unit": "eV"
        }
      }
    },
    {
      "smiles": "CC1(C)C2OC3CC2C13",
      "iupac": "CC1(C)C2OC3CC2C13",
      "properties_raw": {
        "mu": 1.513800024986267,
        "alpha": 81.43000030517578,
        "homo": -0.23559999465942383,
        "lumo": 0.08749999850988388,
        "gap": 0.3231000006198883,
        "r2": 1012.4094848632812,
        "zpve": 0.18340499699115753,
        "u0": -387.0538330078125,
        "u298": -387.046142578125,
        "h298": -387.0451965332031,
        "g298": -387.0852966308594,
        "cv": 31.93600082397461
      },
      "properties_display": {
        "mu": {
          "value": 1.5138,
          "unit": "D"
        },
        "homo": {
          "value": -6.41101,
          "unit": "eV"
        },
        "lumo": {
          "value": 2.381,
          "unit": "eV"
        },
        "gap": {
          "value": 8.792,
          "unit": "eV"
        }
      }
    }
  ],
  "per_seed": {
    "42": {
      "ooo_pred_idx": 3,
      "correct": true,
      "prop_preds_display": {
        "mu": {
          "values": [
            3.2442078590393066,
            3.2399075031280518,
            3.332573175430298,
            1.4585565328598022
          ],
          "unit": "D"
        },
        "homo": {
          "values": [
            -6.3790732189178465,
            -6.451802400580049,
            -6.3428483164489275,
            -6.513960680639744
          ],
          "unit": "eV"
        },
        "lumo": {
          "values": [
            -0.45281361237987877,
            -0.46644387158080935,
            -1.0746607868872584,
            1.5206001707442105
          ],
          "unit": "eV"
        },
        "gap": {
          "values": [
            5.902936211720109,
            5.969948104828596,
            5.174983865803481,
            7.944137573981285
          ],
          "unit": "eV"
        }
      },
      "per_mol_mae_display": {
        "mu": {
          "values": [
            1.1197078227996826,
            1.4161075353622437,
            1.9320731163024902,
            0.055243492126464844
          ],
          "unit": "D"
        },
        "homo": {
          "values": [
            1.3585701747894285,
            0.2775360622316603,
            0.8436817967712873,
            0.10295518366098388
          ],
          "unit": "eV"
        },
        "lumo": {
          "values": [
            0.9235708285950124,
            0.27596407147571445,
            1.5213067443169652,
            0.8603972486130893
          ],
          "unit": "eV"
        },
        "gap": {
          "values": [
            0.4116756831556563,
            0.013838478118181285,
            0.5844210453689103,
            0.8478651039361953
          ],
          "unit": "eV"
        }
      }
    },
    "123": {
      "ooo_pred_idx": 3,
      "correct": true,
      "prop_preds_display": {
        "mu": {
          "values": [
            3.5351784229278564,
            3.132192373275757,
            3.4012880325317383,
            1.5071996450424194
          ],
          "unit": "D"
        },
        "homo": {
          "values": [
            -6.4510818600296975,
            -6.582892528450489,
            -6.371997161999345,
            -6.50421452832222
          ],
          "unit": "eV"
        },
        "lumo": {
          "values": [
            -0.6132329236790538,
            -0.432934883915633,
            -0.9225838510990143,
            1.4157168163374068
          ],
          "unit": "eV"
        },
        "gap": {
          "values": [
            5.664940897524357,
            6.136188203823567,
            5.45094886918068,
            7.901096528208256
          ],
          "unit": "eV"
        }
      },
      "per_mol_mae_display": {
        "mu": {
          "values": [
            1.4106783866882324,
            1.3083924055099487,
            2.0007879734039307,
            0.006600379943847656
          ],
          "unit": "D"
        },
        "homo": {
          "values": [
            1.4305788159012796,
            0.4086261901021002,
            0.8145329512208699,
            0.09320903134346015
          ],
          "unit": "eV"
        },
        "lumo": {
          "values": [
            1.0839901398941874,
            0.2424550838105381,
            1.6733836801052093,
            0.965280603019893
          ],
          "unit": "eV"
        },
        "gap": {
          "values": [
            0.17368036895990357,
            0.15240162087678932,
            0.8603860487461095,
            0.8909061497092248
          ],
          "unit": "eV"
        }
      }
    },
    "456": {
      "ooo_pred_idx": 3,
      "correct": true,
      "prop_preds_display": {
        "mu": {
          "values": [
            3.1610474586486816,
            3.2406771183013916,
            3.143425941467285,
            1.3074843883514404
          ],
          "unit": "D"
        },
        "homo": {
          "values": [
            -6.453753577354551,
            -6.387763497519494,
            -6.153076506537199,
            -6.447343320989609
          ],
          "unit": "eV"
        },