{
  "strategy": "random",
  "set_idx": 91,
  "ground_truth_ooo_idx": 3,
  "molecules": [
    {
      "smiles": "CC1COC(CO)=N1",
      "iupac": "(4-methyl-4,5-dihydro-1,3-oxazol-2-yl…",
      "properties_raw": {
        "mu": 3.1277999877929688,
        "alpha": 65.69000244140625,
        "homo": -0.2549000084400177,
        "lumo": 0.019899999722838402,
        "gap": 0.27480000257492065,
        "r2": 1054.074462890625,
        "zpve": 0.14229199290275574,
        "u0": -401.019287109375,
        "u298": -401.0110168457031,
        "h298": -401.01007080078125,
        "g298": -401.0525817871094,
        "cv": 29.250999450683594
      },
      "properties_display": {
        "mu": {
          "value": 3.1278,
          "unit": "D"
        },
        "homo": {
          "value": -6.93619,
          "unit": "eV"
        },
        "lumo": {
          "value": 0.54151,
          "unit": "eV"
        },
        "gap": {
          "value": 7.47769,
          "unit": "eV"
        }
      }
    },
    {
      "smiles": "CC1(O)CC2(CO2)C=C1",
      "iupac": "CC1(O)CC2(CO2)C=C1",
      "properties_raw": {
        "mu": 2.0206000804901123,
        "alpha": 78.2699966430664,
        "homo": -0.24639999866485596,
        "lumo": 0.0005000000237487257,
        "gap": 0.24690000712871552,
        "r2": 1189.004150390625,
        "zpve": 0.15770700573921204,
        "u0": -423.0177001953125,
        "u298": -423.009033203125,
        "h298": -423.0080871582031,
        "g298": -423.05108642578125,
        "cv": 33.78900146484375
      },
      "properties_display": {
        "mu": {
          "value": 2.0206,
          "unit": "D"
        },
        "homo": {
          "value": -6.70489,
          "unit": "eV"
        },
        "lumo": {
          "value": 0.01361,
          "unit": "eV"
        },
        "gap": {
          "value": 6.71849,
          "unit": "eV"
        }
      }
    },
    {
      "smiles": "COC1CC(C)CC1O",
      "iupac": "2-methoxy-4-methylcyclopentan-1-ol",
      "properties_raw": {
        "mu": 1.455399990081787,
        "alpha": 82.12000274658203,
        "homo": -0.24320000410079956,
        "lumo": 0.07169999927282333,
        "gap": 0.3149999976158142,
        "r2": 1419.095947265625,
        "zpve": 0.20573300123214722,
        "u0": -425.4342041015625,
        "u298": -425.4244079589844,
        "h298": -425.4234619140625,
        "g298": -425.4693908691406,
        "cv": 37.029998779296875
      },
      "properties_display": {
        "mu": {
          "value": 1.4554,
          "unit": "D"
        },
        "homo": {
          "value": -6.61781,
          "unit": "eV"
        },
        "lumo": {
          "value": 1.95106,
          "unit": "eV"
        },
        "gap": {
          "value": 8.57159,
          "unit": "eV"
        }
      }
    },
    {
      "smiles": "c1c(=O)c(noc1F)N",
      "iupac": "c1c(=O)c(noc1F)N",
      "properties_raw": {
        "mu": 0.883899986743927,
        "alpha": 61.13999938964844,
        "homo": -0.24799999594688416,
        "lumo": -0.05700000002980232,
        "gap": 0.19089999794960022,
        "r2": 1059.7845458984375,
        "zpve": 0.07659699767827988,
        "u0": -513.9125366210938,
        "u298": -513.905029296875,
        "h298": -513.9041137695312,
        "g298": -513.944580078125,
        "cv": 27.715999603271484
      },
      "properties_display": {
        "mu": {
          "value": 0.8839,
          "unit": "D"
        },
        "homo": {
          "value": -6.74843,
          "unit": "eV"
        },
        "lumo": {
          "value": -1.55105,
          "unit": "eV"
        },
        "gap": {
          "value": 5.19466,
          "unit": "eV"
        }
      }
    }
  ],
  "per_seed": {
    "42": {
      "ooo_pred_idx": 1,
      "correct": false,
      "prop_preds_display": {
        "mu": {
          "values": [
            3.4683010578155518,
            2.321723461151123,
            2.3794639110565186,
            3.3334574699401855
          ],
          "unit": "D"
        },
        "homo": {
          "values": [
            -6.522008676612377,
            -6.646738016855717,
            -6.779323965823651,
            -6.604623496213556
          ],
          "unit": "eV"
        },
        "lumo": {
          "values": [
            -0.29013196797259155,
            1.1513139139860868,
            0.1586754115773365,
            -1.0538622237361968
          ],
          "unit": "eV"
        },
        "gap": {
          "values": [
            6.2057262464135885,
            7.805900024455786,
            7.0097331274271015,
            5.3751733053267
          ],
          "unit": "eV"
        }
      },
      "per_mol_mae_display": {
        "mu": {
          "values": [
            0.340501070022583,
            0.30112338066101074,
            0.9240639209747314,
            2.4495574831962585
          ],
          "unit": "D"
        },
        "homo": {
          "values": [
            0.4141771601796149,
            0.0581508037924765,
            0.16151180914640495,
            0.14380341800153218
          ],
          "unit": "eV"
        },
        "lumo": {
          "values": [
            0.8316387948501855,
            1.1377082141116261,
            1.7923819032954051,
            0.4971874855838716
          ],
          "unit": "eV"
        },
        "gap": {
          "values": [
            1.271966357651353,
            1.087405609172583,
            1.5618572961568828,
            0.18051741009354583
          ],
          "unit": "eV"
        }
      }
    },
    "123": {
      "ooo_pred_idx": 1,
      "correct": false,
      "prop_preds_display": {
        "mu": {
          "values": [
            3.379007339477539,
            1.8052034378051758,
            2.506298065185547,
            3.1748852729797363
          ],
          "unit": "D"
        },
        "homo": {
          "values": [
            -6.501874089348316,
            -6.571104371511937,
            -6.806501766008139,
            -6.518107539507747
          ],
          "unit": "eV"
        },
        "lumo": {
          "values": [
            -0.6435767230853439,
            1.5013139520600438,
            0.2606072917960584,
            -1.1681692713312806
          ],
          "unit": "eV"
        },
        "gap": {
          "values": [
            5.810449135068059,
            8.125265330177546,
            7.1020855842351915,
            5.406784639769793
          ],
          "unit": "eV"
        }
      },
      "per_mol_mae_display": {
        "mu": {
          "values": [
            0.2512073516845703,
            0.21539664268493652,
            1.0508980751037598,
            2.2909852862358093
          ],
          "unit": "D"
        },
        "homo": {
          "values": [
            0.43431174744367596,
            0.13378444913625653,
            0.18868960933089252,
            0.23031937470734132
          ],
          "unit": "eV"
        },
        "lumo": {
          "values": [
            1.185083549962938,
            1.4877082521855831,
            1.6904500230766832,
            0.3828804379887878
          ],
          "unit": "eV"
        },
        "gap": {
          "values": [
            1.6672434689968822,
            1.4067709148943432,
            1.4695048393487928,
            0.21212874453663844
          ],
          "unit": "eV"
        }
      }
    },
    "456": {
      "ooo_pred_idx": 1,
      "correct": false,
      "prop_preds_display": {
        "mu": {
          "values": [
            3.3245272636413574,
            1.8264644145965576,
            2.559525966644287,
            2.8680686950683594
          ],
          "unit": "D"
        },
        "homo": {
          "values": [
            -6.541173757711054,
            -6.52745023777485,
            -6.778279040107131,
            -6.606124183088541
          ],
          "unit": "eV"
        },