{
  "strategy": "scaffold_similar",
  "set_idx": 63,
  "ground_truth_ooo_idx": 3,
  "molecules": [
    {
      "smiles": "C1C2C3OCC4C1N4C23",
      "iupac": "C1C2C3OCC4C1N4C23",
      "properties_raw": {
        "mu": 0.49410000443458557,
        "alpha": 72.91999816894531,
        "homo": -0.2231999933719635,
        "lumo": 0.08389999717473984,
        "gap": 0.30709999799728394,
        "r2": 832.473388671875,
        "zpve": 0.15197500586509705,
        "u0": -401.91180419921875,
        "u298": -401.90576171875,
        "h298": -401.9048156738281,
        "g298": -401.94183349609375,
        "cv": 25.909000396728516
      },
      "properties_display": {
        "mu": {
          "value": 0.4941,
          "unit": "D"
        },
        "homo": {
          "value": -6.07358,
          "unit": "eV"
        },
        "lumo": {
          "value": 2.28304,
          "unit": "eV"
        },
        "gap": {
          "value": 8.35662,
          "unit": "eV"
        }
      }
    },
    {
      "smiles": "CCC1OCC=C1",
      "iupac": "2-ethyl-2,5-dihydrofuran",
      "properties_raw": {
        "mu": 1.430899977684021,
        "alpha": 66.12999725341797,
        "homo": -0.22949999570846558,
        "lumo": 0.01850000023841858,
        "gap": 0.24799999594688416,
        "r2": 819.6130981445312,
        "zpve": 0.1485690027475357,
        "u0": -309.7264709472656,
        "u298": -309.71929931640625,
        "h298": -309.7183532714844,
        "g298": -309.7578430175781,
        "cv": 26.073999404907227
      },
      "properties_display": {
        "mu": {
          "value": 1.4309,
          "unit": "D"
        },
        "homo": {
          "value": -6.24502,
          "unit": "eV"
        },
        "lumo": {
          "value": 0.50341,
          "unit": "eV"
        },
        "gap": {
          "value": 6.74843,
          "unit": "eV"
        }
      }
    },
    {
      "smiles": "CC1OC2(C)CC1C2",
      "iupac": "CC1OC2(C)CC1C2",
      "properties_raw": {
        "mu": 1.3410999774932861,
        "alpha": 74.87999725341797,
        "homo": -0.23250000178813934,
        "lumo": 0.09300000220537186,
        "gap": 0.3255000114440918,
        "r2": 905.025390625,
        "zpve": 0.17763300240039825,
        "u0": -349.0002136230469,
        "u298": -348.9927062988281,
        "h298": -348.99176025390625,
        "g298": -349.03131103515625,
        "cv": 30.357999801635742
      },
      "properties_display": {
        "mu": {
          "value": 1.3411,
          "unit": "D"
        },
        "homo": {
          "value": -6.32665,
          "unit": "eV"
        },
        "lumo": {
          "value": 2.53066,
          "unit": "eV"
        },
        "gap": {
          "value": 8.85731,
          "unit": "eV"
        }
      }
    },
    {
      "smiles": "CC1(COC1=O)C1CC1",
      "iupac": "CC1(COC1=O)C1CC1",
      "properties_raw": {
        "mu": 3.8729000091552734,
        "alpha": 74.13999938964844,
        "homo": -0.26899999380111694,
        "lumo": 0.01080000028014183,
        "gap": 0.27970001101493835,
        "r2": 1074.0452880859375,
        "zpve": 0.15884199738502502,
        "u0": -423.0428466796875,
        "u298": -423.03411865234375,
        "h298": -423.0331726074219,
        "g298": -423.076416015625,
        "cv": 32.558998107910156
      },
      "properties_display": {
        "mu": {
          "value": 3.8729,
          "unit": "D"
        },
        "homo": {
          "value": -7.31987,
          "unit": "eV"
        },
        "lumo": {
          "value": 0.29388,
          "unit": "eV"
        },
        "gap": {
          "value": 7.61103,
          "unit": "eV"
        }
      }
    }
  ],
  "per_seed": {
    "42": {
      "ooo_pred_idx": 0,
      "correct": false,
      "prop_preds_display": {
        "mu": {
          "values": [
            2.3359222412109375,
            1.91331148147583,
            1.7258410453796387,
            2.27695631980896
          ],
          "unit": "D"
        },
        "homo": {
          "values": [
            -6.32018068651855,
            -6.605713430371881,
            -6.519716084450484,
            -6.703997269943357
          ],
          "unit": "eV"
        },
        "lumo": {
          "values": [
            1.1887081236086787,
            1.0734884386226535,
            1.3332528358384967,
            0.526495979578793
          ],
          "unit": "eV"
        },
        "gap": {
          "values": [
            7.437724482780696,
            7.693193209433556,
            7.756393171358109,
            7.309457722300292
          ],
          "unit": "eV"
        }
      },
      "per_mol_mae_display": {
        "mu": {
          "values": [
            1.841822236776352,
            0.4824115037918091,
            0.38474106788635254,
            1.5959436893463135
          ],
          "unit": "D"
        },
        "homo": {
          "values": [
            0.2465966067761185,
            0.36069733234942003,
            0.19306594178080605,
            0.6158689104765651
          ],
          "unit": "eV"
        },
        "lumo": {
          "values": [
            1.0943281083859502,
            0.5700775628253818,
            1.197407316596806,
            0.23261286452561614
          ],
          "unit": "eV"
        },
        "gap": {
          "values": [
            0.9188963057935231,
            0.9447662952184679,
            1.1009171237468713,
            0.30157094896435677
          ],
          "unit": "eV"
        }
      },
      "pea_matrix": [
        [
          1.0,
          0.1192793995141983,
          0.1469264179468155,
          0.1651032567024231
        ],
        [
          0.18030132353305817,
          1.0,
          0.15843258798122406,
          0.14572496712207794
        ],
        [
          0.17117051780223846,
          0.12092449516057968,
          1.0,
          0.09853706508874893
        ],
        [
          0.17415542900562286,
          0.10448560863733292,
          0.09232667088508606,
          1.0
        ]
      ]
    },
    "123": {
      "ooo_pred_idx": 0,
      "correct": false,
      "prop_preds_display": {
        "mu": {
          "values": [
            2.237316131591797,
            1.9138705730438232,
            1.514817476272583,
            2.2924060821533203
          ],
          "unit": "D"
        },
        "homo": {
          "values": [
            -6.268839029824734,
            -6.515211996418238,
            -6.502440952426196,
            -6.687917902737857
          ],
          "unit": "eV"
        },
        "lumo": {
          "values": [
            1.213307365833223,
            0.9876616990245879,
            1.541473646594584,
            0.5108376541819424
          ],
          "unit": "eV"
        },
        "gap": {
          "values": [
            7.440809385710955,
            7.462905692267419,
            8.05071107647419,
            7.208857772642374
          ],
          "unit": "eV"
        }
      },
      "per_mol_mae_display": {
        "mu": {
          "values": [
            1.7432161271572113,
            0.48297059535980225,
            0.17371749877929688,
            1.5804939270019531
          ],
          "unit": "D"
        },
        "homo": {
          "values": [
            0.19525495008230198,
            0.2701958983957766,
            0.17579080975651795,
            0.6319482776820653
          ],
          "unit": "eV"
        },
        "lumo": {
          "values": [
            1.069728866161406,
            0.48425082322731616,
            0.9891865058407188,
            0.2169545391287655
          ],
          "unit": "eV"
        },
        "gap": {
          "values": [
            0.9158114028632633,
            0.7144787780523307,
            0.8065992186307902,
            0.4021708986222743
          ],
          "unit": "eV"
        }
      },