{
  "strategy": "scaffold_similar",
  "set_idx": 28,
  "ground_truth_ooo_idx": 3,
  "molecules": [
    {
      "smiles": "CCC(COC)C(N)=O",
      "iupac": "2-(methoxymethyl)butanamide",
      "properties_raw": {
        "mu": 2.5348000526428223,
        "alpha": 80.01000213623047,
        "homo": -0.24130000174045563,
        "lumo": 0.03449999913573265,
        "gap": 0.27570000290870667,
        "r2": 1550.1610107421875,
        "zpve": 0.19152499735355377,
        "u0": -441.513671875,
        "u298": -441.50201416015625,
        "h298": -441.5010681152344,
        "g298": -441.55242919921875,
        "cv": 39.67300033569336
      },
      "properties_display": {
        "mu": {
          "value": 2.5348,
          "unit": "D"
        },
        "homo": {
          "value": -6.56611,
          "unit": "eV"
        },
        "lumo": {
          "value": 0.93879,
          "unit": "eV"
        },
        "gap": {
          "value": 7.50218,
          "unit": "eV"
        }
      }
    },
    {
      "smiles": "CN(C=O)C1C2CC1C2",
      "iupac": "CN(C=O)C1C2CC1C2",
      "properties_raw": {
        "mu": 3.8529000282287598,
        "alpha": 80.87000274658203,
        "homo": -0.23970000445842743,
        "lumo": 0.03060000017285347,
        "gap": 0.2703000009059906,
        "r2": 1240.5762939453125,
        "zpve": 0.17191700637340546,
        "u0": -403.1181640625,
        "u298": -403.1097412109375,
        "h298": -403.1087951660156,
        "g298": -403.1518859863281,
        "cv": 31.628999710083008
      },
      "properties_display": {
        "mu": {
          "value": 3.8529,
          "unit": "D"
        },
        "homo": {
          "value": -6.52257,
          "unit": "eV"
        },
        "lumo": {
          "value": 0.83267,
          "unit": "eV"
        },
        "gap": {
          "value": 7.35524,
          "unit": "eV"
        }
      }
    },
    {
      "smiles": "CC1=CC(=O)C2CC12C",
      "iupac": "4,5-dimethylbicyclo[3.1.0]hex-3-en-2-one",
      "properties_raw": {
        "mu": 4.290500164031982,
        "alpha": 83.05000305175781,
        "homo": -0.23029999434947968,
        "lumo": -0.04179999977350235,
        "gap": 0.18850000202655792,
        "r2": 1134.3323974609375,
        "zpve": 0.1588519960641861,
        "u0": -385.9266357421875,
        "u298": -385.9180908203125,
        "h298": -385.9171447753906,
        "g298": -385.9593505859375,
        "cv": 32.96699905395508
      },
      "properties_display": {
        "mu": {
          "value": 4.2905,
          "unit": "D"
        },
        "homo": {
          "value": -6.26679,
          "unit": "eV"
        },
        "lumo": {
          "value": -1.13744,
          "unit": "eV"
        },
        "gap": {
          "value": 5.12935,
          "unit": "eV"
        }
      }
    },
    {
      "smiles": "COCC#CC1COC1",
      "iupac": "COCC#CC1COC1",
      "properties_raw": {
        "mu": 1.8387000560760498,
        "alpha": 83.33999633789062,
        "homo": -0.249099999666214,
        "lumo": 0.0284000001847744,
        "gap": 0.2775000035762787,
        "r2": 2248.364013671875,
        "zpve": 0.15745100378990173,
        "u0": -422.9537658691406,
        "u298": -422.9437561035156,
        "h298": -422.9428405761719,
        "g298": -422.9910583496094,
        "cv": 33.58700180053711
      },
      "properties_display": {
        "mu": {
          "value": 1.8387,
          "unit": "D"
        },
        "homo": {
          "value": -6.77836,
          "unit": "eV"
        },
        "lumo": {
          "value": 0.7728,
          "unit": "eV"
        },
        "gap": {
          "value": 7.55116,
          "unit": "eV"
        }
      }
    }
  ],
  "per_seed": {
    "42": {
      "ooo_pred_idx": 3,
      "correct": true,
      "prop_preds_display": {
        "mu": {
          "values": [
            3.2142233848571777,
            2.4836347103118896,
            2.0320825576782227,
            2.0943527221679688
          ],
          "unit": "D"
        },
        "homo": {
          "values": [
            -6.705221418464184,
            -6.397441528952122,
            -6.590672906661034,
            -6.710205191060901
          ],
          "unit": "eV"
        },
        "lumo": {
          "values": [
            -0.31713302892670037,
            0.7333258368793876,
            0.7554242722135037,
            0.7764779338866472
          ],
          "unit": "eV"
        },
        "gap": {
          "values": [
            6.148409009477496,
            7.005974314314127,
            7.327061294305325,
            7.427433363384009
          ],
          "unit": "eV"
        }
      },
      "per_mol_mae_display": {
        "mu": {
          "values": [
            0.6794233322143555,
            1.3692653179168701,
            2.2584176063537598,
            0.25565266609191895
          ],
          "unit": "D"
        },
        "homo": {
          "values": [
            0.13911080750227,
            0.12513098844289772,
            0.3238877618551257,
            0.06815422208607202
          ],
          "unit": "eV"
        },
        "lumo": {
          "values": [
            1.255926270904392,
            0.09934300400577478,
            1.892860781345889,
            0.0036742100745439377
          ],
          "unit": "eV"
        },
        "gap": {
          "values": [
            1.3537739510327578,
            0.34926698436141024,
            2.197712539422512,
            0.12372983317971187
          ],
          "unit": "eV"
        }
      },
      "pea_matrix": [
        [
          1.0,
          0.16769073903560638,
          0.15965163707733154,
          0.19602346420288086
        ],
        [
          0.11010994762182236,
          1.0,
          0.13542340695858002,
          0.14703339338302612
        ],
        [
          0.0931716039776802,
          0.11161022633314133,
          1.0,
          0.1762087345123291
        ],
        [
          0.14791032671928406,
          0.14762727916240692,
          0.22443927824497223,
          1.0
        ]
      ]
    },
    "123": {
      "ooo_pred_idx": 3,
      "correct": true,
      "prop_preds_display": {
        "mu": {
          "values": [
            3.189953088760376,
            2.317352771759033,
            2.0849905014038086,
            2.2807528972625732
          ],
          "unit": "D"
        },
        "homo": {
          "values": [
            -6.720405482611061,
            -6.303063692262769,
            -6.600003440484405,
            -6.771803906708956
          ],
          "unit": "eV"
        },
        "lumo": {
          "values": [
            -0.36369198114164175,
            0.827923799315095,
            0.8782185028851033,
            0.5408190038502216
          ],
          "unit": "eV"
        },
        "gap": {
          "values": [
            6.35815524147749,
            7.193053727346659,
            7.451627631002665,
            7.317791988182068
          ],
          "unit": "eV"
        }
      },
      "per_mol_mae_display": {
        "mu": {
          "values": [
            0.6551530361175537,
            1.5355472564697266,
            2.205509662628174,
            0.44205284118652344
          ],
          "unit": "D"
        },
        "homo": {
          "values": [
            0.1542948716491468,
            0.21950882513225078,
            0.33321829567849637,
            0.006555506438016501
          ],
          "unit": "eV"
        },
        "lumo": {
          "values": [
            1.3024852231193333,
            0.004745041570067388,
            2.0156550120174885,
            0.23198471996188164
          ],
          "unit": "eV"
        },
        "gap": {
          "values": [
            1.1440277190327643,
            0.16218757132887784,
            2.322278876119852,
            0.23337120838165237
          ],
          "unit": "eV"
        }
      },