{
  "strategy": "scaffold_similar",
  "set_idx": 56,
  "ground_truth_ooo_idx": 0,
  "molecules": [
    {
      "smiles": "CCC1CC2(CN2)C1=O",
      "iupac": "CCC1CC2(CN2)C1=O",
      "properties_raw": {
        "mu": 3.942500114440918,
        "alpha": 81.55000305175781,
        "homo": -0.23119999468326569,
        "lumo": -0.02669999934732914,
        "gap": 0.2045000046491623,
        "r2": 1351.467041015625,
        "zpve": 0.17015999555587769,
        "u0": -403.1326599121094,
        "u298": -403.12347412109375,
        "h298": -403.1225280761719,
        "g298": -403.1671142578125,
        "cv": 33.935001373291016
      },
      "properties_display": {
        "mu": {
          "value": 3.9425,
          "unit": "D"
        },
        "homo": {
          "value": -6.29128,
          "unit": "eV"
        },
        "lumo": {
          "value": -0.72654,
          "unit": "eV"
        },
        "gap": {
          "value": 5.56473,
          "unit": "eV"
        }
      }
    },
    {
      "smiles": "CC1CC2(C)OCC12",
      "iupac": "CC1CC2(C)OCC12",
      "properties_raw": {
        "mu": 1.7187999486923218,
        "alpha": 74.41999816894531,
        "homo": -0.2353000044822693,
        "lumo": 0.07959999889135361,
        "gap": 0.3147999942302704,
        "r2": 941.0831909179688,
        "zpve": 0.17664100229740143,
        "u0": -348.9827575683594,
        "u298": -348.97467041015625,
        "h298": -348.9737243652344,
        "g298": -349.01507568359375,
        "cv": 31.04800033569336
      },
      "properties_display": {
        "mu": {
          "value": 1.7188,
          "unit": "D"
        },
        "homo": {
          "value": -6.40284,
          "unit": "eV"
        },
        "lumo": {
          "value": 2.16603,
          "unit": "eV"
        },
        "gap": {
          "value": 8.56615,
          "unit": "eV"
        }
      }
    },
    {
      "smiles": "N=C1OCC(=C1)C1CO1",
      "iupac": "N=C1OCC(=C1)C1CO1",
      "properties_raw": {
        "mu": 3.220900058746338,
        "alpha": 77.02999877929688,
        "homo": -0.2442999929189682,
        "lumo": -0.03889999911189079,
        "gap": 0.2054000049829483,
        "r2": 1306.400146484375,
        "zpve": 0.12509100139141083,
        "u0": -437.8833923339844,
        "u298": -437.8757019042969,
        "h298": -437.874755859375,
        "g298": -437.9162902832031,
        "cv": 28.424999237060547
      },
      "properties_display": {
        "mu": {
          "value": 3.2209,
          "unit": "D"
        },
        "homo": {
          "value": -6.64774,
          "unit": "eV"
        },
        "lumo": {
          "value": -1.05852,
          "unit": "eV"
        },
        "gap": {
          "value": 5.58922,
          "unit": "eV"
        }
      }
    },
    {
      "smiles": "CCC12OC1C(C)C=C2",
      "iupac": "CCC12OC1C(C)C=C2",
      "properties_raw": {
        "mu": 1.6678999662399292,
        "alpha": 83.66000366210938,
        "homo": -0.24070000648498535,
        "lumo": 0.004800000227987766,
        "gap": 0.24549999833106995,
        "r2": 1294.171630859375,
        "zpve": 0.1818470060825348,
        "u0": -387.0915832519531,
        "u298": -387.0826110839844,
        "h298": -387.0816650390625,
        "g298": -387.1251220703125,
        "cv": 34.47100067138672
      },
      "properties_display": {
        "mu": {
          "value": 1.6679,
          "unit": "D"
        },
        "homo": {
          "value": -6.54978,
          "unit": "eV"
        },
        "lumo": {
          "value": 0.13061,
          "unit": "eV"
        },
        "gap": {
          "value": 6.6804,
          "unit": "eV"
        }
      }
    }
  ],
  "per_seed": {
    "42": {
      "ooo_pred_idx": 2,
      "correct": false,
      "prop_preds_display": {
        "mu": {
          "values": [
            2.8617401123046875,
            1.325699806213379,
            2.7480294704437256,
            1.5889955759048462
          ],
          "unit": "D"
        },
        "homo": {
          "values": [
            -6.588204335546494,
            -6.428344892770053,
            -6.594538361397386,
            -6.595612076297403
          ],
          "unit": "eV"
        },
        "lumo": {
          "values": [
            0.0883989619102329,
            1.6605224957264961,
            0.23071388091892006,
            1.1788066718928516
          ],
          "unit": "eV"
        },
        "gap": {
          "values": [
            6.682166959223151,
            8.062881196945906,
            6.778535709869862,
            7.835184706294537
          ],
          "unit": "eV"
        }
      },
      "per_mol_mae_display": {
        "mu": {
          "values": [
            1.0807600021362305,
            0.39310014247894287,
            0.4728705883026123,
            0.07890439033508301
          ],
          "unit": "D"
        },
        "homo": {
          "values": [
            0.29692883429527317,
            0.02550237110257214,
            0.05320629421174505,
            0.04582836963236403
          ],
          "unit": "eV"
        },
        "lumo": {
          "values": [
            0.8149432824935764,
            0.5055048117838798,
            1.289237297438085,
            1.0481919441573322
          ],
          "unit": "eV"
        },
        "gap": {
          "values": [
            1.1174358381599188,
            0.5032666073143481,
            1.1893142323613173,
            1.1547862420916557
          ],
          "unit": "eV"
        }
      },
      "pea_matrix": [
        [
          1.0,
          0.10760210454463959,
          0.14686219394207,
          0.10492255538702011
        ],
        [
          0.10253912210464478,
          1.0,
          0.1480165272951126,
          0.093051478266716
        ],
        [
          0.16510099172592163,
          0.17998212575912476,
          1.0,
          0.18131408095359802
        ],
        [
          0.08223682641983032,
          0.07786143571138382,
          0.1283874660730362,
          1.0
        ]
      ]
    },
    "123": {
      "ooo_pred_idx": 2,
      "correct": false,
      "prop_preds_display": {
        "mu": {
          "values": [
            2.80642032623291,
            1.5856330394744873,
            3.1248347759246826,
            1.602388858795166
          ],
          "unit": "D"
        },
        "homo": {
          "values": [
            -6.548628128829598,
            -6.530402548268437,
            -6.5970081489562995,
            -6.566258462610841
          ],
          "unit": "eV"
        },
        "lumo": {
          "values": [
            0.20158487861733884,
            1.304978411051631,
            0.07020756850447506,
            1.4540202167585492
          ],
          "unit": "eV"
        },
        "gap": {
          "values": [
            6.736642176622152,
            7.817198359793425,
            6.714573848286271,
            7.949637524473667
          ],
          "unit": "eV"
        }
      },
      "per_mol_mae_display": {
        "mu": {
          "values": [
            1.1360797882080078,
            0.13316690921783447,
            0.09606528282165527,
            0.06551110744476318
          ],
          "unit": "D"
        },
        "homo": {
          "values": [
            0.25735262757837774,
            0.1275600266009569,
            0.05073650665283136,
            0.01647475594580161
          ],
          "unit": "eV"
        },
        "lumo": {
          "values": [
            0.9281291992006824,
            0.861048896458745,
            1.12873098502364,
            1.3234054890230298
          ],
          "unit": "eV"
        },
        "gap": {
          "values": [
            1.1719110555589198,
            0.7489494444668292,
            1.1253523707777262,
            1.2692390602707864
          ],
          "unit": "eV"
        }
      },