{
  "strategy": "random",
  "set_idx": 25,
  "ground_truth_ooo_idx": 3,
  "molecules": [
    {
      "smiles": "Cc1c([nH]nn1)N2CC2",
      "iupac": "Cc1c([nH]nn1)N2CC2",
      "properties_raw": {
        "mu": 5.143499851226807,
        "alpha": 75.7699966430664,
        "homo": -0.21559999883174896,
        "lumo": 0.011099999770522118,
        "gap": 0.22669999301433563,
        "r2": 1133.574951171875,
        "zpve": 0.13698500394821167,
        "u0": -414.1578063964844,
        "u298": -414.1494445800781,
        "h298": -414.14849853515625,
        "g298": -414.19195556640625,
        "cv": 30.038999557495117
      },
      "properties_display": {
        "mu": {
          "value": 5.1435,
          "unit": "D"
        },
        "homo": {
          "value": -5.86678,
          "unit": "eV"
        },
        "lumo": {
          "value": 0.30205,
          "unit": "eV"
        },
        "gap": {
          "value": 6.16882,
          "unit": "eV"
        }
      }
    },
    {
      "smiles": "c1cnc2c(n1)nno2",
      "iupac": "oxadiazolo[4,5-b]pyrazine",
      "properties_raw": {
        "mu": 3.3145999908447266,
        "alpha": 65.3499984741211,
        "homo": -0.2842000126838684,
        "lumo": -0.1062999963760376,
        "gap": 0.17790000140666962,
        "r2": 861.9935302734375,
        "zpve": 0.06850799918174744,
        "u0": -447.73370361328125,
        "u298": -447.72808837890625,
        "h298": -447.7271423339844,
        "g298": -447.763671875,
        "cv": 21.724000930786133
      },
      "properties_display": {
        "mu": {
          "value": 3.3146,
          "unit": "D"
        },
        "homo": {
          "value": -7.73348,
          "unit": "eV"
        },
        "lumo": {
          "value": -2.89257,
          "unit": "eV"
        },
        "gap": {
          "value": 4.84091,
          "unit": "eV"
        }
      }
    },
    {
      "smiles": "OC1C=CC2=C1NN=C2",
      "iupac": "1,6-dihydrocyclopenta[d]pyrazol-6-ol",
      "properties_raw": {
        "mu": 1.3386000394821167,
        "alpha": 72.73999786376953,
        "homo": -0.21140000224113464,
        "lumo": -0.024900000542402267,
        "gap": 0.18649999797344208,
        "r2": 1012.3076782226562,
        "zpve": 0.1161699965596199,
        "u0": -416.8159484863281,
        "u298": -416.80908203125,
        "h298": -416.8081359863281,
        "g298": -416.84722900390625,
        "cv": 26.993999481201172
      },
      "properties_display": {
        "mu": {
          "value": 1.3386,
          "unit": "D"
        },
        "homo": {
          "value": -5.75249,
          "unit": "eV"
        },
        "lumo": {
          "value": -0.67756,
          "unit": "eV"
        },
        "gap": {
          "value": 5.07493,
          "unit": "eV"
        }
      }
    },
    {
      "smiles": "CC12CC1OCC2CO",
      "iupac": "CC12CC1OCC2CO",
      "properties_raw": {
        "mu": 1.0317000150680542,
        "alpha": 77.12000274658203,
        "homo": -0.2290000021457672,
        "lumo": 0.06360000371932983,
        "gap": 0.29260000586509705,
        "r2": 1221.2491455078125,
        "zpve": 0.18250100314617157,
        "u0": -424.20977783203125,
        "u298": -424.2007141113281,
        "h298": -424.19976806640625,
        "g298": -424.243408203125,
        "cv": 34.67599868774414
      },
      "properties_display": {
        "mu": {
          "value": 1.0317,
          "unit": "D"
        },
        "homo": {
          "value": -6.23141,
          "unit": "eV"
        },
        "lumo": {
          "value": 1.73065,
          "unit": "eV"
        },
        "gap": {
          "value": 7.96206,
          "unit": "eV"
        }
      }
    }
  ],
  "per_seed": {
    "42": {
      "ooo_pred_idx": 3,
      "correct": true,
      "prop_preds_display": {
        "mu": {
          "values": [
            3.083542823791504,
            2.794166088104248,
            3.3143367767333984,
            2.112229824066162
          ],
          "unit": "D"
        },
        "homo": {
          "values": [
            -6.056558944195509,
            -6.215441176658869,
            -6.378258606669307,
            -6.595243088170887
          ],
          "unit": "eV"
        },
        "lumo": {
          "values": [
            0.028494043681398035,
            -0.37616200583651666,
            -0.1973712927069515,
            1.0289897883795203
          ],
          "unit": "eV"
        },
        "gap": {
          "values": [
            5.891839400666952,
            5.700477292478085,
            6.233455095899106,
            7.887461808711291
          ],
          "unit": "eV"
        }
      },
      "per_mol_mae_display": {
        "mu": {
          "values": [
            2.0599570274353027,
            0.5204339027404785,
            1.9757367372512817,
            1.080529808998108
          ],
          "unit": "D"
        },
        "homo": {
          "values": [
            0.1897815241515639,
            1.5180387999951837,
            0.6257685630291707,
            0.3638325847834354
          ],
          "unit": "eV"
        },
        "lumo": {
          "values": [
            0.273552493717894,
            2.5164096818618478,
            0.4801925534043461,
            0.7016552721597253
          ],
          "unit": "eV"
        },
        "gap": {
          "values": [
            0.2769847951948643,
            0.8595692419409753,
            1.1585291963934905,
            0.07459387442469545
          ],
          "unit": "eV"
        }
      }
    },
    "123": {
      "ooo_pred_idx": 3,
      "correct": true,
      "prop_preds_display": {
        "mu": {
          "values": [
            2.901724338531494,
            2.43808650970459,
            3.154961109161377,
            2.096938133239746
          ],
          "unit": "D"
        },
        "homo": {
          "values": [
            -6.004519048431516,
            -6.103101727837324,
            -6.331977358567715,
            -6.670226746737957
          ],
          "unit": "eV"
        },
        "lumo": {
          "values": [
            0.41829436766281725,
            -0.23862218852937223,
            -0.12399764895290137,
            0.9934076753914357
          ],
          "unit": "eV"
        },
        "gap": {
          "values": [
            6.302618879103661,
            5.8875786015093325,
            5.9992149454832076,
            7.6372010859012605
          ],
          "unit": "eV"
        }
      },
      "per_mol_mae_display": {
        "mu": {
          "values": [
            2.2417755126953125,
            0.8765134811401367,
            1.8163610696792603,
            1.065238118171692
          ],
          "unit": "D"
        },
        "homo": {
          "values": [
            0.13774162838757054,
            1.6303782488167284,
            0.5794873149275785,
            0.43881624335050606
          ],
          "unit": "eV"
        },
        "lumo": {
          "values": [
            0.11624783026352525,
            2.6539494991689923,
            0.5535661971583963,
            0.7372373851478099
          ],
          "unit": "eV"
        },
        "gap": {
          "values": [
            0.1337946832418444,
            1.0466705509722232,
            0.9242890459775923,
            0.3248545972347259
          ],
          "unit": "eV"
        }
      }
    },
    "456": {
      "ooo_pred_idx": 3,
      "correct": true,
      "prop_preds_display": {
        "mu": {
          "values": [
            2.5116772651672363,
            2.1738829612731934,
            3.0954861640930176,
            1.6171002388000488
          ],
          "unit": "D"
        },
        "homo": {
          "values": [
            -6.052781884416938,
            -5.972458035051823,
            -6.283311879494787,
            -6.534614284169674
          ],
          "unit": "eV"
        },