{
  "strategy": "random",
  "set_idx": 84,
  "ground_truth_ooo_idx": 0,
  "molecules": [
    {
      "smiles": "CCC1C(O)C1(O)CC",
      "iupac": "CCC1C(O)C1(O)CC",
      "properties_raw": {
        "mu": 2.181999921798706,
        "alpha": 82.45999908447266,
        "homo": -0.23000000417232513,
        "lumo": 0.046799998730421066,
        "gap": 0.2768000066280365,
        "r2": 1468.060546875,
        "zpve": 0.20282599329948425,
        "u0": -425.4161071777344,
        "u298": -425.4051513671875,
        "h298": -425.4042053222656,
        "g298": -425.4519348144531,
        "cv": 40.45600128173828
      },
      "properties_display": {
        "mu": {
          "value": 2.182,
          "unit": "D"
        },
        "homo": {
          "value": -6.25862,
          "unit": "eV"
        },
        "lumo": {
          "value": 1.27349,
          "unit": "eV"
        },
        "gap": {
          "value": 7.53212,
          "unit": "eV"
        }
      }
    },
    {
      "smiles": "CC(O)C1=C(N)C=NN1",
      "iupac": "1-(4-amino-1H-pyrazol-5-yl)ethanol",
      "properties_raw": {
        "mu": 2.1910998821258545,
        "alpha": 74.29000091552734,
        "homo": -0.2037999927997589,
        "lumo": 0.028599999845027924,
        "gap": 0.23240000009536743,
        "r2": 1196.7305908203125,
        "zpve": 0.14902900159358978,
        "u0": -435.27862548828125,
        "u298": -435.2695007324219,
        "h298": -435.2685546875,
        "g298": -435.3126525878906,
        "cv": 33.808998107910156
      },
      "properties_display": {
        "mu": {
          "value": 2.1911,
          "unit": "D"
        },
        "homo": {
          "value": -5.54568,
          "unit": "eV"
        },
        "lumo": {
          "value": 0.77825,
          "unit": "eV"
        },
        "gap": {
          "value": 6.32393,
          "unit": "eV"
        }
      }
    },
    {
      "smiles": "c1c(c(n[nH]c1=O)O)O",
      "iupac": "4-hydroxy-1,2-dihydropyridazine-3,6-d…",
      "properties_raw": {
        "mu": 4.674200057983398,
        "alpha": 64.58000183105469,
        "homo": -0.22699999809265137,
        "lumo": -0.05050000175833702,
        "gap": 0.17640000581741333,
        "r2": 1077.849609375,
        "zpve": 0.09074900299310684,
        "u0": -489.93084716796875,
        "u298": -489.9235534667969,
        "h298": -489.922607421875,
        "g298": -489.9624938964844,
        "cv": 28.23200035095215
      },
      "properties_display": {
        "mu": {
          "value": 4.6742,
          "unit": "D"
        },
        "homo": {
          "value": -6.17699,
          "unit": "eV"
        },
        "lumo": {
          "value": -1.37418,
          "unit": "eV"
        },
        "gap": {
          "value": 4.80009,
          "unit": "eV"
        }
      }
    },
    {
      "smiles": "COC1=COC(=N)C=N1",
      "iupac": "COC1=COC(=N)C=N1",
      "properties_raw": {
        "mu": 2.065200090408325,
        "alpha": 76.37000274658203,
        "homo": -0.20730000734329224,
        "lumo": -0.07270000129938126,
        "gap": 0.13449999690055847,
        "r2": 1238.025146484375,
        "zpve": 0.11249899864196777,
        "u0": -453.94989013671875,
        "u298": -453.9417724609375,
        "h298": -453.9408264160156,
        "g298": -453.9840087890625,
        "cv": 29.128000259399414
      },
      "properties_display": {
        "mu": {
          "value": 2.0652,
          "unit": "D"
        },
        "homo": {
          "value": -5.64092,
          "unit": "eV"
        },
        "lumo": {
          "value": -1.97827,
          "unit": "eV"
        },
        "gap": {
          "value": 3.65993,
          "unit": "eV"
        }
      }
    }
  ],
  "per_seed": {
    "42": {
      "ooo_pred_idx": 0,
      "correct": true,
      "prop_preds_display": {
        "mu": {
          "values": [
            2.5286004543304443,
            3.4903006553649902,
            4.132012367248535,
            3.554729461669922
          ],
          "unit": "D"
        },
        "homo": {
          "values": [
            -6.828342619246245,
            -6.323973560073972,
            -6.621880381572247,
            -6.542500898522139
          ],
          "unit": "eV"
        },
        "lumo": {
          "values": [
            0.2392946288418025,
            -0.5384274742126465,
            -1.4876359474174679,
            -0.4330169432256371
          ],
          "unit": "eV"
        },
        "gap": {
          "values": [
            6.992556932878495,
            5.633460128110648,
            5.0356352970838545,
            6.041817665800452
          ],
          "unit": "eV"
        }
      },
      "per_mol_mae_display": {
        "mu": {
          "values": [
            0.3466005325317383,
            1.2992007732391357,
            0.5421876907348633,
            1.4895293712615967
          ],
          "unit": "D"
        },
        "homo": {
          "values": [
            0.5697209265887739,
            0.7782906529694795,
            0.44489273356199277,
            0.9015778752982619
          ],
          "unit": "eV"
        },
        "lumo": {
          "values": [
            1.0341987803149968,
            1.3166734597206116,
            0.1134602796547115,
            1.5452517993357033
          ],
          "unit": "eV"
        },
        "gap": {
          "values": [
            0.5395585265636438,
            0.6904691817343229,
            0.23554450728893261,
            2.381884575590491
          ],
          "unit": "eV"
        }
      }
    },
    "123": {
      "ooo_pred_idx": 0,
      "correct": true,
      "prop_preds_display": {
        "mu": {
          "values": [
            2.6051595211029053,
            3.1390349864959717,
            3.711649179458618,
            3.4398844242095947
          ],
          "unit": "D"
        },
        "homo": {
          "values": [
            -6.824796278417111,
            -6.2923597927421335,
            -6.592972392007709,
            -6.427260229870678
          ],
          "unit": "eV"
        },
        "lumo": {
          "values": [
            0.2648111714940518,
            -0.7067473889745772,
            -1.2532413085661829,
            -0.5078406900428236
          ],
          "unit": "eV"
        },
        "gap": {
          "values": [
            7.097178447633982,
            5.643713537731767,
            5.287424684989452,
            5.779748106497526
          ],
          "unit": "eV"
        }
      },
      "per_mol_mae_display": {
        "mu": {
          "values": [
            0.4231595993041992,
            0.9479351043701172,
            0.9625508785247803,
            1.3746843338012695
          ],
          "unit": "D"
        },
        "homo": {
          "values": [
            0.5661745857596401,
            0.7466768856376413,
            0.41598474399745466,
            0.7863372066468006
          ],
          "unit": "eV"
        },
        "lumo": {
          "values": [
            1.0086822376627476,
            1.4849933744825423,
            0.12093435919657347,
            1.4704280525185167
          ],
          "unit": "eV"
        },
        "gap": {
          "values": [
            0.4349370118081568,
            0.680215772113204,
            0.4873338951945305,
            2.119815016287565
          ],
          "unit": "eV"
        }
      }
    },
    "456": {
      "ooo_pred_idx": 3,
      "correct": false,
      "prop_preds_display": {
        "mu": {
          "values": [
            2.636732578277588,
            3.452897787094116,
            3.481208086013794,
            3.672290802001953
          ],
          "unit": "D"
        },
        "homo": {
          "values": [
            -6.714300553783775,
            -6.167918344333768,
            -6.420653720480204,
            -6.527549986213446
          ],
          "unit": "eV"
        },