{
  "strategy": "random",
  "set_idx": 32,
  "ground_truth_ooo_idx": 3,
  "molecules": [
    {
      "smiles": "COC1CC2CC(C1)O2",
      "iupac": "3-methoxy-6-oxabicyclo[3.1.1]heptane",
      "properties_raw": {
        "mu": 1.7089999914169312,
        "alpha": 77.75,
        "homo": -0.23479999601840973,
        "lumo": 0.0820000022649765,
        "gap": 0.31690001487731934,
        "r2": 1148.803466796875,
        "zpve": 0.18431299924850464,
        "u0": -424.2086486816406,
        "u298": -424.2005920410156,
        "h298": -424.19964599609375,
        "g298": -424.2411804199219,
        "cv": 31.687000274658203
      },
      "properties_display": {
        "mu": {
          "value": 1.709,
          "unit": "D"
        },
        "homo": {
          "value": -6.38924,
          "unit": "eV"
        },
        "lumo": {
          "value": 2.23133,
          "unit": "eV"
        },
        "gap": {
          "value": 8.62329,
          "unit": "eV"
        }
      }
    },
    {
      "smiles": "CC#CC1COC1",
      "iupac": "3-prop-1-ynyloxetane",
      "properties_raw": {
        "mu": 1.9645999670028687,
        "alpha": 65.93000030517578,
        "homo": -0.24629999697208405,
        "lumo": 0.04569999873638153,
        "gap": 0.2919999957084656,
        "r2": 1044.7266845703125,
        "zpve": 0.12421499937772751,
        "u0": -308.47027587890625,
        "u298": -308.46246337890625,
        "h298": -308.4615173339844,
        "g298": -308.50457763671875,
        "cv": 25.80900001525879
      },
      "properties_display": {
        "mu": {
          "value": 1.9646,
          "unit": "D"
        },
        "homo": {
          "value": -6.70217,
          "unit": "eV"
        },
        "lumo": {
          "value": 1.24356,
          "unit": "eV"
        },
        "gap": {
          "value": 7.94573,
          "unit": "eV"
        }
      }
    },
    {
      "smiles": "CC1OCCCOC1C",
      "iupac": "2,3-dimethyl-1,4-dioxepane",
      "properties_raw": {
        "mu": 1.555799961090088,
        "alpha": 82.51000213623047,
        "homo": -0.2410999983549118,
        "lumo": 0.08110000193119049,
        "gap": 0.3222000002861023,
        "r2": 1221.883544921875,
        "zpve": 0.20630300045013428,
        "u0": -425.4291076660156,
        "u298": -425.419921875,
        "h298": -425.4189758300781,
        "g298": -425.4626159667969,
        "cv": 35.9109992980957
      },
      "properties_display": {
        "mu": {
          "value": 1.5558,
          "unit": "D"
        },
        "homo": {
          "value": -6.56067,
          "unit": "eV"
        },
        "lumo": {
          "value": 2.20684,
          "unit": "eV"
        },
        "gap": {
          "value": 8.76751,
          "unit": "eV"
        }
      }
    },
    {
      "smiles": "OCC(O)C12CC1OC2",
      "iupac": "OCC(O)C12CC1OC2",
      "properties_raw": {
        "mu": 1.6086000204086304,
        "alpha": 71.01000213623047,
        "homo": -0.23880000412464142,
        "lumo": 0.055399999022483826,
        "gap": 0.29420000314712524,
        "r2": 1318.0699462890625,
        "zpve": 0.1582999974489212,
        "u0": -460.10101318359375,
        "u298": -460.0921325683594,
        "h298": -460.0911865234375,
        "g298": -460.13507080078125,
        "cv": 33.42399978637695
      },
      "properties_display": {
        "mu": {
          "value": 1.6086,
          "unit": "D"
        },
        "homo": {
          "value": -6.49808,
          "unit": "eV"
        },
        "lumo": {
          "value": 1.50751,
          "unit": "eV"
        },
        "gap": {
          "value": 8.00559,
          "unit": "eV"
        }
      }
    }
  ],
  "per_seed": {
    "42": {
      "ooo_pred_idx": 3,
      "correct": true,
      "prop_preds_display": {
        "mu": {
          "values": [
            2.2244303226470947,
            1.7865194082260132,
            2.1868438720703125,
            2.322272777557373
          ],
          "unit": "D"
        },
        "homo": {
          "values": [
            -6.707619030323625,
            -6.660794031587243,
            -6.659534200698138,
            -6.731943457490206
          ],
          "unit": "eV"
        },
        "lumo": {
          "values": [
            0.731064162678644,
            1.0438167247325183,
            0.6892077309843153,
            0.7500660881757737
          ],
          "unit": "eV"
        },
        "gap": {
          "values": [
            7.381329310679436,
            7.741177074176074,
            7.262627857786417,
            7.4279645440936095
          ],
          "unit": "eV"
        }
      },
      "per_mol_mae_display": {
        "mu": {
          "values": [
            0.5154303312301636,
            0.17808055877685547,
            0.6310439109802246,
            0.7136727571487427
          ],
          "unit": "D"
        },
        "homo": {
          "values": [
            0.3183825801283122,
            0.04137347939908498,
            0.09886573222279615,
            0.23386129654049892
          ],
          "unit": "eV"
        },
        "lumo": {
          "values": [
            1.5002705236006528,
            0.19974418549239625,
            1.517636837268248,
            0.7574454083681106
          ],
          "unit": "eV"
        },
        "gap": {
          "values": [
            1.2419636122941968,
            0.20455122782587942,
            1.5048844636857508,
            0.5776287557721131
          ],
          "unit": "eV"
        }
      }
    },
    "123": {
      "ooo_pred_idx": 3,
      "correct": true,
      "prop_preds_display": {
        "mu": {
          "values": [
            1.9189176559448242,
            1.8790364265441895,
            2.344404458999634,
            2.439833402633667
          ],
          "unit": "D"
        },
        "homo": {
          "values": [
            -6.61610673109591,
            -6.75638425783515,
            -6.723713400343061,
            -6.780167772737146
          ],
          "unit": "eV"
        },
        "lumo": {
          "values": [
            0.7285633051030338,
            0.8505910237640143,
            0.5152999776240439,
            0.5331366507820785
          ],
          "unit": "eV"
        },
        "gap": {
          "values": [
            7.282484284770489,
            7.705487407231331,
            7.204090121662617,
            7.361558034801483
          ],
          "unit": "eV"
        }
      },
      "per_mol_mae_display": {
        "mu": {
          "values": [
            0.20991766452789307,
            0.0855635404586792,
            0.7886044979095459,
            0.8312333822250366
          ],
          "unit": "D"
        },
        "homo": {
          "values": [
            0.2268702809005978,
            0.05421674684882216,
            0.16304493186771918,
            0.28208561178743885
          ],
          "unit": "eV"
        },
        "lumo": {
          "values": [
            1.502771381176263,
            0.39296988646090025,
            1.6915445906285196,
            0.9743748457618058
          ],
          "unit": "eV"
        },
        "gap": {
          "values": [
            1.3408086382031437,
            0.24024089477062205,
            1.5634221998095512,
            0.6440352650642396
          ],
          "unit": "eV"
        }
      }
    },
    "456": {
      "ooo_pred_idx": 3,
      "correct": true,
      "prop_preds_display": {
        "mu": {
          "values": [
            1.8207061290740967,
            1.7931610345840454,
            2.250767946243286,
            2.4191906452178955
          ],
          "unit": "D"
        },
        "homo": {
          "values": [
            -6.571634335777164,
            -6.701008871600032,
            -6.732451931238175,
            -6.731740716761351
          ],
          "unit": "eV"
        },