{
  "strategy": "scaffold_similar",
  "set_idx": 31,
  "ground_truth_ooo_idx": 1,
  "molecules": [
    {
      "smiles": "CCn1cc(c(n1)C)C",
      "iupac": "1-ethyl-3,4-dimethylpyrazole",
      "properties_raw": {
        "mu": 1.8592000007629395,
        "alpha": 87.7300033569336,
        "homo": -0.2175000011920929,
        "lumo": 0.03400000184774399,
        "gap": 0.2515999972820282,
        "r2": 1422.0345458984375,
        "zpve": 0.1822279989719391,
        "u0": -383.3147888183594,
        "u298": -383.30474853515625,
        "h298": -383.3038330078125,
        "g298": -383.3504638671875,
        "cv": 35.75600051879883
      },
      "properties_display": {
        "mu": {
          "value": 1.8592,
          "unit": "D"
        },
        "homo": {
          "value": -5.91848,
          "unit": "eV"
        },
        "lumo": {
          "value": 0.92519,
          "unit": "eV"
        },
        "gap": {
          "value": 6.84639,
          "unit": "eV"
        }
      }
    },
    {
      "smiles": "OCC12OC1C=CC2O",
      "iupac": "OCC12OC1C=CC2O",
      "properties_raw": {
        "mu": 2.8320999145507812,
        "alpha": 67.8499984741211,
        "homo": -0.26190000772476196,
        "lumo": -0.0215000007301569,
        "gap": 0.24040000140666962,
        "r2": 1026.8896484375,
        "zpve": 0.1356630027294159,
        "u0": -458.9356994628906,
        "u298": -458.927490234375,
        "h298": -458.9265441894531,
        "g298": -458.968505859375,
        "cv": 31.298999786376953
      },
      "properties_display": {
        "mu": {
          "value": 2.8321,
          "unit": "D"
        },
        "homo": {
          "value": -7.12667,
          "unit": "eV"
        },
        "lumo": {
          "value": -0.58505,
          "unit": "eV"
        },
        "gap": {
          "value": 6.54162,
          "unit": "eV"
        }
      }
    },
    {
      "smiles": "c1c(cnc(n1)N)O",
      "iupac": "2-aminopyrimidin-5-ol",
      "properties_raw": {
        "mu": 1.5175000429153442,
        "alpha": 64.44000244140625,
        "homo": -0.2076999992132187,
        "lumo": -0.03220000118017197,
        "gap": 0.17550000548362732,
        "r2": 891.12451171875,
        "zpve": 0.09794499725103378,
        "u0": -394.8409423828125,
        "u298": -394.83428955078125,
        "h298": -394.8333435058594,
        "g298": -394.8714294433594,
        "cv": 25.711000442504883
      },
      "properties_display": {
        "mu": {
          "value": 1.5175,
          "unit": "D"
        },
        "homo": {
          "value": -5.65181,
          "unit": "eV"
        },
        "lumo": {
          "value": -0.87621,
          "unit": "eV"
        },
        "gap": {
          "value": 4.7756,
          "unit": "eV"
        }
      }
    },
    {
      "smiles": "OC1C=CC2=C1C=CN2",
      "iupac": "OC1C=CC2=C1C=CN2",
      "properties_raw": {
        "mu": 3.2730000019073486,
        "alpha": 78.80999755859375,
        "homo": -0.18289999663829803,
        "lumo": -0.01510000042617321,
        "gap": 0.16769999265670776,
        "r2": 1040.5257568359375,
        "zpve": 0.1270730048418045,
        "u0": -400.7771911621094,
        "u298": -400.77001953125,
        "h298": -400.7690734863281,
        "g298": -400.8086242675781,
        "cv": 28.700000762939453
      },
      "properties_display": {
        "mu": {
          "value": 3.273,
          "unit": "D"
        },
        "homo": {
          "value": -4.97696,
          "unit": "eV"
        },
        "lumo": {
          "value": -0.41089,
          "unit": "eV"
        },
        "gap": {
          "value": 4.56335,
          "unit": "eV"
        }
      }
    }
  ],
  "per_seed": {
    "42": {
      "ooo_pred_idx": 1,
      "correct": true,
      "prop_preds_display": {
        "mu": {
          "values": [
            2.938325881958008,
            2.791140556335449,
            3.9296958446502686,
            2.9616193771362305
          ],
          "unit": "D"
        },
        "homo": {
          "values": [
            -6.257779928547144,
            -6.850152655893565,
            -6.540210739248991,
            -6.697568361431361
          ],
          "unit": "eV"
        },
        "lumo": {
          "values": [
            0.2990966561507434,
            0.0591879509838298,
            -1.0674804198637604,
            -0.2613525160301477
          ],
          "unit": "eV"
        },
        "gap": {
          "values": [
            6.6199596159070735,
            6.9077910341441635,
            5.612231146392227,
            6.554109427174926
          ],
          "unit": "eV"
        }
      },
      "per_mol_mae_display": {
        "mu": {
          "values": [
            1.0791258811950684,
            0.04095935821533203,
            2.4121958017349243,
            0.31138062477111816
          ],
          "unit": "D"
        },
        "homo": {
          "values": [
            0.3393004859507087,
            0.2765129363000387,
            0.8884029542148113,
            1.7206034108698374
          ],
          "unit": "eV"
        },
        "lumo": {
          "values": [
            0.6260909911919386,
            0.6442330502422526,
            0.19127336620241397,
            0.14953961291424928
          ],
          "unit": "eV"
        },
        "gap": {
          "values": [
            0.2264282472521062,
            0.36617077962756195,
            0.8366302362054592,
            1.9907577960103753
          ],
          "unit": "eV"
        }
      },
      "pea_matrix": [
        [
          1.0,
          0.23828940093517303,
          0.10139372944831848,
          0.16464103758335114
        ],
        [
          0.1762223094701767,
          1.0,
          0.1221909150481224,
          0.15293070673942566
        ],
        [
          0.1472407430410385,
          0.26543542742729187,
          1.0,
          0.20751827955245972
        ],
        [
          0.11388853192329407,
          0.1585722714662552,
          0.0918034091591835,
          1.0
        ]
      ]
    },
    "123": {
      "ooo_pred_idx": 1,
      "correct": true,
      "prop_preds_display": {
        "mu": {
          "values": [
            2.6830267906188965,
            2.412466049194336,
            3.758143663406372,
            2.8860745429992676
          ],
          "unit": "D"
        },
        "homo": {
          "values": [
            -6.337658153790236,
            -6.802748629635572,
            -6.57208482567668,
            -6.654352958631516
          ],
          "unit": "eV"
        },
        "lumo": {
          "values": [
            0.4677467848747969,
            0.3560303836556152,
            -0.9863663885079325,
            -0.031111350463144484
          ],
          "unit": "eV"
        },
        "gap": {
          "values": [
            6.906962230044604,
            7.02467593010664,
            5.595258098053932,
            6.471987673026324
          ],
          "unit": "eV"
        }
      },
      "per_mol_mae_display": {
        "mu": {
          "values": [
            0.823826789855957,
            0.4196338653564453,
            2.240643620491028,
            0.38692545890808105
          ],
          "unit": "D"
        },
        "homo": {
          "values": [
            0.41917871119380035,
            0.32391696255803115,
            0.9202770406425005,
            1.6773880080699923
          ],
          "unit": "eV"
        },
        "lumo": {
          "values": [
            0.457440862467885,
            0.941075482914038,
            0.11015933484658602,
            0.37978077848125247
          ],
          "unit": "eV"
        },
        "gap": {
          "values": [
            0.06057436688542417,
            0.48305567559003837,
            0.8196571878671648,
            1.9086360418617732
          ],
          "unit": "eV"
        }
      },