{
  "strategy": "random",
  "set_idx": 39,
  "ground_truth_ooo_idx": 2,
  "molecules": [
    {
      "smiles": "CC(=O)Cc1c[nH]cn1",
      "iupac": "1-(1H-imidazol-5-yl)propan-2-one",
      "properties_raw": {
        "mu": 4.0543999671936035,
        "alpha": 75.13999938964844,
        "homo": -0.21780000627040863,
        "lumo": -0.00279999990016222,
        "gap": 0.2150000035762787,
        "r2": 1273.8829345703125,
        "zpve": 0.13651899993419647,
        "u0": -418.0701599121094,
        "u298": -418.06158447265625,
        "h298": -418.0606384277344,
        "g298": -418.1047668457031,
        "cv": 30.888999938964844
      },
      "properties_display": {
        "mu": {
          "value": 4.0544,
          "unit": "D"
        },
        "homo": {
          "value": -5.92664,
          "unit": "eV"
        },
        "lumo": {
          "value": -0.07619,
          "unit": "eV"
        },
        "gap": {
          "value": 5.85045,
          "unit": "eV"
        }
      }
    },
    {
      "smiles": "c1c2c(c(o1)N)[nH]cn2",
      "iupac": "c1c2c(c(o1)N)[nH]cn2",
      "properties_raw": {
        "mu": 3.1491000652313232,
        "alpha": 71.05000305175781,
        "homo": -0.19050000607967377,
        "lumo": -0.006500000134110451,
        "gap": 0.18400000035762787,
        "r2": 996.4943237304688,
        "zpve": 0.10422699898481369,
        "u0": -432.8904724121094,
        "u298": -432.8834533691406,
        "h298": -432.88250732421875,
        "g298": -432.92169189453125,
        "cv": 27.160999298095703
      },
      "properties_display": {
        "mu": {
          "value": 3.1491,
          "unit": "D"
        },
        "homo": {
          "value": -5.18377,
          "unit": "eV"
        },
        "lumo": {
          "value": -0.17687,
          "unit": "eV"
        },
        "gap": {
          "value": 5.0069,
          "unit": "eV"
        }
      }
    },
    {
      "smiles": "COCCOCC1CC1",
      "iupac": "2-methoxyethoxymethylcyclopropane",
      "properties_raw": {
        "mu": 0.2442999929189682,
        "alpha": 84.95999908447266,
        "homo": -0.249099999666214,
        "lumo": 0.08590000122785568,
        "gap": 0.33500000834465027,
        "r2": 2426.88330078125,
        "zpve": 0.20361900329589844,
        "u0": -425.38812255859375,
        "u298": -425.37725830078125,
        "h298": -425.3763122558594,
        "g298": -425.4259033203125,
        "cv": 37.37799835205078
      },
      "properties_display": {
        "mu": {
          "value": 0.2443,
          "unit": "D"
        },
        "homo": {
          "value": -6.77836,
          "unit": "eV"
        },
        "lumo": {
          "value": 2.33746,
          "unit": "eV"
        },
        "gap": {
          "value": 9.11582,
          "unit": "eV"
        }
      }
    },
    {
      "smiles": "c1c(c([nH]n1)CO)O",
      "iupac": "5-(hydroxymethyl)-1H-pyrazol-4-ol",
      "properties_raw": {
        "mu": 2.4625000953674316,
        "alpha": 60.099998474121094,
        "homo": -0.20600000023841858,
        "lumo": 0.024800000712275505,
        "gap": 0.23080000281333923,
        "r2": 929.6563110351562,
        "zpve": 0.10825099796056747,
        "u0": -415.8612060546875,
        "u298": -415.85345458984375,
        "h298": -415.8525085449219,
        "g298": -415.8936767578125,
        "cv": 27.601999282836914
      },
      "properties_display": {
        "mu": {
          "value": 2.4625,
          "unit": "D"
        },
        "homo": {
          "value": -5.60555,
          "unit": "eV"
        },
        "lumo": {
          "value": 0.67484,
          "unit": "eV"
        },
        "gap": {
          "value": 6.28039,
          "unit": "eV"
        }
      }
    }
  ],
  "per_seed": {
    "42": {
      "ooo_pred_idx": 1,
      "correct": false,
      "prop_preds_display": {
        "mu": {
          "values": [
            3.364595890045166,
            3.003887891769409,
            2.082197666168213,
            3.549372673034668
          ],
          "unit": "D"
        },
        "homo": {
          "values": [
            -6.349692032492161,
            -6.318255460557342,
            -6.786150651645661,
            -6.41860725556314
          ],
          "unit": "eV"
        },
        "lumo": {
          "values": [
            -0.10188035873100162,
            -0.33508663280010226,
            0.5479833543561399,
            -0.8138935326561332
          ],
          "unit": "eV"
        },
        "gap": {
          "values": [
            6.219412867537141,
            5.8317178539693355,
            7.370655416786671,
            5.528723862102628
          ],
          "unit": "eV"
        }
      },
      "per_mol_mae_display": {
        "mu": {
          "values": [
            0.6898040771484375,
            0.14521217346191406,
            1.8378976732492447,
            1.0868725776672363
          ],
          "unit": "D"
        },
        "homo": {
          "values": [
            0.42304913774728803,
            1.1344838502973325,
            0.0077912384986884575,
            0.8130588737577202
          ],
          "unit": "eV"
        },
        "lumo": {
          "values": [
            0.0256884416691959,
            0.15821253163814547,
            1.7894759714342654,
            1.4887362479194999
          ],
          "unit": "eV"
        },
        "gap": {
          "values": [
            0.36896187495291244,
            0.8248204044759273,
            1.745163560569286,
            0.7516673541754484
          ],
          "unit": "eV"
        }
      }
    },
    "123": {
      "ooo_pred_idx": 2,
      "correct": true,
      "prop_preds_display": {
        "mu": {
          "values": [
            3.356527805328369,
            2.9801602363586426,
            1.9812400341033936,
            3.59195613861084
          ],
          "unit": "D"
        },
        "homo": {
          "values": [
            -6.315931646323205,
            -6.249856415382028,
            -6.757421479403973,
            -6.472465330183506
          ],
          "unit": "eV"
        },
        "lumo": {
          "values": [
            -0.21176547897420825,
            -0.2947719936635345,
            0.8339756607566029,
            -0.7644535839989782
          ],
          "unit": "eV"
        },
        "gap": {
          "values": [
            6.044594402822852,
            5.871071856847406,
            7.538716938489676,
            5.614322214269638
          ],
          "unit": "eV"
        }
      },
      "per_mol_mae_display": {
        "mu": {
          "values": [
            0.6978721618652344,
            0.16893982887268066,
            1.7369400411844254,
            1.1294560432434082
          ],
          "unit": "D"
        },
        "homo": {
          "values": [
            0.38928875157833165,
            1.066084805122018,
            0.02093793374299935,
            0.8669169483780861
          ],
          "unit": "eV"
        },
        "lumo": {
          "values": [
            0.13557356191240252,
            0.11789789250157773,
            1.5034836650338024,
            1.4392962992623448
          ],
          "unit": "eV"
        },
        "gap": {
          "values": [
            0.19414341023862391,
            0.8641744073539979,
            1.5771020388662809,
            0.6660690020084381
          ],
          "unit": "eV"
        }
      }
    },
    "456": {
      "ooo_pred_idx": 3,
      "correct": false,
      "prop_preds_display": {
        "mu": {
          "values": [
            3.2822864055633545,
            3.006086826324463,
            2.151149272918701,
            3.6495325565338135
          ],
          "unit": "D"
        },
        "homo": {
          "values": [
            -6.335097132903337,
            -6.123022220891714,
            -6.897433415788412,
            -6.477138909465075
          ],
          "unit": "eV"
        },