{
  "strategy": "scaffold_similar",
  "set_idx": 81,
  "ground_truth_ooo_idx": 0,
  "molecules": [
    {
      "smiles": "N=C1C2OCC3CN1C23",
      "iupac": "N=C1C2OCC3CN1C23",
      "properties_raw": {
        "mu": 3.414599895477295,
        "alpha": 71.7699966430664,
        "homo": -0.23770000040531158,
        "lumo": -0.00559999980032444,
        "gap": 0.2320999950170517,
        "r2": 882.4682006835938,
        "zpve": 0.13919100165367126,
        "u0": -417.96417236328125,
        "u298": -417.9576110839844,
        "h298": -417.9566650390625,
        "g298": -417.9952697753906,
        "cv": 26.32200050354004
      },
      "properties_display": {
        "mu": {
          "value": 3.4146,
          "unit": "D"
        },
        "homo": {
          "value": -6.46815,
          "unit": "eV"
        },
        "lumo": {
          "value": -0.15238,
          "unit": "eV"
        },
        "gap": {
          "value": 6.31577,
          "unit": "eV"
        }
      }
    },
    {
      "smiles": "CC#CC1(N)COC1=N",
      "iupac": "CC#CC1(N)COC1=N",
      "properties_raw": {
        "mu": 2.809799909591675,
        "alpha": 79.06999969482422,
        "homo": -0.24719999730587006,
        "lumo": 0.012400000356137753,
        "gap": 0.2596000134944916,
        "r2": 1360.4818115234375,
        "zpve": 0.13476000726222992,
        "u0": -417.9693298339844,
        "u298": -417.95953369140625,
        "h298": -417.9585876464844,
        "g298": -418.00592041015625,
        "cv": 33.9640007019043
      },
      "properties_display": {
        "mu": {
          "value": 2.8098,
          "unit": "D"
        },
        "homo": {
          "value": -6.72666,
          "unit": "eV"
        },
        "lumo": {
          "value": 0.33742,
          "unit": "eV"
        },
        "gap": {
          "value": 7.06408,
          "unit": "eV"
        }
      }
    },
    {
      "smiles": "N#CC1NCCC2NC12",
      "iupac": "N#CC1NCCC2NC12",
      "properties_raw": {
        "mu": 5.851099967956543,
        "alpha": 74.97000122070312,
        "homo": -0.23999999463558197,
        "lumo": 0.02590000070631504,
        "gap": 0.26579999923706055,
        "r2": 1061.1634521484375,
        "zpve": 0.15133099257946014,
        "u0": -398.1136169433594,
        "u298": -398.10595703125,
        "h298": -398.1050109863281,
        "g298": -398.1458740234375,
        "cv": 29.83300018310547
      },
      "properties_display": {
        "mu": {
          "value": 5.8511,
          "unit": "D"
        },
        "homo": {
          "value": -6.53074,
          "unit": "eV"
        },
        "lumo": {
          "value": 0.70478,
          "unit": "eV"
        },
        "gap": {
          "value": 7.23279,
          "unit": "eV"
        }
      }
    },
    {
      "smiles": "CCCN=C1CN=CN1",
      "iupac": "CCCN=C1CN=CN1",
      "properties_raw": {
        "mu": 3.008500099182129,
        "alpha": 84.95999908447266,
        "homo": -0.22529999911785126,
        "lumo": -0.004900000058114529,
        "gap": 0.22050000727176666,
        "r2": 1788.429931640625,
        "zpve": 0.17121300101280212,
        "u0": -399.35589599609375,
        "u298": -399.3464050292969,
        "h298": -399.345458984375,
        "g298": -399.3913269042969,
        "cv": 33.84400177001953
      },
      "properties_display": {
        "mu": {
          "value": 3.0085,
          "unit": "D"
        },
        "homo": {
          "value": -6.13073,
          "unit": "eV"
        },
        "lumo": {
          "value": -0.13334,
          "unit": "eV"
        },
        "gap": {
          "value": 6.00011,
          "unit": "eV"
        }
      }
    }
  ],
  "per_seed": {
    "42": {
      "ooo_pred_idx": 1,
      "correct": false,
      "prop_preds_display": {
        "mu": {
          "values": [
            2.897489309310913,
            3.132922410964966,
            3.045151948928833,
            3.064572334289551
          ],
          "unit": "D"
        },
        "homo": {
          "values": [
            -6.31563483389616,
            -6.443485164919496,
            -6.168479530671239,
            -6.285032742801309
          ],
          "unit": "eV"
        },
        "lumo": {
          "values": [
            0.7495655720014125,
            0.10905134899578989,
            0.1652862418795936,
            0.0414946408636868
          ],
          "unit": "eV"
        },
        "gap": {
          "values": [
            7.079188857281208,
            6.457949904960394,
            6.387595222714544,
            6.322174844327569
          ],
          "unit": "eV"
        }
      },
      "per_mol_mae_display": {
        "mu": {
          "values": [
            0.5171105861663818,
            0.323122501373291,
            2.80594801902771,
            0.056072235107421875
          ],
          "unit": "D"
        },
        "homo": {
          "values": [
            0.15251482812166195,
            0.2831727025121449,
            0.36225596203505983,
            0.1543044980198145
          ],
          "unit": "eV"
        },
        "lumo": {
          "values": [
            0.901949406125024,
            0.22837000863589346,
            0.5394890319203026,
            0.17483049944713713
          ],
          "unit": "eV"
        },
        "gap": {
          "values": [
            0.7634234764218331,
            0.6061298565447331,
            0.845194770571589,
            0.3220613570839168
          ],
          "unit": "eV"
        }
      },
      "pea_matrix": [
        [
          1.0,
          0.14499832689762115,
          0.09092056006193161,
          0.11664959788322449
        ],
        [
          0.21831336617469788,
          1.0,
          0.14883343875408173,
          0.11514925211668015
        ],
        [
          0.12584221363067627,
          0.1279928982257843,
          1.0,
          0.07088816165924072
        ],
        [
          0.20515987277030945,
          0.13401855528354645,
          0.09677860140800476,
          1.0
        ]
      ]
    },
    "123": {
      "ooo_pred_idx": 0,
      "correct": true,
      "prop_preds_display": {
        "mu": {
          "values": [
            2.9745266437530518,
            3.215208053588867,
            3.04374361038208,
            2.9766621589660645
          ],
          "unit": "D"
        },
        "homo": {
          "values": [
            -6.361584803646803,
            -6.546643297094107,
            -6.164833846884966,
            -6.320621039381623
          ],
          "unit": "eV"
        },
        "lumo": {
          "values": [
            0.571688003114611,
            -0.2768259418822825,
            0.2342497299153358,
            -0.23148804639205336
          ],
          "unit": "eV"
        },
        "gap": {
          "values": [
            6.870245884048939,
            6.309475976034999,
            6.519695810377598,
            6.20539131872952
          ],
          "unit": "eV"
        }
      },
      "per_mol_mae_display": {
        "mu": {
          "values": [
            0.44007325172424316,
            0.4054081439971924,
            2.807356357574463,
            0.03183794021606445
          ],
          "unit": "D"
        },
        "homo": {
          "values": [
            0.10656485837101926,
            0.18001457033753354,
            0.36590164582133244,
            0.1898927946001292
          ],
          "unit": "eV"
        },
        "lumo": {
          "values": [
            0.7240718372382224,
            0.6142472995139658,
            0.47052554388456047,
            0.09815218780860305
          ],
          "unit": "eV"
        },
        "gap": {
          "values": [
            0.5544805031895637,
            0.7546037854701275,
            0.7130941829085344,
            0.20527783148586742
          ],
          "unit": "eV"
        }
      },