{
  "strategy": "scaffold_similar",
  "set_idx": 65,
  "ground_truth_ooo_idx": 0,
  "molecules": [
    {
      "smiles": "CCC1=C(C)C2OC2C1",
      "iupac": "CCC1=C(C)C2OC2C1",
      "properties_raw": {
        "mu": 1.9599000215530396,
        "alpha": 85.25,
        "homo": -0.22419999539852142,
        "lumo": 0.013199999928474426,
        "gap": 0.23739999532699585,
        "r2": 1291.2255859375,
        "zpve": 0.18178799748420715,
        "u0": -387.09429931640625,
        "u298": -387.0851135253906,
        "h298": -387.08416748046875,
        "g298": -387.1285095214844,
        "cv": 34.4739990234375
      },
      "properties_display": {
        "mu": {
          "value": 1.9599,
          "unit": "D"
        },
        "homo": {
          "value": -6.1008,
          "unit": "eV"
        },
        "lumo": {
          "value": 0.35919,
          "unit": "eV"
        },
        "gap": {
          "value": 6.45999,
          "unit": "eV"
        }
      }
    },
    {
      "smiles": "CC12CN3CC1C23C=O",
      "iupac": "CC12CN3CC1C23C=O",
      "properties_raw": {
        "mu": 2.778599977493286,
        "alpha": 78.0,
        "homo": -0.23829999566078186,
        "lumo": -0.029999999329447746,
        "gap": 0.20829999446868896,
        "r2": 1018.39111328125,
        "zpve": 0.14734700322151184,
        "u0": -401.88946533203125,
        "u298": -401.8814392089844,
        "h298": -401.8804931640625,
        "g298": -401.92193603515625,
        "cv": 30.42300033569336
      },
      "properties_display": {
        "mu": {
          "value": 2.7786,
          "unit": "D"
        },
        "homo": {
          "value": -6.48448,
          "unit": "eV"
        },
        "lumo": {
          "value": -0.81634,
          "unit": "eV"
        },
        "gap": {
          "value": 5.66813,
          "unit": "eV"
        }
      }
    },
    {
      "smiles": "CCC(=O)CCC1CC1",
      "iupac": "1-cyclopropylpentan-3-one",
      "properties_raw": {
        "mu": 2.477400064468384,
        "alpha": 86.98999786376953,
        "homo": -0.23960000276565552,
        "lumo": -0.00559999980032444,
        "gap": 0.23399999737739563,
        "r2": 2076.714111328125,
        "zpve": 0.20341700315475464,
        "u0": -388.30816650390625,
        "u298": -388.29742431640625,
        "h298": -388.2964782714844,
        "g298": -388.3462829589844,
        "cv": 37.93199920654297
      },
      "properties_display": {
        "mu": {
          "value": 2.4774,
          "unit": "D"
        },
        "homo": {
          "value": -6.51985,
          "unit": "eV"
        },
        "lumo": {
          "value": -0.15238,
          "unit": "eV"
        },
        "gap": {
          "value": 6.36747,
          "unit": "eV"
        }
      }
    },
    {
      "smiles": "CC1C2C3OC3C(=O)C12",
      "iupac": "7-methyl-3-oxatricyclo[4.1.0.02,4]hep…",
      "properties_raw": {
        "mu": 3.1535000801086426,
        "alpha": 71.76000213623047,
        "homo": -0.24140000343322754,
        "lumo": -0.03909999877214432,
        "gap": 0.20229999721050262,
        "r2": 971.5728149414062,
        "zpve": 0.136245995759964,
        "u0": -421.80810546875,
        "u298": -421.8005676269531,
        "h298": -421.79962158203125,
        "g298": -421.84014892578125,
        "cv": 29.236000061035156
      },
      "properties_display": {
        "mu": {
          "value": 3.1535,
          "unit": "D"
        },
        "homo": {
          "value": -6.56883,
          "unit": "eV"
        },
        "lumo": {
          "value": -1.06397,
          "unit": "eV"
        },
        "gap": {
          "value": 5.50487,
          "unit": "eV"
        }
      }
    }
  ],
  "per_seed": {
    "42": {
      "ooo_pred_idx": 1,
      "correct": false,
      "prop_preds_display": {
        "mu": {
          "values": [
            1.8820332288742065,
            2.4286632537841797,
            2.191575527191162,
            2.1861841678619385
          ],
          "unit": "D"
        },
        "homo": {
          "values": [
            -6.530399304416776,
            -6.40417130470574,
            -6.7302339476645,
            -6.623491764885188
          ],
          "unit": "eV"
        },
        "lumo": {
          "values": [
            0.9876289563968778,
            1.0336015317387879,
            0.5001060298666358,
            0.6335318323038519
          ],
          "unit": "eV"
        },
        "gap": {
          "values": [
            7.662355533611775,
            7.534727811908723,
            7.180792779028416,
            7.310412225651741
          ],
          "unit": "eV"
        }
      },
      "per_mol_mae_display": {
        "mu": {
          "values": [
            0.07786679267883301,
            0.34993672370910645,
            0.2858245372772217,
            0.9673159122467041
          ],
          "unit": "D"
        },
        "homo": {
          "values": [
            0.4296035585671669,
            0.08030478477179948,
            0.2103827399313456,
            0.05465984426140835
          ],
          "unit": "eV"
        },
        "lumo": {
          "values": [
            0.6284384923771024,
            1.8499434683270752,
            0.6524898639902472,
            1.6974975105188788
          ],
          "unit": "eV"
        },
        "gap": {
          "values": [
            1.2023693237423903,
            1.8665935994148262,
            0.813325375616551,
            1.8055461024522783
          ],
          "unit": "eV"
        }
      },
      "pea_matrix": [
        [
          1.0,
          0.1551065295934677,
          0.11202039569616318,
          0.09504443407058716
        ],
        [
          0.18657203018665314,
          1.0,
          0.15199652314186096,
          0.2160327136516571
        ],
        [
          0.12144556641578674,
          0.1471702605485916,
          1.0,
          0.15828096866607666
        ],
        [
          0.09245231002569199,
          0.17098836600780487,
          0.14258702099323273,
          1.0
        ]
      ]
    },
    "123": {
      "ooo_pred_idx": 1,
      "correct": false,
      "prop_preds_display": {
        "mu": {
          "values": [
            1.9524375200271606,
            2.073106288909912,
            2.336848735809326,
            2.0901248455047607
          ],
          "unit": "D"
        },
        "homo": {
          "values": [
            -6.541699261680246,
            -6.231662462374568,
            -6.78221950891316,
            -6.627435477542877
          ],
          "unit": "eV"
        },
        "lumo": {
          "values": [
            1.0062347771950066,
            1.4258384444847703,
            0.43696151753142476,
            0.6960856595255435
          ],
          "unit": "eV"
        },
        "gap": {
          "values": [
            7.566477821010351,
            7.746013657003641,
            7.1114919430911545,
            7.262874390512705
          ],
          "unit": "eV"
        }
      },
      "per_mol_mae_display": {
        "mu": {
          "values": [
            0.007462501525878906,
            0.705493688583374,
            0.14055132865905762,
            1.0633752346038818
          ],
          "unit": "D"
        },
        "homo": {
          "values": [
            0.44090351583063647,
            0.25281362710297106,
            0.26236830118000576,
            0.05860355691909813
          ],
          "unit": "eV"
        },
        "lumo": {
          "values": [
            0.6470443131752313,
            2.242180381073058,
            0.5893453516550362,
            1.7600513377405704
          ],
          "unit": "eV"
        },
        "gap": {
          "values": [
            1.1064916111409664,
            2.077879444509745,
            0.7440245396792893,
            1.758008267313242
          ],
          "unit": "eV"
        }
      },