{
  "strategy": "random",
  "set_idx": 73,
  "ground_truth_ooo_idx": 3,
  "molecules": [
    {
      "smiles": "N=COC1CNC(=O)O1",
      "iupac": "N=COC1CNC(=O)O1",
      "properties_raw": {
        "mu": 4.4116997718811035,
        "alpha": 64.2699966430664,
        "homo": -0.27320000529289246,
        "lumo": 0.007499999832361937,
        "gap": 0.28060001134872437,
        "r2": 1259.9644775390625,
        "zpve": 0.11341200023889542,
        "u0": -491.12982177734375,
        "u298": -491.12158203125,
        "h298": -491.1206359863281,
        "g298": -491.1639709472656,
        "cv": 28.735000610351562
      },
      "properties_display": {
        "mu": {
          "value": 4.4117,
          "unit": "D"
        },
        "homo": {
          "value": -7.43415,
          "unit": "eV"
        },
        "lumo": {
          "value": 0.20409,
          "unit": "eV"
        },
        "gap": {
          "value": 7.63552,
          "unit": "eV"
        }
      }
    },
    {
      "smiles": "CCC1(CC1C#C)C=O",
      "iupac": "CCC1(CC1C#C)C=O",
      "properties_raw": {
        "mu": 2.4790000915527344,
        "alpha": 84.62999725341797,
        "homo": -0.24979999661445618,
        "lumo": -0.027899999171495438,
        "gap": 0.22190000116825104,
        "r2": 1294.8743896484375,
        "zpve": 0.15620499849319458,
        "u0": -385.86358642578125,
        "u298": -385.8538513183594,
        "h298": -385.8529052734375,
        "g298": -385.8981018066406,
        "cv": 35.91600036621094
      },
      "properties_display": {
        "mu": {
          "value": 2.479,
          "unit": "D"
        },
        "homo": {
          "value": -6.79741,
          "unit": "eV"
        },
        "lumo": {
          "value": -0.7592,
          "unit": "eV"
        },
        "gap": {
          "value": 6.03821,
          "unit": "eV"
        }
      }
    },
    {
      "smiles": "O=C1CC2NCC12C#N",
      "iupac": "O=C1CC2NCC12C#N",
      "properties_raw": {
        "mu": 4.69950008392334,
        "alpha": 71.0,
        "homo": -0.2554999887943268,
        "lumo": -0.04919999837875366,
        "gap": 0.20630000531673431,
        "r2": 1007.297607421875,
        "zpve": 0.1129549965262413,
        "u0": -416.7933349609375,
        "u298": -416.78558349609375,
        "h298": -416.7846374511719,
        "g298": -416.82598876953125,
        "cv": 28.673999786376953
      },
      "properties_display": {
        "mu": {
          "value": 4.6995,
          "unit": "D"
        },
        "homo": {
          "value": -6.95251,
          "unit": "eV"
        },
        "lumo": {
          "value": -1.3388,
          "unit": "eV"
        },
        "gap": {
          "value": 5.61371,
          "unit": "eV"
        }
      }
    },
    {
      "smiles": "c1c(con1)OCCO",
      "iupac": "2-(1,2-oxazol-4-yloxy)ethanol",
      "properties_raw": {
        "mu": 2.5901999473571777,
        "alpha": 67.2300033569336,
        "homo": -0.24060000479221344,
        "lumo": -0.014100000262260437,
        "gap": 0.226500004529953,
        "r2": 1521.373046875,
        "zpve": 0.12410099804401398,
        "u0": -474.98992919921875,
        "u298": -474.9815979003906,
        "h298": -474.98065185546875,
        "g298": -475.0241394042969,
        "cv": 29.718000411987305
      },
      "properties_display": {
        "mu": {
          "value": 2.5902,
          "unit": "D"
        },
        "homo": {
          "value": -6.54706,
          "unit": "eV"
        },
        "lumo": {
          "value": -0.38368,
          "unit": "eV"
        },
        "gap": {
          "value": 6.16338,
          "unit": "eV"
        }
      }
    }
  ],
  "per_seed": {
    "42": {
      "ooo_pred_idx": 1,
      "correct": false,
      "prop_preds_display": {
        "mu": {
          "values": [
            3.431903123855591,
            1.774268627166748,
            3.0422911643981934,
            2.997164249420166
          ],
          "unit": "D"
        },
        "homo": {
          "values": [
            -6.60038864786923,
            -6.727880127802491,
            -6.417533540663124,
            -6.694673629304767
          ],
          "unit": "eV"
        },
        "lumo": {
          "values": [
            -0.40232225030288105,
            0.8289819538641722,
            0.18293285827562214,
            -0.2984343021895737
          ],
          "unit": "eV"
        },
        "gap": {
          "values": [
            6.2804978381782774,
            7.531600738906861,
            6.550587820714712,
            6.457146240711213
          ],
          "unit": "eV"
        }
      },
      "per_mol_mae_display": {
        "mu": {
          "values": [
            0.9797966480255127,
            0.7047314643859863,
            1.6572089195251465,
            0.4069643020629883
          ],
          "unit": "D"
        },
        "homo": {
          "values": [
            0.8337658626288169,
            0.06952749930322177,
            0.5349787235885852,
            0.14761075546443525
          ],
          "unit": "eV"
        },
        "lumo": {
          "values": [
            0.6064077344499529,
            1.5881799638319762,
            1.5217336462013424,
            0.08524642886854705
          ],
          "unit": "eV"
        },
        "gap": {
          "values": [
            1.3550211895316835,
            1.4933913005828865,
            0.9368759867608549,
            0.29376418733596843
          ],
          "unit": "eV"
        }
      }
    },
    "123": {
      "ooo_pred_idx": 1,
      "correct": false,
      "prop_preds_display": {
        "mu": {
          "values": [
            3.2121224403381348,
            1.826129674911499,
            3.118062734603882,
            3.2050018310546875
          ],
          "unit": "D"
        },
        "homo": {
          "values": [
            -6.620834644892812,
            -6.656920061740279,
            -6.465866524940729,
            -6.8096604665637015
          ],
          "unit": "eV"
        },
        "lumo": {
          "values": [
            -0.46376414599716664,
            0.6354201087672263,
            0.17036956017417834,
            -0.4297638161756098
          ],
          "unit": "eV"
        },
        "gap": {
          "values": [
            6.037790423962474,
            7.305507521939278,
            6.561388630303741,
            6.454105129778386
          ],
          "unit": "eV"
        }
      },
      "per_mol_mae_display": {
        "mu": {
          "values": [
            1.1995773315429688,
            0.6528704166412354,
            1.581437349319458,
            0.6148018836975098
          ],
          "unit": "D"
        },
        "homo": {
          "values": [
            0.8133198656052345,
            0.14048756536543383,
            0.48664573931097976,
            0.26259759272336947
          ],
          "unit": "eV"
        },
        "lumo": {
          "values": [
            0.6678496301442385,
            1.3946181187350302,
            1.5091703480998986,
            0.0460830851174891
          ],
          "unit": "eV"
        },
        "gap": {
          "values": [
            1.5977286037474867,
            1.2672980836153034,
            0.9476767963498833,
            0.29072307640314143
          ],
          "unit": "eV"
        }
      }
    },
    "456": {
      "ooo_pred_idx": 1,
      "correct": false,
      "prop_preds_display": {
        "mu": {
          "values": [
            3.7226381301879883,
            2.094526767730713,
            3.0248265266418457,
            2.983612060546875
          ],
          "unit": "D"
        },
        "homo": {
          "values": [
            -6.740319082480669,
            -6.733961944186688,
            -6.423995293173194,
            -6.682639750602842
          ],
          "unit": "eV"
        },