{
  "strategy": "scaffold_similar",
  "set_idx": 46,
  "ground_truth_ooo_idx": 2,
  "molecules": [
    {
      "smiles": "CC(CCO)C1(O)CC1",
      "iupac": "CC(CCO)C1(O)CC1",
      "properties_raw": {
        "mu": 0.640500009059906,
        "alpha": 81.69000244140625,
        "homo": -0.2581999897956848,
        "lumo": 0.07029999792575836,
        "gap": 0.32850000262260437,
        "r2": 1604.4793701171875,
        "zpve": 0.20340700447559357,
        "u0": -425.40399169921875,
        "u298": -425.3931884765625,
        "h298": -425.3922424316406,
        "g298": -425.4404296875,
        "cv": 39.992000579833984
      },
      "properties_display": {
        "mu": {
          "value": 0.6405,
          "unit": "D"
        },
        "homo": {
          "value": -7.02598,
          "unit": "eV"
        },
        "lumo": {
          "value": 1.91296,
          "unit": "eV"
        },
        "gap": {
          "value": 8.93894,
          "unit": "eV"
        }
      }
    },
    {
      "smiles": "OC1CC2(O)CC12C#C",
      "iupac": "OC1CC2(O)CC12C#C",
      "properties_raw": {
        "mu": 0.8756999969482422,
        "alpha": 77.26000213623047,
        "homo": -0.21729999780654907,
        "lumo": 0.03970000147819519,
        "gap": 0.25699999928474426,
        "r2": 1112.360595703125,
        "zpve": 0.13308300077915192,
        "u0": -421.7563171386719,
        "u298": -421.7471923828125,
        "h298": -421.7462463378906,
        "g298": -421.78973388671875,
        "cv": 34.654998779296875
      },
      "properties_display": {
        "mu": {
          "value": 0.8757,
          "unit": "D"
        },
        "homo": {
          "value": -5.91304,
          "unit": "eV"
        },
        "lumo": {
          "value": 1.08029,
          "unit": "eV"
        },
        "gap": {
          "value": 6.99333,
          "unit": "eV"
        }
      }
    },
    {
      "smiles": "CC12NC1C(=O)C2(C)O",
      "iupac": "CC12NC1C(=O)C2(C)O",
      "properties_raw": {
        "mu": 2.737499952316284,
        "alpha": 72.94999694824219,
        "homo": -0.2337999939918518,
        "lumo": -0.020800000056624413,
        "gap": 0.21299999952316284,
        "r2": 1032.2679443359375,
        "zpve": 0.1449660062789917,
        "u0": -439.0602722167969,
        "u298": -439.0509948730469,
        "h298": -439.050048828125,
        "g298": -439.0937194824219,
        "cv": 34.71900177001953
      },
      "properties_display": {
        "mu": {
          "value": 2.7375,
          "unit": "D"
        },
        "homo": {
          "value": -6.36203,
          "unit": "eV"
        },
        "lumo": {
          "value": -0.566,
          "unit": "eV"
        },
        "gap": {
          "value": 5.79603,
          "unit": "eV"
        }
      }
    },
    {
      "smiles": "OC1CC2OCC1C=C2",
      "iupac": "OC1CC2OCC1C=C2",
      "properties_raw": {
        "mu": 1.0461000204086304,
        "alpha": 73.77999877929688,
        "homo": -0.23989999294281006,
        "lumo": 0.006399999838322401,
        "gap": 0.24619999527931213,
        "r2": 940.6143798828125,
        "zpve": 0.16225799918174744,
        "u0": -423.0301208496094,
        "u298": -423.0228576660156,
        "h298": -423.02191162109375,
        "g298": -423.0615539550781,
        "cv": 29.849000930786133
      },
      "properties_display": {
        "mu": {
          "value": 1.0461,
          "unit": "D"
        },
        "homo": {
          "value": -6.52801,
          "unit": "eV"
        },
        "lumo": {
          "value": 0.17415,
          "unit": "eV"
        },
        "gap": {
          "value": 6.69945,
          "unit": "eV"
        }
      }
    }
  ],
  "per_seed": {
    "42": {
      "ooo_pred_idx": 3,
      "correct": false,
      "prop_preds_display": {
        "mu": {
          "values": [
            2.007150411605835,
            2.366244316101074,
            3.1781299114227295,
            2.511167287826538
          ],
          "unit": "D"
        },
        "homo": {
          "values": [
            -6.798835733568668,
            -6.748074320840836,
            -6.595333916017413,
            -6.7831363024890425
          ],
          "unit": "eV"
        },
        "lumo": {
          "values": [
            0.5604227145157754,
            0.3438307897504419,
            -0.31241357955522836,
            0.043004070932604374
          ],
          "unit": "eV"
        },
        "gap": {
          "values": [
            7.3536754752635956,
            7.123387958097458,
            6.278414474448562,
            6.831671622014046
          ],
          "unit": "eV"
        }
      },
      "per_mol_mae_display": {
        "mu": {
          "values": [
            1.366650402545929,
            1.490544319152832,
            0.4406299591064453,
            1.4650672674179077
          ],
          "unit": "D"
        },
        "homo": {
          "values": [
            0.22714712318181984,
            0.8350374975681305,
            0.23330913192927838,
            0.25512164260745074
          ],
          "unit": "eV"
        },
        "lumo": {
          "values": [
            1.3525385300673545,
            0.73646179276146,
            0.25358354416303336,
            0.1311488844802603
          ],
          "unit": "eV"
        },
        "gap": {
          "values": [
            1.58526934132576,
            0.1300584331035619,
            0.4823863372415307,
            0.13222542068958276
          ],
          "unit": "eV"
        }
      },
      "pea_matrix": [
        [
          1.0,
          0.05450543388724327,
          0.06061204522848129,
          0.15791480243206024
        ],
        [
          0.04875330254435539,
          1.0,
          0.020387224853038788,
          0.16728614270687103
        ],
        [
          0.06722983717918396,
          0.026136232540011406,
          1.0,
          0.25453269481658936
        ],
        [
          0.138490229845047,
          0.16240523755550385,
          0.19785211980342865,
          1.0
        ]
      ]
    },
    "123": {
      "ooo_pred_idx": 3,
      "correct": false,
      "prop_preds_display": {
        "mu": {
          "values": [
            2.467578649520874,
            2.4414455890655518,
            3.125337600708008,
            2.571010112762451
          ],
          "unit": "D"
        },
        "homo": {
          "values": [
            -6.781504645103216,
            -6.712657137435675,
            -6.437502691492439,
            -6.66173839790225
          ],
          "unit": "eV"
        },
        "lumo": {
          "values": [
            0.17176728010149672,
            0.5005205332867801,
            0.1618983049161732,
            0.09268909511705861
          ],
          "unit": "eV"
        },
        "gap": {
          "values": [
            6.937167354792357,
            7.2898267430067065,
            6.6534986092001205,
            7.029202725100517
          ],
          "unit": "eV"
        }
      },
      "per_mol_mae_display": {
        "mu": {
          "values": [
            1.827078640460968,
            1.5657455921173096,
            0.38783764839172363,
            1.5249100923538208
          ],
          "unit": "D"
        },
        "homo": {
          "values": [
            0.24447821164727213,
            0.7996203141629703,
            0.07547790740430393,
            0.13372373802065862
          ],
          "unit": "eV"
        },
        "lumo": {
          "values": [
            1.7411939644816332,
            0.5797720492251217,
            0.7278954286344349,
            0.08146386029580607
          ],
          "unit": "eV"
        },
        "gap": {
          "values": [
            2.0017774617969986,
            0.29649721801281004,
            0.8574704719930892,
            0.32975652377605424
          ],
          "unit": "eV"
        }
      },