{
  "strategy": "scaffold_similar",
  "set_idx": 45,
  "ground_truth_ooo_idx": 3,
  "molecules": [
    {
      "smiles": "COC12COC1C2C#C",
      "iupac": "COC12COC1C2C#C",
      "properties_raw": {
        "mu": 2.075000047683716,
        "alpha": 75.0999984741211,
        "homo": -0.23149999976158142,
        "lumo": 0.04479999840259552,
        "gap": 0.27630001306533813,
        "r2": 1132.2587890625,
        "zpve": 0.13318699598312378,
        "u0": -421.7254333496094,
        "u298": -421.7165832519531,
        "h298": -421.71563720703125,
        "g298": -421.7591247558594,
        "cv": 32.60100173950195
      },
      "properties_display": {
        "mu": {
          "value": 2.075,
          "unit": "D"
        },
        "homo": {
          "value": -6.29944,
          "unit": "eV"
        },
        "lumo": {
          "value": 1.21907,
          "unit": "eV"
        },
        "gap": {
          "value": 7.51851,
          "unit": "eV"
        }
      }
    },
    {
      "smiles": "CCC1C(OC)C1OC",
      "iupac": "CCC1C(OC)C1OC",
      "properties_raw": {
        "mu": 1.4811999797821045,
        "alpha": 83.77999877929688,
        "homo": -0.22619999945163727,
        "lumo": 0.0714000016450882,
        "gap": 0.29750001430511475,
        "r2": 1417.9053955078125,
        "zpve": 0.2029380053281784,
        "u0": -425.3848876953125,
        "u298": -425.37396240234375,
        "h298": -425.3730163574219,
        "g298": -425.4211730957031,
        "cv": 38.685001373291016
      },
      "properties_display": {
        "mu": {
          "value": 1.4812,
          "unit": "D"
        },
        "homo": {
          "value": -6.15522,
          "unit": "eV"
        },
        "lumo": {
          "value": 1.94289,
          "unit": "eV"
        },
        "gap": {
          "value": 8.09539,
          "unit": "eV"
        }
      }
    },
    {
      "smiles": "CC1(C)CC11OCC=C1",
      "iupac": "CC1(C)CC11OCC=C1",
      "properties_raw": {
        "mu": 1.2834999561309814,
        "alpha": 86.91999816894531,
        "homo": -0.2054000049829483,
        "lumo": 0.016899999231100082,
        "gap": 0.2222999930381775,
        "r2": 1179.665283203125,
        "zpve": 0.18117399513721466,
        "u0": -387.0869140625,
        "u298": -387.07781982421875,
        "h298": -387.076904296875,
        "g298": -387.1203918457031,
        "cv": 34.98699951171875
      },
      "properties_display": {
        "mu": {
          "value": 1.2835,
          "unit": "D"
        },
        "homo": {
          "value": -5.58922,
          "unit": "eV"
        },
        "lumo": {
          "value": 0.45987,
          "unit": "eV"
        },
        "gap": {
          "value": 6.04909,
          "unit": "eV"
        }
      }
    },
    {
      "smiles": "CC1(OC2CC12)C(N)=O",
      "iupac": "CC1(OC2CC12)C(N)=O",
      "properties_raw": {
        "mu": 2.493299961090088,
        "alpha": 71.27999877929688,
        "homo": -0.2328999936580658,
        "lumo": 0.03099999949336052,
        "gap": 0.2639000117778778,
        "r2": 1058.9993896484375,
        "zpve": 0.14660200476646423,
        "u0": -439.08251953125,
        "u298": -439.0738525390625,
        "h298": -439.0729064941406,
        "g298": -439.1156005859375,
        "cv": 33.26499938964844
      },
      "properties_display": {
        "mu": {
          "value": 2.4933,
          "unit": "D"
        },
        "homo": {
          "value": -6.33753,
          "unit": "eV"
        },
        "lumo": {
          "value": 0.84355,
          "unit": "eV"
        },
        "gap": {
          "value": 7.18109,
          "unit": "eV"
        }
      }
    }
  ],
  "per_seed": {
    "42": {
      "ooo_pred_idx": 1,
      "correct": false,
      "prop_preds_display": {
        "mu": {
          "values": [
            1.954140067100525,
            2.022217273712158,
            1.4823988676071167,
            2.9487717151641846
          ],
          "unit": "D"
        },
        "homo": {
          "values": [
            -6.473545532786846,
            -6.612072190591693,
            -6.476012076494098,
            -6.5853408254921435
          ],
          "unit": "eV"
        },
        "lumo": {
          "values": [
            1.0771057387068868,
            0.8783261582121253,
            1.4743809613056482,
            0.10235845938352868
          ],
          "unit": "eV"
        },
        "gap": {
          "values": [
            7.556661114919186,
            7.511279630172253,
            8.004435099631548,
            6.683400433817506
          ],
          "unit": "eV"
        }
      },
      "per_mol_mae_display": {
        "mu": {
          "values": [
            0.12085998058319092,
            0.5410172939300537,
            0.19889891147613525,
            0.4554717540740967
          ],
          "unit": "D"
        },
        "homo": {
          "values": [
            0.1741065793871881,
            0.4568535893648864,
            0.8867905989855531,
            0.24780592101216303
          ],
          "unit": "eV"
        },
        "lumo": {
          "values": [
            0.14196493428200485,
            1.0645678237214684,
            1.014508328086883,
            0.7411949048933573
          ],
          "unit": "eV"
        },
        "gap": {
          "values": [
            0.03815125011205733,
            0.5841116433262821,
            1.9553413763344292,
            0.49768801375329463
          ],
          "unit": "eV"
        }
      },
      "pea_matrix": [
        [
          1.0,
          0.12292993068695068,
          0.05875372886657715,
          0.09861933439970016
        ],
        [
          0.1275520622730255,
          1.0,
          0.1780366599559784,
          0.1270819455385208
        ],
        [
          0.057008665055036545,
          0.16546805202960968,
          1.0,
          0.08309300243854523
        ],
        [
          0.1245996356010437,
          0.14634351432323456,
          0.10983133316040039,
          1.0
        ]
      ]
    },
    "123": {
      "ooo_pred_idx": 1,
      "correct": false,
      "prop_preds_display": {
        "mu": {
          "values": [
            1.9062161445617676,
            2.057878017425537,
            1.4703844785690308,
            2.903975009918213
          ],
          "unit": "D"
        },
        "homo": {
          "values": [
            -6.516819324916601,
            -6.6088895666301255,
            -6.575086199426651,
            -6.670447734132409
          ],
          "unit": "eV"
        },
        "lumo": {
          "values": [
            1.222962994415313,
            0.903328550375998,
            1.3011847265332939,
            0.08195565880648792
          ],
          "unit": "eV"
        },
        "gap": {
          "values": [
            7.824445124405623,
            7.494355645090342,
            8.062519507485629,
            6.310404123091698
          ],
          "unit": "eV"
        }
      },
      "per_mol_mae_display": {
        "mu": {
          "values": [
            0.16878390312194824,
            0.5766780376434326,
            0.18688452243804932,
            0.410675048828125
          ],
          "unit": "D"
        },
        "homo": {
          "values": [
            0.2173803715169429,
            0.45367096540331886,
            0.985864721918106,
            0.33291282965242885
          ],
          "unit": "eV"
        },
        "lumo": {
          "values": [
            0.0038923214264214856,
            1.0395654315575957,
            0.8413120933145286,
            0.7615977054703981
          ],
          "unit": "eV"
        },
        "gap": {
          "values": [
            0.30593525959849366,
            0.6010356284081935,
            2.0134257841885095,
            0.8706843244791029
          ],
          "unit": "eV"
        }
      },