set_idx,mol_idx,is_gt,is_pred,ooo_set_acc,pea_isolation,pea_incoming,pea_outgoing,gt_col_strength,mae_homo,mae_gap,mae_mu,mae_lumo
0,0,0,0,0.8,0.07163550661255916,0.07185542322695256,0.07141558999816576,0.047299788768092786,0.3762827868324523,0.974324896050096,0.9613691568374634,0.1709852300748043
0,1,0,0,0.8,0.06774388613800209,0.06801398495833079,0.06747378731767335,0.047299788768092786,0.14132028095602944,2.0808600613778827,0.3627480030059814,2.044500247264877
0,2,0,0,0.8,0.06931957751512528,0.06871854811906815,0.0699206069111824,0.047299788768092786,0.3247811819475892,1.276254210366011,0.4303289413452148,0.975286034992952
0,3,1,1,0.8,0.047410802729427805,0.04752181669076283,0.047299788768092786,0.047299788768092786,0.4757205651730295,1.1813759233278034,1.2130178928375244,0.7323317102629692
1,0,0,0,0.2,0.07696837981541951,0.07909956375757854,0.0748371958732605,0.07253981282313665,1.1366300773370264,0.7262371184015276,1.0490302562713623,1.901111903115138
1,1,0,0,0.2,0.07057940065860749,0.0707547610004743,0.07040404031674068,0.07253981282313665,0.20836887193560613,0.5934351162225007,0.9868242502212524,0.5600830600401759
1,2,1,0,0.2,0.07066984909276168,0.0687998853623867,0.07253981282313665,0.07253981282313665,0.13233023801207508,2.045117240161896,0.33056864738464353,1.9127047956119108
1,3,0,1,0.2,0.0459358874708414,0.04549930691719054,0.04637246802449226,0.07253981282313665,0.08814346184611317,1.4713666614168885,1.655923557281494,1.9986546572130173
