set_idx,ooo_acc,n_ok,gt_isolation,gt_col_strength,set_mae_homo,set_mae_gap,gt_mae_homo,gt_mae_gap
0,0.8,4,0.047410802729427805,0.047299788768092786,0.32952620372727515,1.3782037727804481,0.4757205651730295,1.1813759233278034
1,0.2,1,0.07066984909276168,0.07253981282313665,0.3913681622827052,1.2090390340507031,0.13233023801207508,2.045117240161896
