{
  "strategy": "random",
  "set_idx": 16,
  "ground_truth_ooo_idx": 1,
  "molecules": [
    {
      "smiles": "NC1(C#C)C(O)C1C#N",
      "iupac": "NC1(C#C)C(O)C1C#N",
      "properties_raw": {
        "mu": 4.67609977722168,
        "alpha": 74.55000305175781,
        "homo": -0.2572000026702881,
        "lumo": -0.002199999988079071,
        "gap": 0.2549999952316284,
        "r2": 1143.1466064453125,
        "zpve": 0.1109829992055893,
        "u0": -416.7602233886719,
        "u298": -416.7511901855469,
        "h298": -416.750244140625,
        "g298": -416.79376220703125,
        "cv": 33.505001068115234
      },
      "properties_display": {
        "mu": {
          "value": 4.6761,
          "unit": "D"
        },
        "homo": {
          "value": -6.99877,
          "unit": "eV"
        },
        "lumo": {
          "value": -0.05987,
          "unit": "eV"
        },
        "gap": {
          "value": 6.93891,
          "unit": "eV"
        }
      },
      "fg_primary": "Nitrile",
      "fg_labels": [
        "–OH (Alkohol)",
        "C≡C (Alkin)",
        "C≡N (Nitril)"
      ],
      "fg_labels_full": [
        "Nitrile",
        "Alcohol",
        "Alkyne"
      ],
      "fg_ring_n_detail_de": [],
      "fg_primary_de": "C≡N (Nitril)",
      "fg_labels_de": [
        "–OH (Alkohol)",
        "C≡C (Alkin)",
        "C≡N (Nitril)"
      ],
      "mol_formula": "C6H6N2O"
    },
    {
      "smiles": "CCCc1c(cc[nH]1)O",
      "iupac": "2-propyl-1H-pyrrol-3-ol",
      "properties_raw": {
        "mu": 1.4042999744415283,
        "alpha": 83.36000061035156,
        "homo": -0.17810000479221344,
        "lumo": 0.049300000071525574,
        "gap": 0.227400004863739,
        "r2": 1486.264892578125,
        "zpve": 0.17082099616527557,
        "u0": -403.18902587890625,
        "u298": -403.17926025390625,
        "h298": -403.1783142089844,
        "g298": -403.2244567871094,
        "cv": 35.665000915527344
      },
      "properties_display": {
        "mu": {
          "value": 1.4043,
          "unit": "D"
        },
        "homo": {
          "value": -4.84635,
          "unit": "eV"
        },
        "lumo": {
          "value": 1.34152,
          "unit": "eV"
        },
        "gap": {
          "value": 6.18787,
          "unit": "eV"
        }
      },
      "fg_primary": "Ring N-H",
      "fg_labels": [
        "N–H im Ring",
        "–OH im Ring (Heterocycl)"
      ],
      "fg_labels_full": [
        "Ring N-H",
        "Heterocyclic OH"
      ],
      "fg_ring_n_detail_de": [
        "N–H im Ring"
      ],
      "fg_primary_de": "N–H im Ring (Heterocycl)",
      "fg_labels_de": [
        "N–H im Ring",
        "–OH im Ring (Heterocycl)"
      ],
      "mol_formula": "C7H11NO"
    },
    {
      "smiles": "CN(C=[NH2+])[C-](C#N)C#N",
      "iupac": "CN(C=[NH2+])[C-](C#N)C#N",
      "properties_raw": {
        "mu": 10.589699745178223,
        "alpha": 86.48999786376953,
        "homo": -0.1834000051021576,
        "lumo": -0.04899999871850014,
        "gap": 0.13429999351501465,
        "r2": 1269.0716552734375,
        "zpve": 0.11202599853277206,
        "u0": -412.97900390625,
        "u298": -412.9692687988281,
        "h298": -412.96832275390625,
        "g298": -413.014404296875,
        "cv": 33.7599983215332
      },
      "properties_display": {
        "mu": {
          "value": 10.5897,
          "unit": "D"
        },
        "homo": {
          "value": -4.99057,
          "unit": "eV"
        },
        "lumo": {
          "value": -1.33336,
          "unit": "eV"
        },
        "gap": {
          "value": 3.65449,
          "unit": "eV"
        }
      },
      "fg_primary": "Nitrile",
      "fg_labels": [
        "C≡N (Nitril)"
      ],
      "fg_labels_full": [
        "Nitrile"
      ],
      "fg_ring_n_detail_de": [],
      "fg_primary_de": "C≡N (Nitril)",
      "fg_labels_de": [
        "C≡N (Nitril)"
      ],
      "mol_formula": "C5H6N4"
    },
    {
      "smiles": "OC1C2CC(C#N)C1N2",
      "iupac": "OC1C2CC(C#N)C1N2",
      "properties_raw": {
        "mu": 3.9137001037597656,
        "alpha": 71.77999877929688,
        "homo": -0.2515000104904175,
        "lumo": 0.03539999946951866,
        "gap": 0.28690001368522644,
        "r2": 989.8641967773438,
        "zpve": 0.13844500482082367,
        "u0": -417.99249267578125,
        "u298": -417.98492431640625,
        "h298": -417.9839782714844,
        "g298": -418.0244445800781,
        "cv": 29.378000259399414
      },
      "properties_display": {
        "mu": {
          "value": 3.9137,
          "unit": "D"
        },
        "homo": {
          "value": -6.84367,
          "unit": "eV"
        },
        "lumo": {
          "value": 0.96328,
          "unit": "eV"
        },
        "gap": {
          "value": 7.80695,
          "unit": "eV"
        }
      },
      "fg_primary": "Nitrile",
      "fg_labels": [
        "–OH (Alkohol)",
        "C≡N (Nitril)"
      ],
      "fg_labels_full": [
        "Nitrile",
        "Alcohol"
      ],
      "fg_ring_n_detail_de": [],
      "fg_primary_de": "C≡N (Nitril)",
      "fg_labels_de": [
        "–OH (Alkohol)",
        "C≡N (Nitril)"
      ],
      "mol_formula": "C6H8N2O"
    }
  ],
  "per_seed": {
    "42": {
      "ooo_pred_idx": 3,
      "correct": false,
      "prop_preds_display": {
        "mu": {
          "values": [
            3.1810789108276367,
            3.2201285362243652,
            3.480071783065796,
            3.4275224208831787
          ],
          "unit": "D"
        },
        "homo": {
          "values": [
            -6.525482841742039,
            -6.324064387920499,
            -6.371001705020666,
            -6.486014898574353
          ],
          "unit": "eV"
        },
        "lumo": {
          "values": [
            0.04674894562046975,
            -0.17615011650659146,
            -0.3643611269172281,
            -0.2654960803613067
          ],
          "unit": "eV"
        },
        "gap": {
          "values": [
            6.461172266104818,
            6.0013923809111125,
            5.966045751279593,
            6.261608484470845
          ],
          "unit": "eV"
        }
      },
      "per_mol_mae_display": {
        "mu": {
          "values": [
            1.495020866394043,
            1.815828561782837,
            7.109627962112427,
            0.4861776828765869
          ],
          "unit": "D"
        },
        "homo": {
          "values": [
            0.473289302575588,
            1.4777141948968175,
            1.3804311598241332,
            0.35765213176012
          ],
          "unit": "eV"
        },
        "lumo": {
          "values": [
            0.10661402171533554,
            1.5176720948848874,
            0.9689973993126303,
            1.228779619179666
          ],
          "unit": "eV"
        },
        "gap": {
          "values": [
            0.47773440351188157,
            0.18648002890944415,
            2.311555041974783,
            1.5453420846819874
          ],
          "unit": "eV"
        }
      }
    },
    "123": {
      "ooo_pred_idx": 1,
      "correct": true,
      "prop_preds_display": {
        "mu": {
          "values": [
            3.1972222328186035,
            2.862140655517578,
            3.220492362976074,
            3.150606632232666
          ],
          "unit": "D"
        },
        "homo": {
          "values": [
            -6.577796437489987,
            -6.348981628978253,
            -6.452040012714267,
            -6.4138817746549845
          ],
          "unit": "eV"
        },
        "lumo": {
          "values": [
            -0.26910298998318616,
            0.057383178358152515,
            -0.24025790072977543,
            0.0861778358552605
          ],
          "unit": "eV"
        },