{
  "strategy": "scaffold_diverse",
  "set_idx": 0,
  "ground_truth_ooo_idx": 3,
  "molecules": [
    {
      "smiles": "C1C=CC23CC=CC12N3",
      "iupac": "C1C=CC23CC=CC12N3",
      "properties_raw": {
        "mu": 1.569599986076355,
        "alpha": 80.22000122070312,
        "homo": -0.21809999644756317,
        "lumo": 0.0071000000461936,
        "gap": 0.22529999911785126,
        "r2": 927.88720703125,
        "zpve": 0.15067000687122345,
        "u0": -364.7991943359375,
        "u298": -364.7926025390625,
        "h298": -364.7916564941406,
        "g298": -364.8296203613281,
        "cv": 28.065000534057617
      },
      "properties_display": {
        "mu": {
          "value": 1.5696,
          "unit": "D"
        },
        "homo": {
          "value": -5.93481,
          "unit": "eV"
        },
        "lumo": {
          "value": 0.1932,
          "unit": "eV"
        },
        "gap": {
          "value": 6.13073,
          "unit": "eV"
        }
      },
      "fg_primary": "Secondary amine",
      "fg_labels": [
        "–NH– (sekundäres Amin)",
        "C=C (Alken)"
      ],
      "fg_labels_full": [
        "Secondary amine",
        "Alkene"
      ],
      "fg_ring_n_detail_de": [],
      "fg_primary_de": "–NH– (sekundäres Amin)",
      "fg_labels_de": [
        "–NH– (sekundäres Amin)",
        "C=C (Alken)"
      ],
      "mol_formula": "C8H9N"
    },
    {
      "smiles": "CCC12CC(OC)C1N2",
      "iupac": "CCC12CC(OC)C1N2",
      "properties_raw": {
        "mu": 2.3213000297546387,
        "alpha": 83.36000061035156,
        "homo": -0.2418999969959259,
        "lumo": 0.08380000293254852,
        "gap": 0.3257000148296356,
        "r2": 1488.8526611328125,
        "zpve": 0.1935880035161972,
        "u0": -404.3046875,
        "u298": -404.2950744628906,
        "h298": -404.29412841796875,
        "g298": -404.33941650390625,
        "cv": 35.584999084472656
      },
      "properties_display": {
        "mu": {
          "value": 2.3213,
          "unit": "D"
        },
        "homo": {
          "value": -6.58244,
          "unit": "eV"
        },
        "lumo": {
          "value": 2.28032,
          "unit": "eV"
        },
        "gap": {
          "value": 8.86275,
          "unit": "eV"
        }
      },
      "fg_primary": "Secondary amine",
      "fg_labels": [
        "Ether (–O–)",
        "–NH– (sekundäres Amin)"
      ],
      "fg_labels_full": [
        "Secondary amine",
        "Ether"
      ],
      "fg_ring_n_detail_de": [],
      "fg_primary_de": "–NH– (sekundäres Amin)",
      "fg_labels_de": [
        "Ether (–O–)",
        "–NH– (sekundäres Amin)"
      ],
      "mol_formula": "C7H13NO"
    },
    {
      "smiles": "C#CC1=CCCC2NC12",
      "iupac": "C#CC1=CCCC2NC12",
      "properties_raw": {
        "mu": 1.8180999755859375,
        "alpha": 87.33000183105469,
        "homo": -0.2240000069141388,
        "lumo": -0.01810000091791153,
        "gap": 0.20600000023841858,
        "r2": 1178.68017578125,
        "zpve": 0.14897799491882324,
        "u0": -364.7699890136719,
        "u298": -364.76202392578125,
        "h298": -364.7610778808594,
        "g298": -364.80242919921875,
        "cv": 31.27899932861328
      },
      "properties_display": {
        "mu": {
          "value": 1.8181,
          "unit": "D"
        },
        "homo": {
          "value": -6.09535,
          "unit": "eV"
        },
        "lumo": {
          "value": -0.49253,
          "unit": "eV"
        },
        "gap": {
          "value": 5.60555,
          "unit": "eV"
        }
      },
      "fg_primary": "Secondary amine",
      "fg_labels": [
        "C≡C (Alkin)",
        "–NH– (sekundäres Amin)",
        "C=C (Alken)"
      ],
      "fg_labels_full": [
        "Secondary amine",
        "Alkyne",
        "Alkene"
      ],
      "fg_ring_n_detail_de": [],
      "fg_primary_de": "–NH– (sekundäres Amin)",
      "fg_labels_de": [
        "C≡C (Alkin)",
        "–NH– (sekundäres Amin)",
        "C=C (Alken)"
      ],
      "mol_formula": "C8H9N"
    },
    {
      "smiles": "CC(O)CC1COC1=N",
      "iupac": "CC(O)CC1COC1=N",
      "properties_raw": {
        "mu": 1.5546000003814697,
        "alpha": 76.62000274658203,
        "homo": -0.259799987077713,
        "lumo": 0.030799999833106995,
        "gap": 0.2906000018119812,
        "r2": 1440.4532470703125,
        "zpve": 0.16997100412845612,
        "u0": -440.28656005859375,
        "u298": -440.27691650390625,
        "h298": -440.2759704589844,
        "g298": -440.3216857910156,
        "cv": 35.11000061035156
      },
      "properties_display": {
        "mu": {
          "value": 1.5546,
          "unit": "D"
        },
        "homo": {
          "value": -7.06952,
          "unit": "eV"
        },
        "lumo": {
          "value": 0.83811,
          "unit": "eV"
        },
        "gap": {
          "value": 7.90763,
          "unit": "eV"
        }
      },
      "fg_primary": "Imine C=N-H",
      "fg_labels": [
        "O im Ring (cycl. Ether)",
        "C=N–H (Imin)",
        "–OH (Alkohol)"
      ],
      "fg_labels_full": [
        "Imine C=N-H",
        "Ring O aliph",
        "Alcohol"
      ],
      "fg_ring_n_detail_de": [],
      "fg_primary_de": "C=N–H (Imin)",
      "fg_labels_de": [
        "O im Ring (cycl. Ether)",
        "C=N–H (Imin)",
        "–OH (Alkohol)"
      ],
      "mol_formula": "C6H11NO2"
    }
  ],
  "per_seed": {
    "42": {
      "ooo_pred_idx": 1,
      "correct": false,
      "prop_preds_display": {
        "mu": {
          "values": [
            2.659381866455078,
            2.4078145027160645,
            2.222437858581543,
            2.8288729190826416
          ],
          "unit": "D"
        },
        "homo": {
          "values": [
            -6.51340354911685,
            -6.533555166602135,
            -6.1932739108473065,
            -6.362453750410676
          ],
          "unit": "eV"
        },
        "lumo": {
          "values": [
            0.9546876427724957,
            0.2537481928000227,
            0.5631293032459915,
            0.943459962578863
          ],
          "unit": "eV"
        },
        "gap": {
          "values": [
            7.031621827477217,
            6.059829152151942,
            6.557939605024457,
            7.679805833625794
          ],
          "unit": "eV"
        }
      },
      "per_mol_mae_display": {
        "mu": {
          "values": [
            1.0897818803787231,
            0.08651447296142578,
            0.40433788299560547,
            1.2742729187011719
          ],
          "unit": "D"
        },
        "homo": {
          "values": [
            0.5785976790606977,
            0.04888234865665364,
            0.09792030748426939,
            0.7070671999067066
          ],
          "unit": "eV"
        },
        "lumo": {
          "values": [
            0.7614867118194699,
            2.026567206369899,
            1.0556556556515395,
            0.10534885999783883
          ],
          "unit": "eV"
        },
        "gap": {
          "values": [
            0.9008935826957227,
            2.8029237622767686,
            0.9523912232190375,
            0.2278269941329949
          ],
          "unit": "eV"
        }
      }
    },
    "123": {
      "ooo_pred_idx": 1,
      "correct": false,
      "prop_preds_display": {
        "mu": {
          "values": [
            2.8948450088500977,
            2.9763052463531494,
            2.6094815731048584,
            2.483539342880249
          ],
          "unit": "D"
        },
        "homo": {
          "values": [
            -6.584339286291599,
            -6.419865870007873,
            -6.382335722726584,
            -6.587148056349158
          ],
          "unit": "eV"
        },
        "lumo": {
          "values": [
            1.196047439363599,
            0.5623253855708987,
            0.5801104612134397,
            0.9955439544513822
          ],