{
  "strategy": "random",
  "set_idx": 95,
  "ground_truth_ooo_idx": 2,
  "molecules": [
    {
      "smiles": "C1CC1(CO)C(=O)C#N",
      "iupac": "C1CC1(CO)C(=O)C#N",
      "properties_raw": {
        "mu": 3.2492001056671143,
        "alpha": 70.94000244140625,
        "homo": -0.2833999991416931,
        "lumo": -0.0908999964594841,
        "gap": 0.19259999692440033,
        "r2": 1119.5909423828125,
        "zpve": 0.12252800166606903,
        "u0": -437.8874816894531,
        "u298": -437.8783264160156,
        "h298": -437.87738037109375,
        "g298": -437.92193603515625,
        "cv": 32.650001525878906
      },
      "properties_display": {
        "mu": {
          "value": 3.2492,
          "unit": "D"
        },
        "homo": {
          "value": -7.71171,
          "unit": "eV"
        },
        "lumo": {
          "value": -2.47352,
          "unit": "eV"
        },
        "gap": {
          "value": 5.24092,
          "unit": "eV"
        }
      },
      "fg_primary": "Nitrile",
      "fg_labels": [
        "–OH (Alkohol)",
        "C=O in der Kette (Keton)",
        "C≡N (Nitril)"
      ],
      "fg_labels_full": [
        "Nitrile",
        "Alcohol",
        "Ketone"
      ],
      "fg_ring_n_detail_de": [],
      "fg_primary_de": "C≡N (Nitril)",
      "fg_labels_de": [
        "–OH (Alkohol)",
        "C=O in der Kette (Keton)",
        "C≡N (Nitril)"
      ],
      "mol_formula": "C6H7NO2"
    },
    {
      "smiles": "OCC12CCC(=O)C1N2",
      "iupac": "OCC12CCC(=O)C1N2",
      "properties_raw": {
        "mu": 1.8039000034332275,
        "alpha": 72.20999908447266,
        "homo": -0.24619999527931213,
        "lumo": -0.026799999177455902,
        "gap": 0.21940000355243683,
        "r2": 1212.552978515625,
        "zpve": 0.1485850065946579,
        "u0": -439.088134765625,
        "u298": -439.0798645019531,
        "h298": -439.07891845703125,
        "g298": -439.12139892578125,
        "cv": 31.333999633789062
      },
      "properties_display": {
        "mu": {
          "value": 1.8039,
          "unit": "D"
        },
        "homo": {
          "value": -6.69945,
          "unit": "eV"
        },
        "lumo": {
          "value": -0.72927,
          "unit": "eV"
        },
        "gap": {
          "value": 5.97018,
          "unit": "eV"
        }
      },
      "fg_primary": "Secondary amine",
      "fg_labels": [
        "–OH (Alkohol)",
        "–NH– (sekundäres Amin)",
        "C=O in der Kette (Keton)"
      ],
      "fg_labels_full": [
        "Secondary amine",
        "Alcohol",
        "Ketone"
      ],
      "fg_ring_n_detail_de": [],
      "fg_primary_de": "–NH– (sekundäres Amin)",
      "fg_labels_de": [
        "–OH (Alkohol)",
        "–NH– (sekundäres Amin)",
        "C=O in der Kette (Keton)"
      ],
      "mol_formula": "C6H9NO2"
    },
    {
      "smiles": "N#CC12C3CC1OC23",
      "iupac": "N#CC12C3CC1OC23",
      "properties_raw": {
        "mu": 3.5734000205993652,
        "alpha": 63.25,
        "homo": -0.26100000739097595,
        "lumo": 0.0017000000225380063,
        "gap": 0.262800008058548,
        "r2": 786.1301879882812,
        "zpve": 0.0968559980392456,
        "u0": -361.4046936035156,
        "u298": -361.3988037109375,
        "h298": -361.3978576660156,
        "g298": -361.4347839355469,
        "cv": 22.84000015258789
      },
      "properties_display": {
        "mu": {
          "value": 3.5734,
          "unit": "D"
        },
        "homo": {
          "value": -7.10218,
          "unit": "eV"
        },
        "lumo": {
          "value": 0.04626,
          "unit": "eV"
        },
        "gap": {
          "value": 7.15116,
          "unit": "eV"
        }
      },
      "fg_primary": "Nitrile",
      "fg_labels": [
        "O im Ring (cycl. Ether)",
        "C≡N (Nitril)"
      ],
      "fg_labels_full": [
        "Nitrile",
        "Ring O aliph"
      ],
      "fg_ring_n_detail_de": [],
      "fg_primary_de": "C≡N (Nitril)",
      "fg_labels_de": [
        "O im Ring (cycl. Ether)",
        "C≡N (Nitril)"
      ],
      "mol_formula": "C6H5NO"
    },
    {
      "smiles": "C1CC=CN(C=C1)C=O",
      "iupac": "C1CC=CN(C=C1)C=O",
      "properties_raw": {
        "mu": 3.0745999813079834,
        "alpha": 85.12000274658203,
        "homo": -0.21240000426769257,
        "lumo": -0.010599999688565731,
        "gap": 0.20180000364780426,
        "r2": 1245.9947509765625,
        "zpve": 0.1501840054988861,
        "u0": -401.9878845214844,
        "u298": -401.97998046875,
        "h298": -401.9790344238281,
        "g298": -402.0206604003906,
        "cv": 30.107999801635742
      },
      "properties_display": {
        "mu": {
          "value": 3.0746,
          "unit": "D"
        },
        "homo": {
          "value": -5.7797,
          "unit": "eV"
        },
        "lumo": {
          "value": -0.28844,
          "unit": "eV"
        },
        "gap": {
          "value": 5.49126,
          "unit": "eV"
        }
      },
      "fg_primary": "Amide",
      "fg_labels": [
        "C=O im Ring (Lactam)",
        "C=C (Alken)",
        "–CONR– (Amid)"
      ],
      "fg_labels_full": [
        "Amide",
        "Lactam",
        "Alkene"
      ],
      "fg_ring_n_detail_de": [],
      "fg_primary_de": "–CONR– (Amid)",
      "fg_labels_de": [
        "C=O im Ring (Lactam)",
        "C=C (Alken)",
        "–CONR– (Amid)"
      ],
      "mol_formula": "C7H9NO"
    }
  ],
  "per_seed": {
    "42": {
      "ooo_pred_idx": 2,
      "correct": true,
      "prop_preds_display": {
        "mu": {
          "values": [
            2.852409601211548,
            3.0697169303894043,
            1.9157652854919434,
            2.7490224838256836
          ],
          "unit": "D"
        },
        "homo": {
          "values": [
            -6.8336017137527465,
            -6.529229490411282,
            -6.451803211542964,
            -6.456894031244516
          ],
          "unit": "eV"
        },
        "lumo": {
          "values": [
            0.13022840374503286,
            0.42722271456532185,
            1.2879590364567937,
            0.36465793934427204
          ],
          "unit": "eV"
        },
        "gap": {
          "values": [
            6.898580117350817,
            6.879220810633898,
            7.716637336355448,
            6.792901512435079
          ],
          "unit": "eV"
        }
      },
      "per_mol_mae_display": {
        "mu": {
          "values": [
            0.3967905044555664,
            1.2658169269561768,
            1.6576347351074219,
            0.3255774974822998
          ],
          "unit": "D"
        },
        "homo": {
          "values": [
            0.8781087392807008,
            0.1702167109131807,
            0.6503720242053266,
            0.6771927983343602
          ],
          "unit": "eV"
        },
        "lumo": {
          "values": [
            2.603744391141273,
            1.1564881659965962,
            1.2416996555797757,
            0.6530987628992647
          ],
          "unit": "eV"
        },
        "gap": {
          "values": [
            1.657664818888903,
            0.9090398223221303,
            0.5654813877165319,
            1.3016409838706258
          ],
          "unit": "eV"
        }
      }
    },
    "123": {
      "ooo_pred_idx": 3,
      "correct": false,
      "prop_preds_display": {
        "mu": {
          "values": [
            2.991655111312866,
            2.9979522228240967,
            2.1503496170043945,
            2.948895215988159
          ],
          "unit": "D"
        },
        "homo": {
          "values": [
            -6.772507417038083,
            -6.561899536940456,
            -6.498122169420124,
            -6.492479083973169
          ],
          "unit": "eV"
        },