{
  "strategy": "random",
  "set_idx": 49,
  "ground_truth_ooo_idx": 3,
  "molecules": [
    {
      "smiles": "CC1CC2C3OC2C13O",
      "iupac": "CC1CC2C3OC2C13O",
      "properties_raw": {
        "mu": 3.1435999870300293,
        "alpha": 73.87999725341797,
        "homo": -0.2232999950647354,
        "lumo": 0.0674000009894371,
        "gap": 0.290800005197525,
        "r2": 995.9547119140625,
        "zpve": 0.1591469943523407,
        "u0": -422.9675598144531,
        "u298": -422.9597473144531,
        "h298": -422.95880126953125,
        "g298": -422.9994201660156,
        "cv": 31.364999771118164
      },
      "properties_display": {
        "mu": {
          "value": 3.1436,
          "unit": "D"
        },
        "homo": {
          "value": -6.07631,
          "unit": "eV"
        },
        "lumo": {
          "value": 1.83405,
          "unit": "eV"
        },
        "gap": {
          "value": 7.91308,
          "unit": "eV"
        }
      },
      "fg_primary": "Ring O aliph",
      "fg_labels": [
        "O im Ring (cycl. Ether)",
        "–OH (Alkohol)"
      ],
      "fg_labels_full": [
        "Ring O aliph",
        "Alcohol"
      ],
      "fg_ring_n_detail_de": [],
      "fg_primary_de": "O im Ring (cycl. Ether)",
      "fg_labels_de": [
        "O im Ring (cycl. Ether)",
        "–OH (Alkohol)"
      ],
      "mol_formula": "C7H10O2"
    },
    {
      "smiles": "CC1OCC(O)C=C1C",
      "iupac": "CC1OCC(O)C=C1C",
      "properties_raw": {
        "mu": 2.249000072479248,
        "alpha": 81.4000015258789,
        "homo": -0.2386000007390976,
        "lumo": 0.012900000438094139,
        "gap": 0.2515000104904175,
        "r2": 1223.1402587890625,
        "zpve": 0.18221500515937805,
        "u0": -424.2396240234375,
        "u298": -424.2303771972656,
        "h298": -424.22943115234375,
        "g298": -424.2733154296875,
        "cv": 35.520999908447266
      },
      "properties_display": {
        "mu": {
          "value": 2.249,
          "unit": "D"
        },
        "homo": {
          "value": -6.49264,
          "unit": "eV"
        },
        "lumo": {
          "value": 0.35103,
          "unit": "eV"
        },
        "gap": {
          "value": 6.84367,
          "unit": "eV"
        }
      },
      "fg_primary": "Ring O aliph",
      "fg_labels": [
        "O im Ring (cycl. Ether)",
        "–OH (Alkohol)"
      ],
      "fg_labels_full": [
        "Ring O aliph",
        "Alcohol",
        "Alkene"
      ],
      "fg_ring_n_detail_de": [],
      "fg_primary_de": "O im Ring (cycl. Ether)",
      "fg_labels_de": [
        "O im Ring (cycl. Ether)",
        "–OH (Alkohol)"
      ],
      "mol_formula": "C7H12O2"
    },
    {
      "smiles": "CC(C)OC1C(O)C1O",
      "iupac": "CC(C)OC1C(O)C1O",
      "properties_raw": {
        "mu": 2.081399917602539,
        "alpha": 75.19000244140625,
        "homo": -0.22360000014305115,
        "lumo": 0.06040000170469284,
        "gap": 0.2840000092983246,
        "r2": 1329.242431640625,
        "zpve": 0.17949500679969788,
        "u0": -461.32952880859375,
        "u298": -461.3193054199219,
        "h298": -461.318359375,
        "g298": -461.3653259277344,
        "cv": 37.84000015258789
      },
      "properties_display": {
        "mu": {
          "value": 2.0814,
          "unit": "D"
        },
        "homo": {
          "value": -6.08447,
          "unit": "eV"
        },
        "lumo": {
          "value": 1.64357,
          "unit": "eV"
        },
        "gap": {
          "value": 7.72804,
          "unit": "eV"
        }
      },
      "fg_primary": "Alcohol",
      "fg_labels": [
        "Ether (–O–)",
        "–OH (Alkohol)"
      ],
      "fg_labels_full": [
        "Alcohol",
        "Ether"
      ],
      "fg_ring_n_detail_de": [],
      "fg_primary_de": "–OH (Alkohol)",
      "fg_labels_de": [
        "Ether (–O–)",
        "–OH (Alkohol)"
      ],
      "mol_formula": "C6H12O3"
    },
    {
      "smiles": "COC(=O)C(=O)CC#N",
      "iupac": "methyl 3-cyano-2-oxopropanoate",
      "properties_raw": {
        "mu": 5.349899768829346,
        "alpha": 64.2300033569336,
        "homo": -0.2786000072956085,
        "lumo": -0.09520000219345093,
        "gap": 0.1834000051021576,
        "r2": 1489.05126953125,
        "zpve": 0.09785600006580353,
        "u0": -473.8694763183594,
        "u298": -473.8598937988281,
        "h298": -473.85894775390625,
        "g298": -473.9056701660156,
        "cv": 31.343000411987305
      },
      "properties_display": {
        "mu": {
          "value": 5.3499,
          "unit": "D"
        },
        "homo": {
          "value": -7.5811,
          "unit": "eV"
        },
        "lumo": {
          "value": -2.59053,
          "unit": "eV"
        },
        "gap": {
          "value": 4.99057,
          "unit": "eV"
        }
      },
      "fg_primary": "Ester",
      "fg_labels": [
        "Ether (–O–)",
        "C=O in der Kette (Keton)",
        "–COOR (Ester)"
      ],
      "fg_labels_full": [
        "Ester",
        "Nitrile",
        "Ether",
        "Ketone"
      ],
      "fg_ring_n_detail_de": [],
      "fg_primary_de": "–COOR (Ester)",
      "fg_labels_de": [
        "Ether (–O–)",
        "C=O in der Kette (Keton)",
        "–COOR (Ester)"
      ],
      "mol_formula": "C5H5NO3"
    }
  ],
  "per_seed": {
    "42": {
      "ooo_pred_idx": 0,
      "correct": false,
      "prop_preds_display": {
        "mu": {
          "values": [
            2.2950944900512695,
            2.6616528034210205,
            3.0844533443450928,
            3.1395468711853027
          ],
          "unit": "D"
        },
        "homo": {
          "values": [
            -6.6433267013520005,
            -6.673521283581853,
            -6.7284109030306345,
            -7.084661235034466
          ],
          "unit": "eV"
        },
        "lumo": {
          "values": [
            0.8175610110707582,
            0.4075813448093832,
            -0.27222332185581327,
            -0.683516646669805
          ],
          "unit": "eV"
        },
        "gap": {
          "values": [
            7.481799506270886,
            7.1206071662604815,
            6.386362153601647,
            6.382416819018125
          ],
          "unit": "eV"
        }
      },
      "per_mol_mae_display": {
        "mu": {
          "values": [
            0.8485054969787598,
            0.41265273094177246,
            1.0030534267425537,
            2.210352897644043
          ],
          "unit": "D"
        },
        "homo": {
          "values": [
            0.5670213119477037,
            0.18088126511871838,
            0.6439420614779001,
            0.49643493729829746
          ],
          "unit": "eV"
        },
        "lumo": {
          "values": [
            1.0164872601084411,
            0.05655427333340052,
            1.915791837633401,
            1.9070085036292672
          ],
          "unit": "eV"
        },
        "gap": {
          "values": [
            0.43127546397447514,
            0.27694013592600886,
            1.3416752037286752,
            1.3918462738215922
          ],
          "unit": "eV"
        }
      }
    },
    "123": {
      "ooo_pred_idx": 0,
      "correct": false,
      "prop_preds_display": {
        "mu": {
          "values": [
            1.9907265901565552,
            2.5291430950164795,
            2.792829990386963,
            3.353942394256592
          ],
          "unit": "D"
        },
        "homo": {
          "values": [
            -6.509399014240503,
            -6.72074203222096,
            -6.781505050584674,
            -6.998379646611214
          ],
          "unit": "eV"
        },
        "lumo": {
          "values": [
            1.1023954144835473,
            0.4324899187009782,
            -0.04428861084803939,
            -0.4569102422323078
          ],
          "unit": "eV"
        },