{
  "strategy": "random",
  "set_idx": 43,
  "ground_truth_ooo_idx": 1,
  "molecules": [
    {
      "smiles": "OC1CC(CC#N)C1",
      "iupac": "2-(3-hydroxycyclobutyl)acetonitrile",
      "properties_raw": {
        "mu": 4.807300090789795,
        "alpha": 68.95999908447266,
        "homo": -0.2694000005722046,
        "lumo": 0.032999999821186066,
        "gap": 0.30239999294281006,
        "r2": 1239.1982421875,
        "zpve": 0.14215900003910065,
        "u0": -363.8669128417969,
        "u298": -363.8587646484375,
        "h298": -363.8578186035156,
        "g298": -363.9000549316406,
        "cv": 29.731000900268555
      },
      "properties_display": {
        "mu": {
          "value": 4.8073,
          "unit": "D"
        },
        "homo": {
          "value": -7.33075,
          "unit": "eV"
        },
        "lumo": {
          "value": 0.89798,
          "unit": "eV"
        },
        "gap": {
          "value": 8.22873,
          "unit": "eV"
        }
      },
      "fg_primary": "Nitrile",
      "fg_labels": [
        "–OH (Alkohol)",
        "C≡N (Nitril)"
      ],
      "fg_labels_full": [
        "Nitrile",
        "Alcohol"
      ],
      "fg_ring_n_detail_de": [],
      "fg_primary_de": "C≡N (Nitril)",
      "fg_labels_de": [
        "–OH (Alkohol)",
        "C≡N (Nitril)"
      ],
      "mol_formula": "C6H9NO"
    },
    {
      "smiles": "c1c2c(no1)OCCC2",
      "iupac": "c1c2c(no1)OCCC2",
      "properties_raw": {
        "mu": 4.930200099945068,
        "alpha": 69.93000030517578,
        "homo": -0.24420000612735748,
        "lumo": -0.0031999999191612005,
        "gap": 0.2409999966621399,
        "r2": 1026.1483154296875,
        "zpve": 0.12760700285434723,
        "u0": -437.8895568847656,
        "u298": -437.8829040527344,
        "h298": -437.8819580078125,
        "g298": -437.9206237792969,
        "cv": 26.236000061035156
      },
      "properties_display": {
        "mu": {
          "value": 4.9302,
          "unit": "D"
        },
        "homo": {
          "value": -6.64502,
          "unit": "eV"
        },
        "lumo": {
          "value": -0.08708,
          "unit": "eV"
        },
        "gap": {
          "value": 6.55795,
          "unit": "eV"
        }
      },
      "fg_primary": "Ring N",
      "fg_labels": [
        "N und O im Ring (N,O-Heterocycl)",
        "O im Ring (cycl. Ether)"
      ],
      "fg_labels_full": [
        "Ring N",
        "Ring O arom",
        "Ring O aliph"
      ],
      "fg_ring_n_detail_de": [
        "N im Ring"
      ],
      "fg_primary_de": "N im Ring (Heterocycl)",
      "fg_labels_de": [
        "N und O im Ring (N,O-Heterocycl)",
        "O im Ring (cycl. Ether)"
      ],
      "mol_formula": "C6H7NO2"
    },
    {
      "smiles": "OC1CC2CN=COC12",
      "iupac": "OC1CC2CN=COC12",
      "properties_raw": {
        "mu": 1.5188000202178955,
        "alpha": 71.33999633789062,
        "homo": -0.2524000108242035,
        "lumo": 0.020999999716877937,
        "gap": 0.2734000086784363,
        "r2": 1025.29052734375,
        "zpve": 0.15004600584506989,
        "u0": -439.08245849609375,
        "u298": -439.07501220703125,
        "h298": -439.0740661621094,
        "g298": -439.1144104003906,
        "cv": 29.308000564575195
      },
      "properties_display": {
        "mu": {
          "value": 1.5188,
          "unit": "D"
        },
        "homo": {
          "value": -6.86816,
          "unit": "eV"
        },
        "lumo": {
          "value": 0.57144,
          "unit": "eV"
        },
        "gap": {
          "value": 7.4396,
          "unit": "eV"
        }
      },
      "fg_primary": "Ring O aliph",
      "fg_labels": [
        "O im Ring (cycl. Ether)",
        "–OH (Alkohol)"
      ],
      "fg_labels_full": [
        "Ring O aliph",
        "Alcohol"
      ],
      "fg_ring_n_detail_de": [],
      "fg_primary_de": "O im Ring (cycl. Ether)",
      "fg_labels_de": [
        "O im Ring (cycl. Ether)",
        "–OH (Alkohol)"
      ],
      "mol_formula": "C6H9NO2"
    },
    {
      "smiles": "CCC1=CC2OC2C1O",
      "iupac": "CCC1=CC2OC2C1O",
      "properties_raw": {
        "mu": 1.990399956703186,
        "alpha": 76.45999908447266,
        "homo": -0.24410000443458557,
        "lumo": -0.006500000134110451,
        "gap": 0.23770000040531158,
        "r2": 1194.843505859375,
        "zpve": 0.15921899676322937,
        "u0": -423.0140075683594,
        "u298": -423.0054626464844,
        "h298": -423.0045166015625,
        "g298": -423.0474548339844,
        "cv": 32.49700164794922
      },
      "properties_display": {
        "mu": {
          "value": 1.9904,
          "unit": "D"
        },
        "homo": {
          "value": -6.6423,
          "unit": "eV"
        },
        "lumo": {
          "value": -0.17687,
          "unit": "eV"
        },
        "gap": {
          "value": 6.46815,
          "unit": "eV"
        }
      },
      "fg_primary": "Ring O aliph",
      "fg_labels": [
        "O im Ring (cycl. Ether)",
        "–OH (Alkohol)"
      ],
      "fg_labels_full": [
        "Ring O aliph",
        "Alcohol",
        "Alkene"
      ],
      "fg_ring_n_detail_de": [],
      "fg_primary_de": "O im Ring (cycl. Ether)",
      "fg_labels_de": [
        "O im Ring (cycl. Ether)",
        "–OH (Alkohol)"
      ],
      "mol_formula": "C7H10O2"
    }
  ],
  "per_seed": {
    "42": {
      "ooo_pred_idx": 1,
      "correct": true,
      "prop_preds_display": {
        "mu": {
          "values": [
            2.671596050262451,
            2.312152862548828,
            2.8315374851226807,
            2.3282790184020996
          ],
          "unit": "D"
        },
        "homo": {
          "values": [
            -6.779939081194997,
            -6.592572992771864,
            -6.4422529067695145,
            -6.645513057371974
          ],
          "unit": "eV"
        },
        "lumo": {
          "values": [
            0.18252346138758585,
            0.11593258474515751,
            0.3242266482608393,
            0.6639558156684041
          ],
          "unit": "eV"
        },
        "gap": {
          "values": [
            6.963818029081822,
            6.560537930205465,
            6.647019826468826,
            7.2663550433456905
          ],
          "unit": "eV"
        }
      },
      "per_mol_mae_display": {
        "mu": {
          "values": [
            2.1357040405273438,
            2.6180472373962402,
            1.3127374649047852,
            0.3378790616989136
          ],
          "unit": "D"
        },
        "homo": {
          "values": [
            0.5508118610352275,
            0.05245083001255946,
            0.4259044800102707,
            0.00321054424941547
          ],
          "unit": "eV"
        },
        "lumo": {
          "values": [
            0.7154526986618526,
            0.20300906245158984,
            0.24721273715328423,
            0.8408299168303609
          ],
          "unit": "eV"
        },
        "gap": {
          "values": [
            1.26490931161642,
            0.002590771391988156,
            0.7925768265157931,
            0.7982053813278682
          ],
          "unit": "eV"
        }
      }
    },
    "123": {
      "ooo_pred_idx": 1,
      "correct": true,
      "prop_preds_display": {
        "mu": {
          "values": [
            2.4943721294403076,
            2.3409738540649414,
            2.9687490463256836,
            2.0671141147613525
          ],
          "unit": "D"
        },
        "homo": {
          "values": [
            -6.699608338645101,
            -6.462812438601255,
            -6.601285167372227,
            -6.5803071786761285
          ],
          "unit": "eV"
        },
        "lumo": {
          "values": [
            0.27075226046983153,
            0.005624205216579139,
            0.21829707566536963,
            0.618696178099513
          ],
          "unit": "eV"
        },