{
  "strategy": "random",
  "set_idx": 3,
  "ground_truth_ooo_idx": 2,
  "molecules": [
    {
      "smiles": "CN1C(CO)C1C1CO1",
      "iupac": "CN1C(CO)C1C1CO1",
      "properties_raw": {
        "mu": 2.6252999305725098,
        "alpha": 75.56999969482422,
        "homo": -0.22259999811649323,
        "lumo": 0.07039999961853027,
        "gap": 0.2930000126361847,
        "r2": 1229.7823486328125,
        "zpve": 0.1693429946899414,
        "u0": -440.2096862792969,
        "u298": -440.20001220703125,
        "h298": -440.1990661621094,
        "g298": -440.2447814941406,
        "cv": 34.90299987792969
      },
      "properties_display": {
        "mu": {
          "value": 2.6253,
          "unit": "D"
        },
        "homo": {
          "value": -6.05726,
          "unit": "eV"
        },
        "lumo": {
          "value": 1.91568,
          "unit": "eV"
        },
        "gap": {
          "value": 7.97294,
          "unit": "eV"
        }
      },
      "fg_primary": "Ring O aliph",
      "fg_labels": [
        "O im Ring (cycl. Ether)",
        "–OH (Alkohol)"
      ],
      "fg_labels_full": [
        "Ring O aliph",
        "Alcohol"
      ],
      "fg_ring_n_detail_de": [],
      "fg_primary_de": "O im Ring (cycl. Ether)",
      "fg_labels_de": [
        "O im Ring (cycl. Ether)",
        "–OH (Alkohol)"
      ],
      "mol_formula": "C6H11NO2"
    },
    {
      "smiles": "CC1C2C3OC2C13O",
      "iupac": "CC1C2C3OC2C13O",
      "properties_raw": {
        "mu": 2.9667000770568848,
        "alpha": 63.790000915527344,
        "homo": -0.22709999978542328,
        "lumo": 0.06310000270605087,
        "gap": 0.29010000824928284,
        "r2": 804.5828857421875,
        "zpve": 0.1290999948978424,
        "u0": -383.64227294921875,
        "u298": -383.63519287109375,
        "h298": -383.6342468261719,
        "g298": -383.6731262207031,
        "cv": 27.59000015258789
      },
      "properties_display": {
        "mu": {
          "value": 2.9667,
          "unit": "D"
        },
        "homo": {
          "value": -6.17971,
          "unit": "eV"
        },
        "lumo": {
          "value": 1.71704,
          "unit": "eV"
        },
        "gap": {
          "value": 7.89403,
          "unit": "eV"
        }
      },
      "fg_primary": "Ring O aliph",
      "fg_labels": [
        "O im Ring (cycl. Ether)",
        "–OH (Alkohol)"
      ],
      "fg_labels_full": [
        "Ring O aliph",
        "Alcohol"
      ],
      "fg_ring_n_detail_de": [],
      "fg_primary_de": "O im Ring (cycl. Ether)",
      "fg_labels_de": [
        "O im Ring (cycl. Ether)",
        "–OH (Alkohol)"
      ],
      "mol_formula": "C6H8O2"
    },
    {
      "smiles": "CC1CCCC(=O)O1",
      "iupac": "6-methyloxan-2-one",
      "properties_raw": {
        "mu": 4.432799816131592,
        "alpha": 68.44000244140625,
        "homo": -0.25529998540878296,
        "lumo": 0.015799999237060547,
        "gap": 0.2711000144481659,
        "r2": 983.751708984375,
        "zpve": 0.15470099449157715,
        "u0": -384.9984436035156,
        "u298": -384.99072265625,
        "h298": -384.9897766113281,
        "g298": -385.0306701660156,
        "cv": 28.98900032043457
      },
      "properties_display": {
        "mu": {
          "value": 4.4328,
          "unit": "D"
        },
        "homo": {
          "value": -6.94707,
          "unit": "eV"
        },
        "lumo": {
          "value": 0.42994,
          "unit": "eV"
        },
        "gap": {
          "value": 7.37701,
          "unit": "eV"
        }
      },
      "fg_primary": "Ester",
      "fg_labels": [
        "O im Ring (cycl. Ether)",
        "–COOR (Ester)"
      ],
      "fg_labels_full": [
        "Ester",
        "Ring O aliph"
      ],
      "fg_ring_n_detail_de": [],
      "fg_primary_de": "–COOR (Ester)",
      "fg_labels_de": [
        "O im Ring (cycl. Ether)",
        "–COOR (Ester)"
      ],
      "mol_formula": "C6H10O2"
    },
    {
      "smiles": "CC#CC#CC(O)C#C",
      "iupac": "CC#CC#CC(O)C#C",
      "properties_raw": {
        "mu": 2.2572999000549316,
        "alpha": 95.94999694824219,
        "homo": -0.23890000581741333,
        "lumo": -0.023800000548362732,
        "gap": 0.2151000052690506,
        "r2": 2122.138916015625,
        "zpve": 0.10861299932003021,
        "u0": -383.3988952636719,
        "u298": -383.3884582519531,
        "h298": -383.38751220703125,
        "g298": -383.43780517578125,
        "cv": 35.3120002746582
      },
      "properties_display": {
        "mu": {
          "value": 2.2573,
          "unit": "D"
        },
        "homo": {
          "value": -6.5008,
          "unit": "eV"
        },
        "lumo": {
          "value": -0.64763,
          "unit": "eV"
        },
        "gap": {
          "value": 5.85317,
          "unit": "eV"
        }
      },
      "fg_primary": "Alcohol",
      "fg_labels": [
        "–OH (Alkohol)",
        "C≡C (Alkin)"
      ],
      "fg_labels_full": [
        "Alcohol",
        "Alkyne"
      ],
      "fg_ring_n_detail_de": [],
      "fg_primary_de": "–OH (Alkohol)",
      "fg_labels_de": [
        "–OH (Alkohol)",
        "C≡C (Alkin)"
      ],
      "mol_formula": "C8H6O"
    }
  ],
  "per_seed": {
    "42": {
      "ooo_pred_idx": 1,
      "correct": false,
      "prop_preds_display": {
        "mu": {
          "values": [
            2.937922477722168,
            2.2857556343078613,
            2.474410057067871,
            2.5428848266601562
          ],
          "unit": "D"
        },
        "homo": {
          "values": [
            -6.408749190363288,
            -6.620352527439595,
            -6.835831861770154,
            -6.996666081970931
          ],
          "unit": "eV"
        },
        "lumo": {
          "values": [
            0.48420122242867947,
            0.8542243403658272,
            0.45138418887108567,
            -0.16028484351076186
          ],
          "unit": "eV"
        },
        "gap": {
          "values": [
            6.812666706091166,
            7.486448756664991,
            7.0583990119814874,
            6.955747326147557
          ],
          "unit": "eV"
        }
      },
      "per_mol_mae_display": {
        "mu": {
          "values": [
            0.3126225471496582,
            0.6809444427490234,
            1.9583897590637207,
            0.2855849266052246
          ],
          "unit": "D"
        },
        "homo": {
          "values": [
            0.3514920149177314,
            0.44064356976747554,
            0.11123778315782484,
            0.4958626113593585
          ],
          "unit": "eV"
        },
        "lumo": {
          "values": [
            1.431481212607026,
            0.8628150063291191,
            0.02144411418884995,
            0.4873464440640062
          ],
          "unit": "eV"
        },
        "gap": {
          "values": [
            1.160273738855123,
            0.407578476458788,
            0.31861181031465513,
            1.102575023901463
          ],
          "unit": "eV"
        }
      }
    },
    "123": {
      "ooo_pred_idx": 3,
      "correct": false,
      "prop_preds_display": {
        "mu": {
          "values": [
            2.88956618309021,
            2.28470778465271,
            2.492311477661133,
            2.440194606781006
          ],
          "unit": "D"
        },
        "homo": {
          "values": [
            -6.321278730306029,
            -6.5461380671978,
            -6.646177641481161,
            -6.952848944687844
          ],
          "unit": "eV"
        },
        "lumo": {
          "values": [
            0.36305920198429376,
            0.8646659947536887,
            0.2626176181782037,
            -0.15977525468878448
          ],
          "unit": "eV"
        },