{
  "strategy": "random",
  "set_idx": 83,
  "ground_truth_ooo_idx": 0,
  "molecules": [
    {
      "smiles": "c1cncnc(=O)c1O",
      "iupac": "c1cncnc(=O)c1O",
      "properties_raw": {
        "mu": 3.0411999225616455,
        "alpha": 72.45999908447266,
        "homo": -0.2624000012874603,
        "lumo": -0.09910000115633011,
        "gap": 0.16329999268054962,
        "r2": 997.6170043945312,
        "zpve": 0.0910789966583252,
        "u0": -452.7881164550781,
        "u298": -452.7812194824219,
        "h298": -452.7802734375,
        "g298": -452.8200988769531,
        "cv": 25.420000076293945
      },
      "properties_display": {
        "mu": {
          "value": 3.0412,
          "unit": "D"
        },
        "homo": {
          "value": -7.14027,
          "unit": "eV"
        },
        "lumo": {
          "value": -2.69665,
          "unit": "eV"
        },
        "gap": {
          "value": 4.44362,
          "unit": "eV"
        }
      },
      "fg_primary": "Lactam",
      "fg_labels": [
        "2× N im Ring",
        "C=O im Ring (Lactam)",
        "–OH im Ring (Heterocycl)"
      ],
      "fg_labels_full": [
        "Lactam",
        "Ring N",
        "Heterocyclic OH"
      ],
      "fg_ring_n_detail_de": [
        "2× N im Ring"
      ],
      "fg_primary_de": "C=O im Ring (Lactam)",
      "fg_labels_de": [
        "2× N im Ring",
        "C=O im Ring (Lactam)",
        "–OH im Ring (Heterocycl)"
      ],
      "mol_formula": "C5H4N2O2"
    },
    {
      "smiles": "CCC12CCC1(O2)C#N",
      "iupac": "CCC12CCC1(O2)C#N",
      "properties_raw": {
        "mu": 4.357699871063232,
        "alpha": 78.19000244140625,
        "homo": -0.2694999873638153,
        "lumo": -0.0003000000142492354,
        "gap": 0.26919999718666077,
        "r2": 1220.73779296875,
        "zpve": 0.14644800126552582,
        "u0": -401.93560791015625,
        "u298": -401.9267578125,
        "h298": -401.9258117675781,
        "g298": -401.9695129394531,
        "cv": 32.58100128173828
      },
      "properties_display": {
        "mu": {
          "value": 4.3577,
          "unit": "D"
        },
        "homo": {
          "value": -7.33347,
          "unit": "eV"
        },
        "lumo": {
          "value": -0.00816,
          "unit": "eV"
        },
        "gap": {
          "value": 7.32531,
          "unit": "eV"
        }
      },
      "fg_primary": "Nitrile",
      "fg_labels": [
        "O im Ring (cycl. Ether)",
        "C≡N (Nitril)"
      ],
      "fg_labels_full": [
        "Nitrile",
        "Ring O aliph"
      ],
      "fg_ring_n_detail_de": [],
      "fg_primary_de": "C≡N (Nitril)",
      "fg_labels_de": [
        "O im Ring (cycl. Ether)",
        "C≡N (Nitril)"
      ],
      "mol_formula": "C7H9NO"
    },
    {
      "smiles": "CC1COC1(C)C#C",
      "iupac": "CC1COC1(C)C#C",
      "properties_raw": {
        "mu": 1.930299997329712,
        "alpha": 73.70999908447266,
        "homo": -0.24889999628067017,
        "lumo": 0.027799999341368675,
        "gap": 0.2766999900341034,
        "r2": 957.272216796875,
        "zpve": 0.15114299952983856,
        "u0": -347.7568359375,
        "u298": -347.748046875,
        "h298": -347.7471008300781,
        "g298": -347.7900390625,
        "cv": 32.59600067138672
      },
      "properties_display": {
        "mu": {
          "value": 1.9303,
          "unit": "D"
        },
        "homo": {
          "value": -6.77292,
          "unit": "eV"
        },
        "lumo": {
          "value": 0.75648,
          "unit": "eV"
        },
        "gap": {
          "value": 7.52939,
          "unit": "eV"
        }
      },
      "fg_primary": "Ring O aliph",
      "fg_labels": [
        "O im Ring (cycl. Ether)",
        "C≡C (Alkin)"
      ],
      "fg_labels_full": [
        "Ring O aliph",
        "Alkyne"
      ],
      "fg_ring_n_detail_de": [],
      "fg_primary_de": "O im Ring (cycl. Ether)",
      "fg_labels_de": [
        "O im Ring (cycl. Ether)",
        "C≡C (Alkin)"
      ],
      "mol_formula": "C7H10O"
    },
    {
      "smiles": "C1C2CCC3OCC3C12",
      "iupac": "C1C2CCC3OCC3C12",
      "properties_raw": {
        "mu": 1.749899983406067,
        "alpha": 80.2300033569336,
        "homo": -0.24040000140666962,
        "lumo": 0.07100000232458115,
        "gap": 0.31139999628067017,
        "r2": 1025.949951171875,
        "zpve": 0.18618400394916534,
        "u0": -387.0729064941406,
        "u298": -387.06561279296875,
        "h298": -387.0646667480469,
        "g298": -387.1047058105469,
        "cv": 29.972000122070312
      },
      "properties_display": {
        "mu": {
          "value": 1.7499,
          "unit": "D"
        },
        "homo": {
          "value": -6.54162,
          "unit": "eV"
        },
        "lumo": {
          "value": 1.93201,
          "unit": "eV"
        },
        "gap": {
          "value": 8.47363,
          "unit": "eV"
        }
      },
      "fg_primary": "Ring O aliph",
      "fg_labels": [
        "O im Ring (cycl. Ether)"
      ],
      "fg_labels_full": [
        "Ring O aliph"
      ],
      "fg_ring_n_detail_de": [],
      "fg_primary_de": "O im Ring (cycl. Ether)",
      "fg_labels_de": [
        "O im Ring (cycl. Ether)"
      ],
      "mol_formula": "C8H12O"
    }
  ],
  "per_seed": {
    "42": {
      "ooo_pred_idx": 3,
      "correct": false,
      "prop_preds_display": {
        "mu": {
          "values": [
            3.6486587524414062,
            1.9263510704040527,
            1.9186222553253174,
            1.2780790328979492
          ],
          "unit": "D"
        },
        "homo": {
          "values": [
            -6.470875842869282,
            -6.486695296460391,
            -6.5957329097718,
            -6.461737507256866
          ],
          "unit": "eV"
        },
        "lumo": {
          "values": [
            -0.5181927837137134,
            1.349938600564003,
            1.0325275127276778,
            1.461421773917228
          ],
          "unit": "eV"
        },
        "gap": {
          "values": [
            5.901324017444253,
            7.909056129223108,
            7.673449506294728,
            7.843897691857815
          ],
          "unit": "eV"
        }
      },
      "per_mol_mae_display": {
        "mu": {
          "values": [
            0.6074588298797607,
            2.4313488006591797,
            0.011677742004394531,
            0.4718209505081177
          ],
          "unit": "D"
        },
        "homo": {
          "values": [
            0.669395343959331,
            0.8467764785945411,
            0.17718436088860035,
            0.07988274725973543
          ],
          "unit": "eV"
        },
        "lumo": {
          "values": [
            2.178457006096467,
            1.358102021047473,
            0.2760506336078048,
            0.4705875654153526
          ],
          "unit": "eV"
        },
        "gap": {
          "values": [
            1.4577028588443994,
            0.5837478063166142,
            0.14405583335161243,
            0.6297322596192361
          ],
          "unit": "eV"
        }
      }
    },
    "123": {
      "ooo_pred_idx": 3,
      "correct": false,
      "prop_preds_display": {
        "mu": {
          "values": [
            3.7100207805633545,
            1.911938190460205,
            1.9414703845977783,
            1.6386247873306274
          ],
          "unit": "D"
        },
        "homo": {
          "values": [
            -6.516436144939065,
            -6.434654589733482,
            -6.676920434641838,
            -6.52262622487247
          ],
          "unit": "eV"
        },
        "lumo": {
          "values": [
            -0.6193207209147513,
            1.5139640612073244,
            0.9987546580038965,
            1.1210599287226797
          ],
          "unit": "eV"
        },