{
  "strategy": "random",
  "set_idx": 34,
  "ground_truth_ooo_idx": 1,
  "molecules": [
    {
      "smiles": "CC(C)(CN=COC)O",
      "iupac": "CC(C)(CN=COC)O",
      "properties_raw": {
        "mu": 4.504700183868408,
        "alpha": 84.55000305175781,
        "homo": -0.24320000410079956,
        "lumo": 0.010300000198185444,
        "gap": 0.2535000145435333,
        "r2": 1838.009521484375,
        "zpve": 0.1902499943971634,
        "u0": -441.4871826171875,
        "u298": -441.47589111328125,
        "h298": -441.4749450683594,
        "g298": -441.5245056152344,
        "cv": 39.97100067138672
      },
      "properties_display": {
        "mu": {
          "value": 4.5047,
          "unit": "D"
        },
        "homo": {
          "value": -6.61781,
          "unit": "eV"
        },
        "lumo": {
          "value": 0.28028,
          "unit": "eV"
        },
        "gap": {
          "value": 6.89809,
          "unit": "eV"
        }
      },
      "fg_primary": "Imine C=N-C",
      "fg_labels": [
        "C=N–C (Imin)",
        "Ether (–O–)",
        "–OH (Alkohol)"
      ],
      "fg_labels_full": [
        "Imine C=N-C",
        "Alcohol",
        "Ether"
      ],
      "fg_ring_n_detail_de": [],
      "fg_primary_de": "C=N–C (Imin)",
      "fg_labels_de": [
        "C=N–C (Imin)",
        "Ether (–O–)",
        "–OH (Alkohol)"
      ],
      "mol_formula": "C6H13NO2"
    },
    {
      "smiles": "COC1CC1C(N)C#N",
      "iupac": "COC1CC1C(N)C#N",
      "properties_raw": {
        "mu": 2.81469988822937,
        "alpha": 76.04000091552734,
        "homo": -0.25780001282691956,
        "lumo": 0.034299999475479126,
        "gap": 0.2921000123023987,
        "r2": 1265.43115234375,
        "zpve": 0.15853799879550934,
        "u0": -419.18084716796875,
        "u298": -419.1710205078125,
        "h298": -419.1700744628906,
        "g298": -419.2160949707031,
        "cv": 35.11800003051758
      },
      "properties_display": {
        "mu": {
          "value": 2.8147,
          "unit": "D"
        },
        "homo": {
          "value": -7.0151,
          "unit": "eV"
        },
        "lumo": {
          "value": 0.93335,
          "unit": "eV"
        },
        "gap": {
          "value": 7.94845,
          "unit": "eV"
        }
      },
      "fg_primary": "Nitrile",
      "fg_labels": [
        "Ether (–O–)",
        "C≡N (Nitril)"
      ],
      "fg_labels_full": [
        "Nitrile",
        "Ether"
      ],
      "fg_ring_n_detail_de": [],
      "fg_primary_de": "C≡N (Nitril)",
      "fg_labels_de": [
        "Ether (–O–)",
        "C≡N (Nitril)"
      ],
      "mol_formula": "C6H10N2O"
    },
    {
      "smiles": "CC1C(C)(O)C1(C)CO",
      "iupac": "CC1C(C)(O)C1(C)CO",
      "properties_raw": {
        "mu": 1.4589999914169312,
        "alpha": 82.4000015258789,
        "homo": -0.23759999871253967,
        "lumo": 0.065700002014637,
        "gap": 0.30329999327659607,
        "r2": 1243.457763671875,
        "zpve": 0.202333003282547,
        "u0": -425.4139404296875,
        "u298": -425.4028015136719,
        "h298": -425.40185546875,
        "g298": -425.44903564453125,
        "cv": 41.71200180053711
      },
      "properties_display": {
        "mu": {
          "value": 1.459,
          "unit": "D"
        },
        "homo": {
          "value": -6.46543,
          "unit": "eV"
        },
        "lumo": {
          "value": 1.78779,
          "unit": "eV"
        },
        "gap": {
          "value": 8.25322,
          "unit": "eV"
        }
      },
      "fg_primary": "Alcohol",
      "fg_labels": [
        "–OH (Alkohol)"
      ],
      "fg_labels_full": [
        "Alcohol"
      ],
      "fg_ring_n_detail_de": [],
      "fg_primary_de": "–OH (Alkohol)",
      "fg_labels_de": [
        "–OH (Alkohol)"
      ],
      "mol_formula": "C7H14O2"
    },
    {
      "smiles": "CC1(O)CCC11CCO1",
      "iupac": "CC1(O)CCC11CCO1",
      "properties_raw": {
        "mu": 2.4374001026153564,
        "alpha": 78.29000091552734,
        "homo": -0.23090000450611115,
        "lumo": 0.06719999760389328,
        "gap": 0.29809999465942383,
        "r2": 1090.8924560546875,
        "zpve": 0.1808280050754547,
        "u0": -424.19879150390625,
        "u298": -424.1895751953125,
        "h298": -424.1886291503906,
        "g298": -424.2325439453125,
        "cv": 35.36800003051758
      },
      "properties_display": {
        "mu": {
          "value": 2.4374,
          "unit": "D"
        },
        "homo": {
          "value": -6.28311,
          "unit": "eV"
        },
        "lumo": {
          "value": 1.82861,
          "unit": "eV"
        },
        "gap": {
          "value": 8.11172,
          "unit": "eV"
        }
      },
      "fg_primary": "Ring O aliph",
      "fg_labels": [
        "O im Ring (cycl. Ether)",
        "–OH (Alkohol)"
      ],
      "fg_labels_full": [
        "Ring O aliph",
        "Alcohol"
      ],
      "fg_ring_n_detail_de": [],
      "fg_primary_de": "O im Ring (cycl. Ether)",
      "fg_labels_de": [
        "O im Ring (cycl. Ether)",
        "–OH (Alkohol)"
      ],
      "mol_formula": "C7H12O2"
    }
  ],
  "per_seed": {
    "42": {
      "ooo_pred_idx": 1,
      "correct": true,
      "prop_preds_display": {
        "mu": {
          "values": [
            3.2724788188934326,
            3.084174156188965,
            2.3633623123168945,
            2.0415215492248535
          ],
          "unit": "D"
        },
        "homo": {
          "values": [
            -6.685661398425698,
            -6.553728680086136,
            -6.919698402631283,
            -6.616531270182133
          ],
          "unit": "eV"
        },
        "lumo": {
          "values": [
            -0.14448814756646752,
            -0.021393733903206886,
            0.28167243366297334,
            1.1623660207085311
          ],
          "unit": "eV"
        },
        "gap": {
          "values": [
            6.526919462546706,
            6.477391118931771,
            7.208968874561787,
            8.04921484989524
          ],
          "unit": "eV"
        }
      },
      "per_mol_mae_display": {
        "mu": {
          "values": [
            1.2322213649749756,
            0.2694742679595947,
            0.9043623208999634,
            0.39587855339050293
          ],
          "unit": "D"
        },
        "homo": {
          "values": [
            0.0678492417484522,
            0.46137036852836566,
            0.4542700502753263,
            0.3334192210793496
          ],
          "unit": "eV"
        },
        "lumo": {
          "values": [
            0.4247655487753451,
            0.9547447141850367,
            1.5061165534967556,
            0.6662399887748063
          ],
          "unit": "eV"
        },
        "gap": {
          "values": [
            0.37117042316496374,
            1.4710589695692056,
            1.0442478689074512,
            0.06250332790017055
          ],
          "unit": "eV"
        }
      }
    },
    "123": {
      "ooo_pred_idx": 1,
      "correct": true,
      "prop_preds_display": {
        "mu": {
          "values": [
            3.2382867336273193,
            3.1569337844848633,
            2.440314769744873,
            1.8452067375183105
          ],
          "unit": "D"
        },
        "homo": {
          "values": [
            -6.720568891638518,
            -6.564389598572254,
            -6.791352978748083,
            -6.531335561102629
          ],
          "unit": "eV"
        },
        "lumo": {
          "values": [
            -0.28967169583290814,
            -0.10362618448976428,
            0.48243970960602167,
            1.687649002506584
          ],
          "unit": "eV"
        },
        "gap": {
          "values": [
            6.558622030317784,
            6.483214643627406,
            7.302330169236661,
            8.157929294484854
          ],
          "unit": "eV"
        }
      },