{
  "strategy": "random",
  "set_idx": 61,
  "ground_truth_ooo_idx": 2,
  "molecules": [
    {
      "smiles": "COC1CC(O)C1(C)C",
      "iupac": "3-methoxy-2,2-dimethylcyclobutan-1-ol",
      "properties_raw": {
        "mu": 1.4664000272750854,
        "alpha": 82.05999755859375,
        "homo": -0.24770000576972961,
        "lumo": 0.07329999655485153,
        "gap": 0.32100000977516174,
        "r2": 1328.556396484375,
        "zpve": 0.20288200676441193,
        "u0": -425.41156005859375,
        "u298": -425.40087890625,
        "h298": -425.39996337890625,
        "g298": -425.4466857910156,
        "cv": 39.58399963378906
      },
      "properties_display": {
        "mu": {
          "value": 1.4664,
          "unit": "D"
        },
        "homo": {
          "value": -6.74026,
          "unit": "eV"
        },
        "lumo": {
          "value": 1.9946,
          "unit": "eV"
        },
        "gap": {
          "value": 8.73486,
          "unit": "eV"
        }
      },
      "fg_primary": "Alcohol",
      "fg_labels": [
        "Ether (–O–)",
        "–OH (Alkohol)"
      ],
      "fg_labels_full": [
        "Alcohol",
        "Ether"
      ],
      "fg_ring_n_detail_de": [],
      "fg_primary_de": "–OH (Alkohol)",
      "fg_labels_de": [
        "Ether (–O–)",
        "–OH (Alkohol)"
      ],
      "mol_formula": "C7H14O2"
    },
    {
      "smiles": "OCC1C2C3OC3C12O",
      "iupac": "OCC1C2C3OC3C12O",
      "properties_raw": {
        "mu": 1.4537999629974365,
        "alpha": 67.19000244140625,
        "homo": -0.23019999265670776,
        "lumo": 0.05209999904036522,
        "gap": 0.2822999954223633,
        "r2": 1121.817626953125,
        "zpve": 0.13373999297618866,
        "u0": -458.85528564453125,
        "u298": -458.8468933105469,
        "h298": -458.845947265625,
        "g298": -458.8885803222656,
        "cv": 32.18600082397461
      },
      "properties_display": {
        "mu": {
          "value": 1.4538,
          "unit": "D"
        },
        "homo": {
          "value": -6.26406,
          "unit": "eV"
        },
        "lumo": {
          "value": 1.41771,
          "unit": "eV"
        },
        "gap": {
          "value": 7.68178,
          "unit": "eV"
        }
      },
      "fg_primary": "Ring O aliph",
      "fg_labels": [
        "O im Ring (cycl. Ether)",
        "–OH (Alkohol)"
      ],
      "fg_labels_full": [
        "Ring O aliph",
        "Alcohol"
      ],
      "fg_ring_n_detail_de": [],
      "fg_primary_de": "O im Ring (cycl. Ether)",
      "fg_labels_de": [
        "O im Ring (cycl. Ether)",
        "–OH (Alkohol)"
      ],
      "mol_formula": "C6H8O3"
    },
    {
      "smiles": "NC1(CC2(CN2)C1)C#N",
      "iupac": "NC1(CC2(CN2)C1)C#N",
      "properties_raw": {
        "mu": 2.385200023651123,
        "alpha": 76.9000015258789,
        "homo": -0.2531999945640564,
        "lumo": 0.023800000548362732,
        "gap": 0.2770000100135803,
        "r2": 1196.581298828125,
        "zpve": 0.14841200411319733,
        "u0": -398.0961608886719,
        "u298": -398.0875549316406,
        "h298": -398.08660888671875,
        "g298": -398.1295471191406,
        "cv": 32.816001892089844
      },
      "properties_display": {
        "mu": {
          "value": 2.3852,
          "unit": "D"
        },
        "homo": {
          "value": -6.88993,
          "unit": "eV"
        },
        "lumo": {
          "value": 0.64763,
          "unit": "eV"
        },
        "gap": {
          "value": 7.53756,
          "unit": "eV"
        }
      },
      "fg_primary": "Nitrile",
      "fg_labels": [
        "C≡N (Nitril)"
      ],
      "fg_labels_full": [
        "Nitrile"
      ],
      "fg_ring_n_detail_de": [],
      "fg_primary_de": "C≡N (Nitril)",
      "fg_labels_de": [
        "C≡N (Nitril)"
      ],
      "mol_formula": "C6H9N3"
    },
    {
      "smiles": "CCCC1(O)CC1CO",
      "iupac": "CCCC1(O)CC1CO",
      "properties_raw": {
        "mu": 1.9082000255584717,
        "alpha": 83.18000030517578,
        "homo": -0.25119999051094055,
        "lumo": 0.07129999995231628,
        "gap": 0.32249999046325684,
        "r2": 1720.3094482421875,
        "zpve": 0.20307500660419464,
        "u0": -425.4078369140625,
        "u298": -425.39678955078125,
        "h298": -425.3958435058594,
        "g298": -425.4443359375,
        "cv": 40.112998962402344
      },
      "properties_display": {
        "mu": {
          "value": 1.9082,
          "unit": "D"
        },
        "homo": {
          "value": -6.8355,
          "unit": "eV"
        },
        "lumo": {
          "value": 1.94017,
          "unit": "eV"
        },
        "gap": {
          "value": 8.77568,
          "unit": "eV"
        }
      },
      "fg_primary": "Alcohol",
      "fg_labels": [
        "–OH (Alkohol)"
      ],
      "fg_labels_full": [
        "Alcohol"
      ],
      "fg_ring_n_detail_de": [],
      "fg_primary_de": "–OH (Alkohol)",
      "fg_labels_de": [
        "–OH (Alkohol)"
      ],
      "mol_formula": "C7H14O2"
    }
  ],
  "per_seed": {
    "42": {
      "ooo_pred_idx": 1,
      "correct": false,
      "prop_preds_display": {
        "mu": {
          "values": [
            2.3604588508605957,
            2.539152145385742,
            2.8625872135162354,
            2.569948196411133
          ],
          "unit": "D"
        },
        "homo": {
          "values": [
            -6.80921281503439,
            -6.759948439848423,
            -6.34589023834467,
            -6.8308120013237
          ],
          "unit": "eV"
        },
        "lumo": {
          "values": [
            0.4554242540601641,
            0.6362896130681038,
            0.5011299719177187,
            0.13374136838167908
          ],
          "unit": "eV"
        },
        "gap": {
          "values": [
            7.204644009333849,
            7.456244442880154,
            6.809227412366868,
            6.954423834669591
          ],
          "unit": "eV"
        }
      },
      "per_mol_mae_display": {
        "mu": {
          "values": [
            0.8940588235855103,
            1.0853521823883057,
            0.4773871898651123,
            0.6617481708526611
          ],
          "unit": "D"
        },
        "homo": {
          "values": [
            0.0689488761305812,
            0.4958846047043801,
            0.5440357183814042,
            0.004691100025176809
          ],
          "unit": "eV"
        },
        "lumo": {
          "values": [
            1.5391711543794722,
            0.7814242674708366,
            0.14650131565704938,
            1.806431423099339
          ],
          "unit": "eV"
        },
        "gap": {
          "values": [
            1.530215457218885,
            0.22553351122140874,
            0.7283301895618433,
            1.821251938951015
          ],
          "unit": "eV"
        }
      }
    },
    "123": {
      "ooo_pred_idx": 1,
      "correct": false,
      "prop_preds_display": {
        "mu": {
          "values": [
            2.491556406021118,
            2.6766955852508545,
            2.554619073867798,
            2.5665388107299805
          ],
          "unit": "D"
        },
        "homo": {
          "values": [
            -6.895148933255673,
            -6.792393444168568,
            -6.257072768884897,
            -6.852703945225477
          ],
          "unit": "eV"
        },
        "lumo": {
          "values": [
            0.323483552804403,
            0.2980152877882123,
            0.9065548649646342,
            0.3894597448995337
          ],
          "unit": "eV"
        },
        "gap": {
          "values": [
            7.213211021572352,
            7.26881469386816,
            6.98608707073927,
            7.164873576998711
          ],
          "unit": "eV"
        }
      },