{
  "strategy": "random",
  "set_idx": 11,
  "ground_truth_ooo_idx": 3,
  "molecules": [
    {
      "smiles": "OC1COC(=N)C1C#N",
      "iupac": "OC1COC(=N)C1C#N",
      "properties_raw": {
        "mu": 4.7982001304626465,
        "alpha": 66.5999984741211,
        "homo": -0.2800000011920929,
        "lumo": 0.003000000026077032,
        "gap": 0.28299999237060547,
        "r2": 1040.4879150390625,
        "zpve": 0.11345099657773972,
        "u0": -453.968505859375,
        "u298": -453.9604797363281,
        "h298": -453.95953369140625,
        "g298": -454.00140380859375,
        "cv": 29.415000915527344
      },
      "properties_display": {
        "mu": {
          "value": 4.7982,
          "unit": "D"
        },
        "homo": {
          "value": -7.61919,
          "unit": "eV"
        },
        "lumo": {
          "value": 0.08163,
          "unit": "eV"
        },
        "gap": {
          "value": 7.70083,
          "unit": "eV"
        }
      },
      "fg_primary": "Nitrile",
      "fg_labels": [
        "O im Ring (cycl. Ether)",
        "C=N–H (Imin)",
        "–OH (Alkohol)"
      ],
      "fg_labels_full": [
        "Nitrile",
        "Imine C=N-H",
        "Ring O aliph",
        "Alcohol"
      ],
      "fg_ring_n_detail_de": [],
      "fg_primary_de": "C≡N (Nitril)",
      "fg_labels_de": [
        "O im Ring (cycl. Ether)",
        "C=N–H (Imin)",
        "–OH (Alkohol)"
      ],
      "mol_formula": "C5H6N2O2"
    },
    {
      "smiles": "OCC1C(O)C1(O)C#C",
      "iupac": "OCC1C(O)C1(O)C#C",
      "properties_raw": {
        "mu": 3.3469998836517334,
        "alpha": 72.19000244140625,
        "homo": -0.24330000579357147,
        "lumo": 0.009999999776482582,
        "gap": 0.2533000111579895,
        "r2": 1239.4842529296875,
        "zpve": 0.13304300606250763,
        "u0": -458.8919372558594,
        "u298": -458.8824157714844,
        "h298": -458.8814697265625,
        "g298": -458.9259948730469,
        "cv": 35.75199890136719
      },
      "properties_display": {
        "mu": {
          "value": 3.347,
          "unit": "D"
        },
        "homo": {
          "value": -6.62053,
          "unit": "eV"
        },
        "lumo": {
          "value": 0.27211,
          "unit": "eV"
        },
        "gap": {
          "value": 6.89265,
          "unit": "eV"
        }
      },
      "fg_primary": "Alcohol",
      "fg_labels": [
        "–OH (Alkohol)",
        "C≡C (Alkin)"
      ],
      "fg_labels_full": [
        "Alcohol",
        "Alkyne"
      ],
      "fg_ring_n_detail_de": [],
      "fg_primary_de": "–OH (Alkohol)",
      "fg_labels_de": [
        "–OH (Alkohol)",
        "C≡C (Alkin)"
      ],
      "mol_formula": "C6H8O3"
    },
    {
      "smiles": "CC1CC2CN2CC1O",
      "iupac": "CC1CC2CN2CC1O",
      "properties_raw": {
        "mu": 1.156000018119812,
        "alpha": 81.33999633789062,
        "homo": -0.21289999783039093,
        "lumo": 0.0640999972820282,
        "gap": 0.2770000100135803,
        "r2": 1126.934326171875,
        "zpve": 0.1958480030298233,
        "u0": -404.3312683105469,
        "u298": -404.3226318359375,
        "h298": -404.3216857910156,
        "g298": -404.3638916015625,
        "cv": 34.46500015258789
      },
      "properties_display": {
        "mu": {
          "value": 1.156,
          "unit": "D"
        },
        "homo": {
          "value": -5.79331,
          "unit": "eV"
        },
        "lumo": {
          "value": 1.74425,
          "unit": "eV"
        },
        "gap": {
          "value": 7.53756,
          "unit": "eV"
        }
      },
      "fg_primary": "Alcohol",
      "fg_labels": [
        "–OH (Alkohol)"
      ],
      "fg_labels_full": [
        "Alcohol"
      ],
      "fg_ring_n_detail_de": [],
      "fg_primary_de": "–OH (Alkohol)",
      "fg_labels_de": [
        "–OH (Alkohol)"
      ],
      "mol_formula": "C7H13NO"
    },
    {
      "smiles": "COC1CC1(C)C1CO1",
      "iupac": "COC1CC1(C)C1CO1",
      "properties_raw": {
        "mu": 0.8745999932289124,
        "alpha": 79.58000183105469,
        "homo": -0.23690000176429749,
        "lumo": 0.08669999986886978,
        "gap": 0.32359999418258667,
        "r2": 1331.1363525390625,
        "zpve": 0.1802629977464676,
        "u0": -424.1769104003906,
        "u298": -424.1671447753906,
        "h298": -424.16619873046875,
        "g298": -424.21160888671875,
        "cv": 35.847999572753906
      },
      "properties_display": {
        "mu": {
          "value": 0.8746,
          "unit": "D"
        },
        "homo": {
          "value": -6.44638,
          "unit": "eV"
        },
        "lumo": {
          "value": 2.35923,
          "unit": "eV"
        },
        "gap": {
          "value": 8.80561,
          "unit": "eV"
        }
      },
      "fg_primary": "Ring O aliph",
      "fg_labels": [
        "O im Ring (cycl. Ether)",
        "Ether (–O–)"
      ],
      "fg_labels_full": [
        "Ring O aliph",
        "Ether"
      ],
      "fg_ring_n_detail_de": [],
      "fg_primary_de": "O im Ring (cycl. Ether)",
      "fg_labels_de": [
        "O im Ring (cycl. Ether)",
        "Ether (–O–)"
      ],
      "mol_formula": "C7H12O2"
    }
  ],
  "per_seed": {
    "42": {
      "ooo_pred_idx": 2,
      "correct": false,
      "prop_preds_display": {
        "mu": {
          "values": [
            3.169193744659424,
            2.7986230850219727,
            2.7122225761413574,
            2.027707099914551
          ],
          "unit": "D"
        },
        "homo": {
          "values": [
            -6.709792410936952,
            -6.922173461449146,
            -6.274721754813195,
            -6.690515416955948
          ],
          "unit": "eV"
        },
        "lumo": {
          "values": [
            -0.3561407506398857,
            0.09360623081792147,
            0.7603568527761847,
            1.1046190747976303
          ],
          "unit": "eV"
        },
        "gap": {
          "values": [
            6.312396658974886,
            7.071362254184485,
            6.912900911474228,
            7.781346500265599
          ],
          "unit": "eV"
        }
      },
      "per_mol_mae_display": {
        "mu": {
          "values": [
            1.6290063858032227,
            0.5483767986297607,
            1.5562225580215454,
            1.1531071066856384
          ],
          "unit": "D"
        },
        "homo": {
          "values": [
            0.9093992356389755,
            0.30163999511003503,
            0.4814149272680286,
            0.24413480172157342
          ],
          "unit": "eV"
        },
        "lumo": {
          "values": [
            0.43777495174929504,
            0.17850774804484099,
            0.9838938023980707,
            1.2546092977762222
          ],
          "unit": "eV"
        },
        "gap": {
          "values": [
            1.3884290322482586,
            0.17871451095938706,
            0.6246566904544828,
            1.0242622491240496
          ],
          "unit": "eV"
        }
      }
    },
    "123": {
      "ooo_pred_idx": 2,
      "correct": false,
      "prop_preds_display": {
        "mu": {
          "values": [
            3.4887771606445312,
            2.9550650119781494,
            2.539641857147217,
            2.0540237426757812
          ],
          "unit": "D"
        },
        "homo": {
          "values": [
            -6.656787063822151,
            -6.928276768350601,
            -6.20576679455936,
            -6.660809034401178
          ],
          "unit": "eV"
        },
        "lumo": {
          "values": [
            -0.5406671003591269,
            -0.06589215606302024,
            0.8033665751066059,
            1.0747057953290642
          ],
          "unit": "eV"
        },
        "gap": {
          "values": [
            5.925759546530247,
            6.920326898890734,
            6.94100969708562,
            7.680558407211304
          ],