{
  "strategy": "random",
  "set_idx": 57,
  "ground_truth_ooo_idx": 1,
  "molecules": [
    {
      "smiles": "C#CCCOCCC#N",
      "iupac": "3-but-3-ynoxypropanenitrile",
      "properties_raw": {
        "mu": 3.291599988937378,
        "alpha": 80.20999908447266,
        "homo": -0.271699994802475,
        "lumo": 0.02879999950528145,
        "gap": 0.3005000054836273,
        "r2": 2329.60888671875,
        "zpve": 0.14496399462223053,
        "u0": -401.9219665527344,
        "u298": -401.9116516113281,
        "h298": -401.91070556640625,
        "g298": -401.9588928222656,
        "cv": 35.05799865722656
      },
      "properties_display": {
        "mu": {
          "value": 3.2916,
          "unit": "D"
        },
        "homo": {
          "value": -7.39334,
          "unit": "eV"
        },
        "lumo": {
          "value": 0.78369,
          "unit": "eV"
        },
        "gap": {
          "value": 8.17703,
          "unit": "eV"
        }
      },
      "fg_primary": "Nitrile",
      "fg_labels": [
        "Ether (–O–)",
        "C≡C (Alkin)",
        "C≡N (Nitril)"
      ],
      "fg_labels_full": [
        "Nitrile",
        "Ether",
        "Alkyne"
      ],
      "fg_ring_n_detail_de": [],
      "fg_primary_de": "C≡N (Nitril)",
      "fg_labels_de": [
        "Ether (–O–)",
        "C≡C (Alkin)",
        "C≡N (Nitril)"
      ],
      "mol_formula": "C7H9NO"
    },
    {
      "smiles": "CC1=C(F)C=NC(=N)O1",
      "iupac": "CC1=C(F)C=NC(=N)O1",
      "properties_raw": {
        "mu": 3.2291998863220215,
        "alpha": 71.05000305175781,
        "homo": -0.22849999368190765,
        "lumo": -0.0737999975681305,
        "gap": 0.15469999611377716,
        "r2": 1101.6776123046875,
        "zpve": 0.09994900226593018,
        "u0": -477.9952087402344,
        "u298": -477.98736572265625,
        "h298": -477.9864196777344,
        "g298": -478.02813720703125,
        "cv": 28.538999557495117
      },
      "properties_display": {
        "mu": {
          "value": 3.2292,
          "unit": "D"
        },
        "homo": {
          "value": -6.2178,
          "unit": "eV"
        },
        "lumo": {
          "value": -2.0082,
          "unit": "eV"
        },
        "gap": {
          "value": 4.2096,
          "unit": "eV"
        }
      },
      "fg_primary": "Imine C=N-H",
      "fg_labels": [
        "N und O im Ring (N,O-Heterocycl)",
        "C=N–H (Imin)",
        "Halogen (F/Cl/…)"
      ],
      "fg_labels_full": [
        "Imine C=N-H",
        "Ring N",
        "Ring O arom",
        "Halogen"
      ],
      "fg_ring_n_detail_de": [
        "N im Ring"
      ],
      "fg_primary_de": "C=N–H (Imin)",
      "fg_labels_de": [
        "N und O im Ring (N,O-Heterocycl)",
        "C=N–H (Imin)",
        "Halogen (F/Cl/…)"
      ],
      "mol_formula": "C5H5FN2O"
    },
    {
      "smiles": "CC1(C)C2OC(C#C)C12",
      "iupac": "CC1(C)C2OC(C#C)C12",
      "properties_raw": {
        "mu": 1.7338000535964966,
        "alpha": 81.5999984741211,
        "homo": -0.23469999432563782,
        "lumo": 0.01940000057220459,
        "gap": 0.2540999948978424,
        "r2": 1164.8299560546875,
        "zpve": 0.15663599967956543,
        "u0": -385.8119812011719,
        "u298": -385.802978515625,
        "h298": -385.8020324707031,
        "g298": -385.8451232910156,
        "cv": 34.73899841308594
      },
      "properties_display": {
        "mu": {
          "value": 1.7338,
          "unit": "D"
        },
        "homo": {
          "value": -6.38652,
          "unit": "eV"
        },
        "lumo": {
          "value": 0.5279,
          "unit": "eV"
        },
        "gap": {
          "value": 6.91442,
          "unit": "eV"
        }
      },
      "fg_primary": "Ring O aliph",
      "fg_labels": [
        "O im Ring (cycl. Ether)",
        "C≡C (Alkin)"
      ],
      "fg_labels_full": [
        "Ring O aliph",
        "Alkyne"
      ],
      "fg_ring_n_detail_de": [],
      "fg_primary_de": "O im Ring (cycl. Ether)",
      "fg_labels_de": [
        "O im Ring (cycl. Ether)",
        "C≡C (Alkin)"
      ],
      "mol_formula": "C8H10O"
    },
    {
      "smiles": "C1C(CO1)CC2COC2",
      "iupac": "C1C(CO1)CC2COC2",
      "properties_raw": {
        "mu": 0.015300000086426735,
        "alpha": 78.04000091552734,
        "homo": -0.24660000205039978,
        "lumo": 0.06669999659061432,
        "gap": 0.3133000135421753,
        "r2": 1643.1971435546875,
        "zpve": 0.18295200169086456,
        "u0": -424.1755676269531,
        "u298": -424.1664733886719,
        "h298": -424.16552734375,
        "g298": -424.2118225097656,
        "cv": 31.79400062561035
      },
      "properties_display": {
        "mu": {
          "value": 0.0153,
          "unit": "D"
        },
        "homo": {
          "value": -6.71033,
          "unit": "eV"
        },
        "lumo": {
          "value": 1.815,
          "unit": "eV"
        },
        "gap": {
          "value": 8.52533,
          "unit": "eV"
        }
      },
      "fg_primary": "Ring O aliph",
      "fg_labels": [
        "O im Ring (cycl. Ether)"
      ],
      "fg_labels_full": [
        "Ring O aliph"
      ],
      "fg_ring_n_detail_de": [],
      "fg_primary_de": "O im Ring (cycl. Ether)",
      "fg_labels_de": [
        "O im Ring (cycl. Ether)"
      ],
      "mol_formula": "C7H12O2"
    }
  ],
  "per_seed": {
    "42": {
      "ooo_pred_idx": 1,
      "correct": true,
      "prop_preds_display": {
        "mu": {
          "values": [
            2.425563335418701,
            2.895977258682251,
            1.8440128564834595,
            1.7882628440856934
          ],
          "unit": "D"
        },
        "homo": {
          "values": [
            -6.8111656137347225,
            -6.456126049363613,
            -6.4747530565679074,
            -6.679763670623303
          ],
          "unit": "eV"
        },
        "lumo": {
          "values": [
            0.2586765158073977,
            -0.6207046291299164,
            1.3135475520677866,
            1.0062214976772665
          ],
          "unit": "eV"
        },
        "gap": {
          "values": [
            7.400082828098536,
            5.769111922380328,
            7.923731314140559,
            7.90097731665969
          ],
          "unit": "eV"
        }
      },
      "per_mol_mae_display": {
        "mu": {
          "values": [
            0.8660366535186768,
            0.3332226276397705,
            0.11021280288696289,
            1.7729628439992666
          ],
          "unit": "D"
        },
        "homo": {
          "values": [
            0.5821711591839787,
            0.2383216174483298,
            0.08823791603446018,
            0.030567292511462618
          ],
          "unit": "eV"
        },
        "lumo": {
          "values": [
            0.525011791001074,
            1.387496493154019,
            0.7856463794298472,
            0.808778678752482
          ],
          "unit": "eV"
        },
        "gap": {
          "values": [
            0.7769429668843744,
            1.5595086127489806,
            1.0093150009691723,
            0.6243541805326931
          ],
          "unit": "eV"
        }
      }
    },
    "123": {
      "ooo_pred_idx": 2,
      "correct": false,
      "prop_preds_display": {
        "mu": {
          "values": [
            2.318476438522339,
            3.050996780395508,
            1.6792443990707397,
            2.163601875305176
          ],
          "unit": "D"
        },
        "homo": {
          "values": [
            -6.887467492520809,
            -6.366672784978151,
            -6.552909607541562,
            -6.832270923608542
          ],
          "unit": "eV"
        },
        "lumo": {
          "values": [
            0.2274644538871944,
            -0.7189772165909409,
            1.3798185291826726,
            0.6547575701706112
          ],
          "unit": "eV"
        },