{
  "strategy": "random",
  "set_idx": 82,
  "ground_truth_ooo_idx": 0,
  "molecules": [
    {
      "smiles": "Cc1c2n(cn1)CCC2",
      "iupac": "1-methyl-6,7-dihydro-5H-pyrrolo[1,2-c…",
      "properties_raw": {
        "mu": 3.975800037384033,
        "alpha": 82.55999755859375,
        "homo": -0.20260000228881836,
        "lumo": 0.04190000146627426,
        "gap": 0.24459999799728394,
        "r2": 1139.7894287109375,
        "zpve": 0.16281099617481232,
        "u0": -382.130859375,
        "u298": -382.1229553222656,
        "h298": -382.12200927734375,
        "g298": -382.16351318359375,
        "cv": 29.770000457763672
      },
      "properties_display": {
        "mu": {
          "value": 3.9758,
          "unit": "D"
        },
        "homo": {
          "value": -5.51303,
          "unit": "eV"
        },
        "lumo": {
          "value": 1.14016,
          "unit": "eV"
        },
        "gap": {
          "value": 6.65591,
          "unit": "eV"
        }
      },
      "fg_primary": "Ring N",
      "fg_labels": [
        "N mit Alkyl am Ring",
        "N im Ring"
      ],
      "fg_labels_full": [
        "Ring N"
      ],
      "fg_ring_n_detail_de": [
        "N mit Alkyl am Ring",
        "N im Ring"
      ],
      "fg_primary_de": "N im Ring (Heterocycl)",
      "fg_labels_de": [
        "N mit Alkyl am Ring",
        "N im Ring"
      ],
      "mol_formula": "C7H10N2"
    },
    {
      "smiles": "CC1=C(C)C2CC1O2",
      "iupac": "2,3-dimethyl-5-oxabicyclo[2.1.1]hex-2…",
      "properties_raw": {
        "mu": 1.9430999755859375,
        "alpha": 73.69999694824219,
        "homo": -0.21469999849796295,
        "lumo": 0.017799999564886093,
        "gap": 0.23240000009536743,
        "r2": 890.8956909179688,
        "zpve": 0.1535860002040863,
        "u0": -347.769775390625,
        "u298": -347.7621765136719,
        "h298": -347.76123046875,
        "g298": -347.80133056640625,
        "cv": 28.951000213623047
      },
      "properties_display": {
        "mu": {
          "value": 1.9431,
          "unit": "D"
        },
        "homo": {
          "value": -5.84229,
          "unit": "eV"
        },
        "lumo": {
          "value": 0.48436,
          "unit": "eV"
        },
        "gap": {
          "value": 6.32393,
          "unit": "eV"
        }
      },
      "fg_primary": "Ring O aliph",
      "fg_labels": [
        "O im Ring (cycl. Ether)"
      ],
      "fg_labels_full": [
        "Ring O aliph",
        "Alkene"
      ],
      "fg_ring_n_detail_de": [],
      "fg_primary_de": "O im Ring (cycl. Ether)",
      "fg_labels_de": [
        "O im Ring (cycl. Ether)"
      ],
      "mol_formula": "C7H10O"
    },
    {
      "smiles": "COCC1CCCC1C",
      "iupac": "1-(methoxymethyl)-2-methylcyclopentane",
      "properties_raw": {
        "mu": 0.9144999980926514,
        "alpha": 88.9800033569336,
        "homo": -0.24979999661445618,
        "lumo": 0.07590000331401825,
        "gap": 0.3257000148296356,
        "r2": 1504.4549560546875,
        "zpve": 0.22942599654197693,
        "u0": -389.5005798339844,
        "u298": -389.49029541015625,
        "h298": -389.4893493652344,
        "g298": -389.5363464355469,
        "cv": 37.79100036621094
      },
      "properties_display": {
        "mu": {
          "value": 0.9145,
          "unit": "D"
        },
        "homo": {
          "value": -6.79741,
          "unit": "eV"
        },
        "lumo": {
          "value": 2.06535,
          "unit": "eV"
        },
        "gap": {
          "value": 8.86275,
          "unit": "eV"
        }
      },
      "fg_primary": "Ether",
      "fg_labels": [
        "Ether (–O–)"
      ],
      "fg_labels_full": [
        "Ether"
      ],
      "fg_ring_n_detail_de": [],
      "fg_primary_de": "Ether (–O–)",
      "fg_labels_de": [
        "Ether (–O–)"
      ],
      "mol_formula": "C8H16O"
    },
    {
      "smiles": "COCC1C=CC2CC12",
      "iupac": "4-(methoxymethyl)bicyclo[3.1.0]hex-2-ene",
      "properties_raw": {
        "mu": 1.0599000453948975,
        "alpha": 84.51000213623047,
        "homo": -0.2257000058889389,
        "lumo": 0.022299999371170998,
        "gap": 0.24799999594688416,
        "r2": 1424.3233642578125,
        "zpve": 0.18318599462509155,
        "u0": -387.0732727050781,
        "u298": -387.0645751953125,
        "h298": -387.0636291503906,
        "g298": -387.1070861816406,
        "cv": 32.92100143432617
      },
      "properties_display": {
        "mu": {
          "value": 1.0599,
          "unit": "D"
        },
        "homo": {
          "value": -6.14161,
          "unit": "eV"
        },
        "lumo": {
          "value": 0.60681,
          "unit": "eV"
        },
        "gap": {
          "value": 6.74843,
          "unit": "eV"
        }
      },
      "fg_primary": "Ether",
      "fg_labels": [
        "Ether (–O–)"
      ],
      "fg_labels_full": [
        "Ether",
        "Alkene"
      ],
      "fg_ring_n_detail_de": [],
      "fg_primary_de": "Ether (–O–)",
      "fg_labels_de": [
        "Ether (–O–)"
      ],
      "mol_formula": "C8H12O"
    }
  ],
  "per_seed": {
    "42": {
      "ooo_pred_idx": 0,
      "correct": true,
      "prop_preds_display": {
        "mu": {
          "values": [
            2.8643109798431396,
            1.675756812095642,
            1.790438175201416,
            1.69247305393219
          ],
          "unit": "D"
        },
        "homo": {
          "values": [
            -6.172049794906378,
            -6.511384656938911,
            -6.673736999717355,
            -6.610486758092046
          ],
          "unit": "eV"
        },
        "lumo": {
          "values": [
            0.6192834673058242,
            1.0168318323515355,
            0.7073001615718008,
            1.2856344112597407
          ],
          "unit": "eV"
        },
        "gap": {
          "values": [
            6.658827041035891,
            7.439547527414561,
            7.310272740030289,
            7.851648875403405
          ],
          "unit": "eV"
        }
      },
      "per_mol_mae_display": {
        "mu": {
          "values": [
            1.1114890575408936,
            0.2673431634902954,
            0.8759381771087646,
            0.6325730085372925
          ],
          "unit": "D"
        },
        "homo": {
          "values": [
            0.659020219558478,
            0.6690971165031199,
            0.12367062738835788,
            0.468873751500249
          ],
          "unit": "eV"
        },
        "lumo": {
          "values": [
            0.5208742322791368,
            0.5324689320944249,
            1.3580451257511972,
            0.6788202056132258
          ],
          "unit": "eV"
        },
        "gap": {
          "values": [
            0.0029189332783223776,
            1.1156182175695903,
            1.552480174398422,
            1.103221961188317
          ],
          "unit": "eV"
        }
      }
    },
    "123": {
      "ooo_pred_idx": 0,
      "correct": true,
      "prop_preds_display": {
        "mu": {
          "values": [
            2.6832361221313477,
            1.8974828720092773,
            1.8616127967834473,
            1.6498490571975708
          ],
          "unit": "D"
        },
        "homo": {
          "values": [
            -6.118485694342852,
            -6.454902306324244,
            -6.646584744864702,
            -6.507022081935406
          ],
          "unit": "eV"
        },
        "lumo": {
          "values": [
            0.43688133357316256,
            1.011332692822069,
            0.8048941758133471,
            1.0158082957819106
          ],
          "unit": "eV"
        },
        "gap": {
          "values": [
            6.570413836589456,
            7.329774776220322,
            7.635534557110072,
            7.531247159075737
          ],
          "unit": "eV"
        }
      },