{
  "strategy": "random",
  "set_idx": 9,
  "ground_truth_ooo_idx": 3,
  "molecules": [
    {
      "smiles": "O=CCC12CC1OC=N2",
      "iupac": "O=CCC12CC1OC=N2",
      "properties_raw": {
        "mu": 2.780900001525879,
        "alpha": 68.72000122070312,
        "homo": -0.24459999799728394,
        "lumo": -0.02199999988079071,
        "gap": 0.22259999811649323,
        "r2": 1215.697509765625,
        "zpve": 0.12379699945449829,
        "u0": -437.8861389160156,
        "u298": -437.8782958984375,
        "h298": -437.8773498535156,
        "g298": -437.91961669921875,
        "cv": 28.68199920654297
      },
      "properties_display": {
        "mu": {
          "value": 2.7809,
          "unit": "D"
        },
        "homo": {
          "value": -6.65591,
          "unit": "eV"
        },
        "lumo": {
          "value": -0.59865,
          "unit": "eV"
        },
        "gap": {
          "value": 6.05726,
          "unit": "eV"
        }
      },
      "fg_primary": "Ring O aliph",
      "fg_labels": [
        "O im Ring (cycl. Ether)",
        "C=O am Kettenende (Aldehyd)"
      ],
      "fg_labels_full": [
        "Ring O aliph",
        "Aldehyde"
      ],
      "fg_ring_n_detail_de": [],
      "fg_primary_de": "O im Ring (cycl. Ether)",
      "fg_labels_de": [
        "O im Ring (cycl. Ether)",
        "C=O am Kettenende (Aldehyd)"
      ],
      "mol_formula": "C6H7NO2"
    },
    {
      "smiles": "OC(COC=O)C=O",
      "iupac": "(2-hydroxy-3-oxopropyl) formate",
      "properties_raw": {
        "mu": 4.170499801635742,
        "alpha": 56.5099983215332,
        "homo": -0.27900001406669617,
        "lumo": -0.06109999865293503,
        "gap": 0.21789999306201935,
        "r2": 1202.142822265625,
        "zpve": 0.10423199832439423,
        "u0": -456.83367919921875,
        "u298": -456.82525634765625,
        "h298": -456.8243103027344,
        "g298": -456.8675537109375,
        "cv": 28.37700080871582
      },
      "properties_display": {
        "mu": {
          "value": 4.1705,
          "unit": "D"
        },
        "homo": {
          "value": -7.59198,
          "unit": "eV"
        },
        "lumo": {
          "value": -1.66262,
          "unit": "eV"
        },
        "gap": {
          "value": 5.92936,
          "unit": "eV"
        }
      },
      "fg_primary": "Alcohol",
      "fg_labels": [
        "Ether (–O–)",
        "–OH (Alkohol)",
        "C=O am Kettenende (Aldehyd)"
      ],
      "fg_labels_full": [
        "Alcohol",
        "Ether",
        "Aldehyde"
      ],
      "fg_ring_n_detail_de": [],
      "fg_primary_de": "–OH (Alkohol)",
      "fg_labels_de": [
        "Ether (–O–)",
        "–OH (Alkohol)",
        "C=O am Kettenende (Aldehyd)"
      ],
      "mol_formula": "C4H6O4"
    },
    {
      "smiles": "O=C1CC2C(OC12)C#C",
      "iupac": "O=C1CC2C(OC12)C#C",
      "properties_raw": {
        "mu": 3.5332999229431152,
        "alpha": 72.52999877929688,
        "homo": -0.24240000545978546,
        "lumo": -0.04349999874830246,
        "gap": 0.1988999992609024,
        "r2": 1196.5726318359375,
        "zpve": 0.11069700121879578,
        "u0": -420.56158447265625,
        "u298": -420.5537414550781,
        "h298": -420.55279541015625,
        "g298": -420.5944519042969,
        "cv": 29.315000534057617
      },
      "properties_display": {
        "mu": {
          "value": 3.5333,
          "unit": "D"
        },
        "homo": {
          "value": -6.59604,
          "unit": "eV"
        },
        "lumo": {
          "value": -1.1837,
          "unit": "eV"
        },
        "gap": {
          "value": 5.41235,
          "unit": "eV"
        }
      },
      "fg_primary": "Ring O aliph",
      "fg_labels": [
        "O im Ring (cycl. Ether)",
        "C≡C (Alkin)",
        "C=O in der Kette (Keton)"
      ],
      "fg_labels_full": [
        "Ring O aliph",
        "Ketone",
        "Alkyne"
      ],
      "fg_ring_n_detail_de": [],
      "fg_primary_de": "O im Ring (cycl. Ether)",
      "fg_labels_de": [
        "O im Ring (cycl. Ether)",
        "C≡C (Alkin)",
        "C=O in der Kette (Keton)"
      ],
      "mol_formula": "C7H6O2"
    },
    {
      "smiles": "OC1C(O)C11CCO1",
      "iupac": "OC1C(O)C11CCO1",
      "properties_raw": {
        "mu": 1.7346999645233154,
        "alpha": 60.77000045776367,
        "homo": -0.2168000042438507,
        "lumo": 0.038100000470876694,
        "gap": 0.2549000084400177,
        "r2": 897.763427734375,
        "zpve": 0.12919500470161438,
        "u0": -420.817626953125,
        "u298": -420.8097229003906,
        "h298": -420.80877685546875,
        "g298": -420.8499450683594,
        "cv": 29.128999710083008
      },
      "properties_display": {
        "mu": {
          "value": 1.7347,
          "unit": "D"
        },
        "homo": {
          "value": -5.89943,
          "unit": "eV"
        },
        "lumo": {
          "value": 1.03675,
          "unit": "eV"
        },
        "gap": {
          "value": 6.93619,
          "unit": "eV"
        }
      },
      "fg_primary": "Ring O aliph",
      "fg_labels": [
        "O im Ring (cycl. Ether)",
        "–OH (Alkohol)"
      ],
      "fg_labels_full": [
        "Ring O aliph",
        "Alcohol"
      ],
      "fg_ring_n_detail_de": [],
      "fg_primary_de": "O im Ring (cycl. Ether)",
      "fg_labels_de": [
        "O im Ring (cycl. Ether)",
        "–OH (Alkohol)"
      ],
      "mol_formula": "C5H8O3"
    }
  ],
  "per_seed": {
    "42": {
      "ooo_pred_idx": 2,
      "correct": false,
      "prop_preds_display": {
        "mu": {
          "values": [
            2.7927334308624268,
            3.1147966384887695,
            2.3605074882507324,
            2.3031249046325684
          ],
          "unit": "D"
        },
        "homo": {
          "values": [
            -6.460973174709082,
            -7.273692635804415,
            -6.701131732481718,
            -6.627849879592658
          ],
          "unit": "eV"
        },
        "lumo": {
          "values": [
            0.5177015936128795,
            -0.5158046499833465,
            0.44617486721351746,
            0.832000763316825
          ],
          "unit": "eV"
        },
        "gap": {
          "values": [
            7.080086593228579,
            6.792919759100676,
            7.187531069892645,
            7.444101084184647
          ],
          "unit": "eV"
        }
      },
      "per_mol_mae_display": {
        "mu": {
          "values": [
            0.011833429336547852,
            1.0557031631469727,
            1.1727924346923828,
            0.5684249401092529
          ],
          "unit": "D"
        },
        "homo": {
          "values": [
            0.19493493304848641,
            0.31828829833865147,
            0.10508862258791929,
            0.7284186509549624
          ],
          "unit": "eV"
        },
        "lumo": {
          "values": [
            1.1163523471109569,
            1.1468118413344026,
            1.629870660365373,
            0.20475360641889273
          ],
          "unit": "eV"
        },
        "gap": {
          "values": [
            1.0228294177830222,
            0.863556031531096,
            1.775183753150702,
            0.5079152473926545
          ],
          "unit": "eV"
        }
      }
    },
    "123": {
      "ooo_pred_idx": 0,
      "correct": false,
      "prop_preds_display": {
        "mu": {
          "values": [
            2.691236972808838,
            3.011643171310425,
            2.2681021690368652,
            2.346374988555908
          ],
          "unit": "D"
        },
        "homo": {
          "values": [
            -6.561552444812656,
            -7.133743954527378,
            -6.713382138282061,
            -6.674179379987717
          ],
          "unit": "eV"
        },