{
  "strategy": "random",
  "set_idx": 38,
  "ground_truth_ooo_idx": 1,
  "molecules": [
    {
      "smiles": "CC(CO)CC1CN1C",
      "iupac": "CC(CO)CC1CN1C",
      "properties_raw": {
        "mu": 2.452899932861328,
        "alpha": 86.41000366210938,
        "homo": -0.22050000727176666,
        "lumo": 0.07519999891519547,
        "gap": 0.2957000136375427,
        "r2": 1712.6328125,
        "zpve": 0.21542799472808838,
        "u0": -405.5115661621094,
        "u298": -405.5007019042969,
        "h298": -405.499755859375,
        "g298": -405.5477294921875,
        "cv": 39.81399917602539
      },
      "properties_display": {
        "mu": {
          "value": 2.4529,
          "unit": "D"
        },
        "homo": {
          "value": -6.00011,
          "unit": "eV"
        },
        "lumo": {
          "value": 2.0463,
          "unit": "eV"
        },
        "gap": {
          "value": 8.04641,
          "unit": "eV"
        }
      },
      "fg_primary": "Tertiary amine",
      "fg_labels": [
        "–OH (Alkohol)",
        "tert. Amin (3× C–N)"
      ],
      "fg_labels_full": [
        "Tertiary amine",
        "Alcohol"
      ],
      "fg_ring_n_detail_de": [],
      "fg_primary_de": "tert. Amin (3× C–N)",
      "fg_labels_de": [
        "–OH (Alkohol)",
        "tert. Amin (3× C–N)"
      ],
      "mol_formula": "C7H15NO"
    },
    {
      "smiles": "CC1CC(=O)C2OC12C",
      "iupac": "4,5-dimethyl-6-oxabicyclo[3.1.0]hexan…",
      "properties_raw": {
        "mu": 3.270900011062622,
        "alpha": 75.33999633789062,
        "homo": -0.23839999735355377,
        "lumo": -0.026399999856948853,
        "gap": 0.21199999749660492,
        "r2": 1126.884521484375,
        "zpve": 0.1580280065536499,
        "u0": -423.0509948730469,
        "u298": -423.0423278808594,
        "h298": -423.0413818359375,
        "g298": -423.0840759277344,
        "cv": 33.11399841308594
      },
      "properties_display": {
        "mu": {
          "value": 3.2709,
          "unit": "D"
        },
        "homo": {
          "value": -6.4872,
          "unit": "eV"
        },
        "lumo": {
          "value": -0.71838,
          "unit": "eV"
        },
        "gap": {
          "value": 5.76882,
          "unit": "eV"
        }
      },
      "fg_primary": "Ring O aliph",
      "fg_labels": [
        "O im Ring (cycl. Ether)",
        "C=O in der Kette (Keton)"
      ],
      "fg_labels_full": [
        "Ring O aliph",
        "Ketone"
      ],
      "fg_ring_n_detail_de": [],
      "fg_primary_de": "O im Ring (cycl. Ether)",
      "fg_labels_de": [
        "O im Ring (cycl. Ether)",
        "C=O in der Kette (Keton)"
      ],
      "mol_formula": "C7H10O2"
    },
    {
      "smiles": "CC(O)C1CC2CC12O",
      "iupac": "CC(O)C1CC2CC12O",
      "properties_raw": {
        "mu": 1.4493999481201172,
        "alpha": 78.26000213623047,
        "homo": -0.24050000309944153,
        "lumo": 0.06800000369548798,
        "gap": 0.3084999918937683,
        "r2": 1231.1407470703125,
        "zpve": 0.18099600076675415,
        "u0": -424.19384765625,
        "u298": -424.18438720703125,
        "h298": -424.1834411621094,
        "g298": -424.227783203125,
        "cv": 36.45100021362305
      },
      "properties_display": {
        "mu": {
          "value": 1.4494,
          "unit": "D"
        },
        "homo": {
          "value": -6.54434,
          "unit": "eV"
        },
        "lumo": {
          "value": 1.85038,
          "unit": "eV"
        },
        "gap": {
          "value": 8.39472,
          "unit": "eV"
        }
      },
      "fg_primary": "Alcohol",
      "fg_labels": [
        "–OH (Alkohol)"
      ],
      "fg_labels_full": [
        "Alcohol"
      ],
      "fg_ring_n_detail_de": [],
      "fg_primary_de": "–OH (Alkohol)",
      "fg_labels_de": [
        "–OH (Alkohol)"
      ],
      "mol_formula": "C7H12O2"
    },
    {
      "smiles": "OC1CC2(CC12)N1CC1",
      "iupac": "OC1CC2(CC12)N1CC1",
      "properties_raw": {
        "mu": 1.6247999668121338,
        "alpha": 79.47000122070312,
        "homo": -0.21469999849796295,
        "lumo": 0.07419999688863754,
        "gap": 0.2888999879360199,
        "r2": 1223.445068359375,
        "zpve": 0.17081999778747559,
        "u0": -403.07806396484375,
        "u298": -403.0696716308594,
        "h298": -403.0687255859375,
        "g298": -403.1109924316406,
        "cv": 32.86899948120117
      },
      "properties_display": {
        "mu": {
          "value": 1.6248,
          "unit": "D"
        },
        "homo": {
          "value": -5.84229,
          "unit": "eV"
        },
        "lumo": {
          "value": 2.01909,
          "unit": "eV"
        },
        "gap": {
          "value": 7.86137,
          "unit": "eV"
        }
      },
      "fg_primary": "Tertiary amine",
      "fg_labels": [
        "–OH (Alkohol)",
        "tert. Amin (3× C–N)"
      ],
      "fg_labels_full": [
        "Tertiary amine",
        "Alcohol"
      ],
      "fg_ring_n_detail_de": [],
      "fg_primary_de": "tert. Amin (3× C–N)",
      "fg_labels_de": [
        "–OH (Alkohol)",
        "tert. Amin (3× C–N)"
      ],
      "mol_formula": "C7H11NO"
    }
  ],
  "per_seed": {
    "42": {
      "ooo_pred_idx": 0,
      "correct": false,
      "prop_preds_display": {
        "mu": {
          "values": [
            3.0085408687591553,
            2.281644105911255,
            2.5245730876922607,
            2.6569814682006836
          ],
          "unit": "D"
        },
        "homo": {
          "values": [
            -6.366427063214779,
            -6.546414200070501,
            -6.655220688951016,
            -6.375193977811933
          ],
          "unit": "eV"
        },
        "lumo": {
          "values": [
            0.44508417277745904,
            0.8366714028578252,
            0.5143816128075123,
            0.834722050749883
          ],
          "unit": "eV"
        },
        "gap": {
          "values": [
            6.706508416610957,
            7.378133305829763,
            7.085919849479199,
            7.005600460410118
          ],
          "unit": "eV"
        }
      },
      "per_mol_mae_display": {
        "mu": {
          "values": [
            0.5556409358978271,
            0.9892559051513672,
            1.0751731395721436,
            1.0321815013885498
          ],
          "unit": "D"
        },
        "homo": {
          "values": [
            0.3663135759711267,
            0.059216800931096714,
            0.11087912477254935,
            0.5329064373761421
          ],
          "unit": "eV"
        },
        "lumo": {
          "values": [
            1.6012129005867988,
            1.555052330897376,
            1.3359936818778515,
            1.184363594925776
          ],
          "unit": "eV"
        },
        "gap": {
          "values": [
            1.3399030976712698,
            1.6093168347299098,
            1.3087964133381842,
            0.8557724872827528
          ],
          "unit": "eV"
        }
      }
    },
    "123": {
      "ooo_pred_idx": 1,
      "correct": true,
      "prop_preds_display": {
        "mu": {
          "values": [
            2.8533499240875244,
            2.3974077701568604,
            2.5113489627838135,
            2.6928176879882812
          ],
          "unit": "D"
        },
        "homo": {
          "values": [
            -6.390743380752206,
            -6.523356902459264,
            -6.649744256383181,
            -6.3073119214952
          ],
          "unit": "eV"
        },
        "lumo": {
          "values": [
            0.2710882778853178,
            0.7356758553527296,
            0.20044529832303526,
            0.8934539618067444
          ],
          "unit": "eV"
        },
        "gap": {
          "values": [
            6.770241181170941,
            7.256158806610108,
            6.944713364720345,
            7.1742183026731015
          ],