{
  "strategy": "random",
  "set_idx": 78,
  "ground_truth_ooo_idx": 0,
  "molecules": [
    {
      "smiles": "OC1C(CC1C=O)C=O",
      "iupac": "OC1C(CC1C=O)C=O",
      "properties_raw": {
        "mu": 1.256600022315979,
        "alpha": 69.54000091552734,
        "homo": -0.25519999861717224,
        "lumo": -0.03200000151991844,
        "gap": 0.2231999933719635,
        "r2": 1230.808349609375,
        "zpve": 0.13322900235652924,
        "u0": -458.9637451171875,
        "u298": -458.95452880859375,
        "h298": -458.9535827636719,
        "g298": -458.998779296875,
        "cv": 32.20899963378906
      },
      "properties_display": {
        "mu": {
          "value": 1.2566,
          "unit": "D"
        },
        "homo": {
          "value": -6.94435,
          "unit": "eV"
        },
        "lumo": {
          "value": -0.87076,
          "unit": "eV"
        },
        "gap": {
          "value": 6.07358,
          "unit": "eV"
        }
      },
      "fg_primary": "Alcohol",
      "fg_labels": [
        "–OH (Alkohol)",
        "C=O am Kettenende (Aldehyd)"
      ],
      "fg_labels_full": [
        "Alcohol",
        "Aldehyde"
      ],
      "fg_ring_n_detail_de": [],
      "fg_primary_de": "–OH (Alkohol)",
      "fg_labels_de": [
        "–OH (Alkohol)",
        "C=O am Kettenende (Aldehyd)"
      ],
      "mol_formula": "C6H8O3"
    },
    {
      "smiles": "CC12CC1C=CC2O",
      "iupac": "CC12CC1C=CC2O",
      "properties_raw": {
        "mu": 1.6234999895095825,
        "alpha": 72.0199966430664,
        "homo": -0.23100000619888306,
        "lumo": 0.00839999970048666,
        "gap": 0.2393999993801117,
        "r2": 849.0103149414062,
        "zpve": 0.15417799353599548,
        "u0": -347.8004455566406,
        "u298": -347.79290771484375,
        "h298": -347.7919616699219,
        "g298": -347.8316955566406,
        "cv": 29.781999588012695
      },
      "properties_display": {
        "mu": {
          "value": 1.6235,
          "unit": "D"
        },
        "homo": {
          "value": -6.28583,
          "unit": "eV"
        },
        "lumo": {
          "value": 0.22858,
          "unit": "eV"
        },
        "gap": {
          "value": 6.51441,
          "unit": "eV"
        }
      },
      "fg_primary": "Alcohol",
      "fg_labels": [
        "–OH (Alkohol)",
        "C=C (Alken)"
      ],
      "fg_labels_full": [
        "Alcohol",
        "Alkene"
      ],
      "fg_ring_n_detail_de": [],
      "fg_primary_de": "–OH (Alkohol)",
      "fg_labels_de": [
        "–OH (Alkohol)",
        "C=C (Alken)"
      ],
      "mol_formula": "C7H10O"
    },
    {
      "smiles": "CC1CC2C(O)CC12",
      "iupac": "CC1CC2C(O)CC12",
      "properties_raw": {
        "mu": 1.2908999919891357,
        "alpha": 74.31999969482422,
        "homo": -0.24789999425411224,
        "lumo": 0.07419999688863754,
        "gap": 0.3221000134944916,
        "r2": 965.6701049804688,
        "zpve": 0.17756600677967072,
        "u0": -348.97821044921875,
        "u298": -348.9703063964844,
        "h298": -348.9693603515625,
        "g298": -349.0101623535156,
        "cv": 30.91900062561035
      },
      "properties_display": {
        "mu": {
          "value": 1.2909,
          "unit": "D"
        },
        "homo": {
          "value": -6.74571,
          "unit": "eV"
        },
        "lumo": {
          "value": 2.01909,
          "unit": "eV"
        },
        "gap": {
          "value": 8.76479,
          "unit": "eV"
        }
      },
      "fg_primary": "Alcohol",
      "fg_labels": [
        "–OH (Alkohol)"
      ],
      "fg_labels_full": [
        "Alcohol"
      ],
      "fg_ring_n_detail_de": [],
      "fg_primary_de": "–OH (Alkohol)",
      "fg_labels_de": [
        "–OH (Alkohol)"
      ],
      "mol_formula": "C7H12O"
    },
    {
      "smiles": "CC1CC(CO1)=NO",
      "iupac": "CC1CC(CO1)=NO",
      "properties_raw": {
        "mu": 1.0211000442504883,
        "alpha": 67.29000091552734,
        "homo": -0.2467000037431717,
        "lumo": 0.0034000000450760126,
        "gap": 0.2500999867916107,
        "r2": 1010.7891235351562,
        "zpve": 0.1415719985961914,
        "u0": -400.96734619140625,
        "u298": -400.9593505859375,
        "h298": -400.9584045410156,
        "g298": -400.9997863769531,
        "cv": 29.673999786376953
      },
      "properties_display": {
        "mu": {
          "value": 1.0211,
          "unit": "D"
        },
        "homo": {
          "value": -6.71305,
          "unit": "eV"
        },
        "lumo": {
          "value": 0.09252,
          "unit": "eV"
        },
        "gap": {
          "value": 6.80557,
          "unit": "eV"
        }
      },
      "fg_primary": "Imine C=N-C",
      "fg_labels": [
        "O im Ring (cycl. Ether)",
        "C=N–C (Imin)"
      ],
      "fg_labels_full": [
        "Imine C=N-C",
        "Ring O aliph"
      ],
      "fg_ring_n_detail_de": [],
      "fg_primary_de": "C=N–C (Imin)",
      "fg_labels_de": [
        "O im Ring (cycl. Ether)",
        "C=N–C (Imin)"
      ],
      "mol_formula": "C5H9NO2"
    }
  ],
  "per_seed": {
    "42": {
      "ooo_pred_idx": 0,
      "correct": true,
      "prop_preds_display": {
        "mu": {
          "values": [
            2.9255549907684326,
            1.7831974029541016,
            2.2626662254333496,
            3.2608084678649902
          ],
          "unit": "D"
        },
        "homo": {
          "values": [
            -6.9451431750655175,
            -6.5381192658901215,
            -6.537180576315523,
            -6.504392940163613
          ],
          "unit": "eV"
        },
        "lumo": {
          "values": [
            -0.1735806311942637,
            1.2161738156281412,
            0.6909175956062973,
            -0.4051143956206739
          ],
          "unit": "eV"
        },
        "gap": {
          "values": [
            6.646726663374901,
            7.810046477842331,
            7.107022726464272,
            6.047800544708967
          ],
          "unit": "eV"
        }
      },
      "per_mol_mae_display": {
        "mu": {
          "values": [
            1.6689549684524536,
            0.15969741344451904,
            0.9717662334442139,
            2.239708423614502
          ],
          "unit": "D"
        },
        "homo": {
          "values": [
            0.000794362962245998,
            0.25228590712547305,
            0.20852502823770003,
            0.20865933263301795
          ],
          "unit": "eV"
        },
        "lumo": {
          "values": [
            0.6971841607712209,
            0.987598064442724,
            1.3281680500693618,
            0.49763315737470987
          ],
          "unit": "eV"
        },
        "gap": {
          "values": [
            0.5731425836324693,
            1.2956374125957488,
            1.6577697158575058,
            0.7577700577080249
          ],
          "unit": "eV"
        }
      }
    },
    "123": {
      "ooo_pred_idx": 0,
      "correct": true,
      "prop_preds_display": {
        "mu": {
          "values": [
            2.981133222579956,
            1.6826328039169312,
            2.1711268424987793,
            3.0160534381866455
          ],
          "unit": "D"
        },
        "homo": {
          "values": [
            -6.935092100691795,
            -6.507094257634878,
            -6.575057815724612,
            -6.59732320804894
          ],
          "unit": "eV"
        },
        "lumo": {
          "values": [
            -0.2773979748487473,
            1.152934420631826,
            0.45961389122195545,
            -0.4377338076528162
          ],
          "unit": "eV"
        },
        "gap": {
          "values": [
            6.6378364824146034,
            7.565759307867289,
            7.041513953119517,
            6.143473894655704
          ],
          "unit": "eV"
        }
      },