{
  "strategy": "random",
  "set_idx": 35,
  "ground_truth_ooo_idx": 1,
  "molecules": [
    {
      "smiles": "CC1NC1(C)C#CCO",
      "iupac": "CC1NC1(C)C#CCO",
      "properties_raw": {
        "mu": 1.205199956893921,
        "alpha": 87.20999908447266,
        "homo": -0.23430000245571136,
        "lumo": 0.02329999953508377,
        "gap": 0.25760000944137573,
        "r2": 1804.8203125,
        "zpve": 0.1685190051794052,
        "u0": -403.0951232910156,
        "u298": -403.0843811035156,
        "h298": -403.08343505859375,
        "g298": -403.1321716308594,
        "cv": 37.83000183105469
      },
      "properties_display": {
        "mu": {
          "value": 1.2052,
          "unit": "D"
        },
        "homo": {
          "value": -6.37563,
          "unit": "eV"
        },
        "lumo": {
          "value": 0.63403,
          "unit": "eV"
        },
        "gap": {
          "value": 7.00966,
          "unit": "eV"
        }
      },
      "fg_primary": "Secondary amine",
      "fg_labels": [
        "–OH (Alkohol)",
        "C≡C (Alkin)",
        "–NH– (sekundäres Amin)"
      ],
      "fg_labels_full": [
        "Secondary amine",
        "Alcohol",
        "Alkyne"
      ],
      "fg_ring_n_detail_de": [],
      "fg_primary_de": "–NH– (sekundäres Amin)",
      "fg_labels_de": [
        "–OH (Alkohol)",
        "C≡C (Alkin)",
        "–NH– (sekundäres Amin)"
      ],
      "mol_formula": "C7H11NO"
    },
    {
      "smiles": "CC1C(C#N)N1C",
      "iupac": "1,3-dimethylaziridine-2-carbonitrile",
      "properties_raw": {
        "mu": 3.110300064086914,
        "alpha": 61.91999816894531,
        "homo": -0.24699999392032623,
        "lumo": 0.014399999752640724,
        "gap": 0.2614000141620636,
        "r2": 721.2183837890625,
        "zpve": 0.12435699999332428,
        "u0": -304.6831359863281,
        "u298": -304.6755676269531,
        "h298": -304.67462158203125,
        "g298": -304.71453857421875,
        "cv": 26.812999725341797
      },
      "properties_display": {
        "mu": {
          "value": 3.1103,
          "unit": "D"
        },
        "homo": {
          "value": -6.72122,
          "unit": "eV"
        },
        "lumo": {
          "value": 0.39184,
          "unit": "eV"
        },
        "gap": {
          "value": 7.11306,
          "unit": "eV"
        }
      },
      "fg_primary": "Nitrile",
      "fg_labels": [
        "C≡N (Nitril)"
      ],
      "fg_labels_full": [
        "Nitrile"
      ],
      "fg_ring_n_detail_de": [],
      "fg_primary_de": "C≡N (Nitril)",
      "fg_labels_de": [
        "C≡N (Nitril)"
      ],
      "mol_formula": "C5H8N2"
    },
    {
      "smiles": "C#CC1NCC2CC1O2",
      "iupac": "C#CC1NCC2CC1O2",
      "properties_raw": {
        "mu": 2.629300117492676,
        "alpha": 76.23999786376953,
        "homo": -0.21660000085830688,
        "lumo": 0.04190000146627426,
        "gap": 0.25850000977516174,
        "r2": 1022.792724609375,
        "zpve": 0.14933599531650543,
        "u0": -401.8814392089844,
        "u298": -401.8739013671875,
        "h298": -401.8729553222656,
        "g298": -401.9132995605469,
        "cv": 30.29199981689453
      },
      "properties_display": {
        "mu": {
          "value": 2.6293,
          "unit": "D"
        },
        "homo": {
          "value": -5.89399,
          "unit": "eV"
        },
        "lumo": {
          "value": 1.14016,
          "unit": "eV"
        },
        "gap": {
          "value": 7.03415,
          "unit": "eV"
        }
      },
      "fg_primary": "Ring O aliph",
      "fg_labels": [
        "O im Ring (cycl. Ether)",
        "C≡C (Alkin)",
        "–NH– (sekundäres Amin)"
      ],
      "fg_labels_full": [
        "Ring O aliph",
        "Secondary amine",
        "Alkyne"
      ],
      "fg_ring_n_detail_de": [],
      "fg_primary_de": "O im Ring (cycl. Ether)",
      "fg_labels_de": [
        "O im Ring (cycl. Ether)",
        "C≡C (Alkin)",
        "–NH– (sekundäres Amin)"
      ],
      "mol_formula": "C7H9NO"
    },
    {
      "smiles": "C1CC1C12CC=CC1N2",
      "iupac": "C1CC1C12CC=CC1N2",
      "properties_raw": {
        "mu": 1.5498000383377075,
        "alpha": 83.44000244140625,
        "homo": -0.22439999878406525,
        "lumo": 0.00800000037997961,
        "gap": 0.23240000009536743,
        "r2": 1166.974853515625,
        "zpve": 0.17300400137901306,
        "u0": -365.9850769042969,
        "u298": -365.9773864746094,
        "h298": -365.9764404296875,
        "g298": -366.0173645019531,
        "cv": 31.006000518798828
      },
      "properties_display": {
        "mu": {
          "value": 1.5498,
          "unit": "D"
        },
        "homo": {
          "value": -6.10624,
          "unit": "eV"
        },
        "lumo": {
          "value": 0.21769,
          "unit": "eV"
        },
        "gap": {
          "value": 6.32393,
          "unit": "eV"
        }
      },
      "fg_primary": "Secondary amine",
      "fg_labels": [
        "–NH– (sekundäres Amin)",
        "C=C (Alken)"
      ],
      "fg_labels_full": [
        "Secondary amine",
        "Alkene"
      ],
      "fg_ring_n_detail_de": [],
      "fg_primary_de": "–NH– (sekundäres Amin)",
      "fg_labels_de": [
        "–NH– (sekundäres Amin)",
        "C=C (Alken)"
      ],
      "mol_formula": "C8H11N"
    }
  ],
  "per_seed": {
    "42": {
      "ooo_pred_idx": 1,
      "correct": true,
      "prop_preds_display": {
        "mu": {
          "values": [
            3.073117733001709,
            3.1531059741973877,
            2.5399444103240967,
            2.3498451709747314
          ],
          "unit": "D"
        },
        "homo": {
          "values": [
            -6.495508841425181,
            -6.27022983122468,
            -6.46470644249022,
            -6.378402147105336
          ],
          "unit": "eV"
        },
        "lumo": {
          "values": [
            0.4264986260522157,
            0.1071722972355783,
            0.3924158821243793,
            0.9961436615273357
          ],
          "unit": "eV"
        },
        "gap": {
          "values": [
            6.88429743848443,
            6.216641401773692,
            7.012320099127293,
            7.351911630922556
          ],
          "unit": "eV"
        }
      },
      "per_mol_mae_display": {
        "mu": {
          "values": [
            1.867917776107788,
            0.04280591011047363,
            0.0893557071685791,
            0.8000451326370239
          ],
          "unit": "D"
        },
        "homo": {
          "values": [
            0.11987798586487841,
            0.45098541688323035,
            0.570717356339097,
            0.2721642587691546
          ],
          "unit": "eV"
        },
        "lumo": {
          "values": [
            0.20752694767825303,
            0.28467185616865753,
            0.7477418174605817,
            0.7784524635359645
          ],
          "unit": "eV"
        },
        "gap": {
          "values": [
            0.12535899080634128,
            0.896418595784902,
            0.021826686608791057,
            1.0279823210775856
          ],
          "unit": "eV"
        }
      }
    },
    "123": {
      "ooo_pred_idx": 1,
      "correct": true,
      "prop_preds_display": {
        "mu": {
          "values": [
            3.238685369491577,
            3.262641429901123,
            3.02516508102417,
            2.313558340072632
          ],
          "unit": "D"
        },
        "homo": {
          "values": [
            -6.569695728927851,
            -6.197091924253106,
            -6.476156427893043,
            -6.2926083528757095
          ],
          "unit": "eV"
        },
        "lumo": {
          "values": [
            0.15444506154293194,
            -0.021889130874164404,
            0.049248206612840295,
            1.089955648842454
          ],
          "unit": "eV"
        },